requirement_id,acceptance_id,oracle,threshold,negative_fixture,test_locator,gate,evidence_plan,verdict
REQ-001,ACC-004,"ORACLE-REQ-001-PLAN: required object set equals source-enumerated set; no extra product root; verify fixture-specific expected fields and reject semantic mutation, not merely missing metadata",coverage_ratio=1.00; prohibited_root_count=0,NEG-REQ-001: alter the decisive meaning `建立 one-liner、產品憲章、in-scope/out-of-scope、target users、替代方案、差異化、why-now…` while retaining valid shape; expect ERR-REQ-001-PLAN-SEMANTIC and zero canonical mutation,fixtures/requirements/req-001-one-liner-in-scope-out-of-scope-targ.yaml,GATE-REQ-001-PLAN,"evidence/requirements/req-001/{input,measurement,negative,checker,rollback}.json",NOT_RUN
REQ-002,ACC-003,"ORACLE-REQ-002-INTENT: semantic entailment holds for accepted interpretation and fails for mutation; verify fixture-specific expected fields and reject semantic mutation, not merely missing metadata",accepted_assertions=1/1; rejected_mutation=1/1; authority_violation=0,NEG-REQ-002: alter the decisive meaning `一個平台、單一 Shared Spine、多工廠、Human Authority、Knowledge-to-Software、可證據化演進。` while retaining valid shape; expect ERR-REQ-002-INTENT-SEMANTIC and zero canonical mutation,fixtures/requirements/req-002-shared-spine-human-authority-knowled.yaml,GATE-REQ-002-INTENT,"evidence/requirements/req-002/{input,measurement,negative,checker,rollback}.json",NOT_RUN
REQ-003,ACC-003,"ORACLE-REQ-003-NEED: consumer returns deterministic ACK or field-specific NACK without consulting donor corpus; verify fixture-specific expected fields and reject semantic mutation, not merely missing metadata",required_field_recall=1.00; raw_volume_reads=0,NEG-REQ-003: alter the decisive meaning `其他 AI、產品負責人與工程師在不回查 60 份來源的情況下，能立即理解產品做什麼、不做什麼、由誰裁決。` while retaining valid shape; expect ERR-REQ-003-NEED-SEMANTIC and zero canonical mutation,fixtures/requirements/req-003-ai-60.yaml,GATE-REQ-003-NEED,"evidence/requirements/req-003/{input,measurement,negative,checker,rollback}.json",NOT_RUN
REQ-004,ACC-003,"ORACLE-REQ-004-PAIN: typed detector identifies the named defect and blocks promotion without false acceptance; verify fixture-specific expected fields and reject semantic mutation, not merely missing metadata",named_failure_detected=1; canonical_mutations=0; false_accepts=0,NEG-REQ-004: alter the decisive meaning `來源龐大且名詞密集，容易被誤讀為 Hermes Agent OS、RAG/KG 系統、多智能體聊天群或文件生成器。` while retaining valid shape; expect ERR-REQ-004-PAIN-SEMANTIC and zero canonical mutation,fixtures/requirements/req-004-hermes-agent-os-rag-kg.yaml,GATE-REQ-004-PAIN,"evidence/requirements/req-004/{input,measurement,negative,checker,rollback}.json",NOT_RUN
REQ-005,ACC-001,"ORACLE-REQ-005-TARGET: target metric, measurement method and counter-metric are all reported and thresholded; verify fixture-specific expected fields and reject semantic mutation, not merely missing metadata",measurement_fields=100%; target_met=true or BLOCKED; counter_metric_regression=0,NEG-REQ-005: alter the decisive meaning `形成唯一、穩定、可引用且不受 Provider 變動影響的產品 identity baseline。` while retaining valid shape; expect ERR-REQ-005-TARGET-SEMANTIC and zero canonical mutation,fixtures/requirements/req-005-provider-identity-baseline.yaml,GATE-REQ-005-TARGET,"evidence/requirements/req-005/{input,measurement,negative,checker,rollback}.json",NOT_RUN
REQ-006,ACC-001,"ORACLE-REQ-006-FUNCTION: positive produces typed output; negative/edge produce specified error or bounded degraded result; verify fixture-specific expected fields and reject semantic mutation, not merely missing metadata",positive_pass=1; negative_reject=1; edge_bounded=1,NEG-REQ-006: alter the decisive meaning `對任何新需求先判斷是否屬知識編譯、工程定義、受限執行、證據發布或受控演進；不屬者 route-out 或拒絕擴使命。` while retaining valid shape; expect ERR-REQ-006-FUNCTION-SEMANTIC and zero canonical mutation,fixtures/requirements/req-006-route-out.yaml,GATE-REQ-006-FUNCTION,"evidence/requirements/req-006/{input,measurement,negative,checker,rollback}.json",NOT_RUN
REQ-007,ACC-001,"ORACLE-REQ-007-PURPOSE: purpose chain is complete and no governance/tool detail replaces the core user outcome; verify fixture-specific expected fields and reject semantic mutation, not merely missing metadata",pain_to_mechanism_edges>=1; mechanism_to_evidence_edges>=1; purpose_orphans=0,NEG-REQ-007: alter the decisive meaning `提供全包最高語義錨點，使後續架構、流程、工具、角色與 Gate 都能回到產品理由。` while retaining valid shape; expect ERR-REQ-007-PURPOSE-SEMANTIC and zero canonical mutation,fixtures/requirements/req-007-gate.yaml,GATE-REQ-007-PURPOSE,"evidence/requirements/req-007/{input,measurement,negative,checker,rollback}.json",NOT_RUN
REQ-008,ACC-001,"ORACLE-REQ-008-POSITION: boundary checker rejects the substitution and preserves the canonical owner; verify fixture-specific expected fields and reject semantic mutation, not merely missing metadata",owner_substitution_rejected=1; foreign_writer_count=0; second_root_count=0,NEG-REQ-008: alter the decisive meaning `HG-KSEOS 是產品級工程 OS；Hermes、DocETL、Codex、OpenSpec、GStack、Skills 與 RAG/K…` while retaining valid shape; expect ERR-REQ-008-POSITION-SEMANTIC and zero canonical mutation,fixtures/requirements/req-008-hg-kseos-os-hermes-docetl-codex-open.yaml,GATE-REQ-008-POSITION,"evidence/requirements/req-008/{input,measurement,negative,checker,rollback}.json",NOT_RUN
REQ-009,ACC-002,"ORACLE-REQ-009-PLAN: required object set equals source-enumerated set; no extra product root; verify fixture-specific expected fields and reject semantic mutation, not merely missing metadata",coverage_ratio=1.00; prohibited_root_count=0,NEG-REQ-009: alter the decisive meaning `建立 Original Intent Pack、Upgrade Intent Delta、Rejected Interpretations…` while retaining valid shape; expect ERR-REQ-009-PLAN-SEMANTIC and zero canonical mutation,fixtures/requirements/req-009-original-intent-pack-upgrade-intent-.yaml,GATE-REQ-009-PLAN,"evidence/requirements/req-009/{input,measurement,negative,checker,rollback}.json",NOT_RUN
REQ-010,ACC-002,"ORACLE-REQ-010-INTENT: semantic entailment holds for accepted interpretation and fails for mutation; verify fixture-specific expected fields and reject semantic mutation, not merely missing metadata",accepted_assertions=1/1; rejected_mutation=1/1; authority_violation=0,NEG-REQ-010: alter the decisive meaning `先保存「為何建立」與「不可失去什麼」，再討論工具、架構與升級；升級只能擴展，不能靜默改寫 founding intent。` while retaining valid shape; expect ERR-REQ-010-INTENT-SEMANTIC and zero canonical mutation,fixtures/requirements/req-010-founding-intent.yaml,GATE-REQ-010-INTENT,"evidence/requirements/req-010/{input,measurement,negative,checker,rollback}.json",NOT_RUN
REQ-011,ACC-002,"ORACLE-REQ-011-NEED: consumer returns deterministic ACK or field-specific NACK without consulting donor corpus; verify fixture-specific expected fields and reject semantic mutation, not merely missing metadata",required_field_recall=1.00; raw_volume_reads=0,NEG-REQ-011: alter the decisive meaning `使用者可追查每個新功能是原始需求、升級需求、推論、工具建議或待確認事項。` while retaining valid shape; expect ERR-REQ-011-NEED-SEMANTIC and zero canonical mutation,fixtures/requirements/req-011-artifact.yaml,GATE-REQ-011-NEED,"evidence/requirements/req-011/{input,measurement,negative,checker,rollback}.json",NOT_RUN
REQ-012,ACC-001,"ORACLE-REQ-012-PAIN: typed detector identifies the named defect and blocks promotion without false acceptance; verify fixture-specific expected fields and reject semantic mutation, not merely missing metadata",named_failure_detected=1; canonical_mutations=0; false_accepts=0,NEG-REQ-012: alter the decisive meaning `口語需求被工程術語壓平；舊案例被誤升格為核心使命；新工具便利性反向覆蓋原意。` while retaining valid shape; expect ERR-REQ-012-PAIN-SEMANTIC and zero canonical mutation,fixtures/requirements/req-012-artifact.yaml,GATE-REQ-012-PAIN,"evidence/requirements/req-012/{input,measurement,negative,checker,rollback}.json",NOT_RUN
REQ-013,ACC-002,"ORACLE-REQ-013-TARGET: target metric, measurement method and counter-metric are all reported and thresholded; verify fixture-specific expected fields and reject semantic mutation, not merely missing metadata",measurement_fields=100%; target_met=true or BLOCKED; counter_metric_regression=0,NEG-REQ-013: alter the decisive meaning `任何 requirement、TaskSpec、ChangeSet 與 ReleaseDecision 都能雙向回指原始語句與 inten…` while retaining valid shape; expect ERR-REQ-013-TARGET-SEMANTIC and zero canonical mutation,fixtures/requirements/req-013-requirement-taskspec-changeset-relea.yaml,GATE-REQ-013-TARGET,"evidence/requirements/req-013/{input,measurement,negative,checker,rollback}.json",NOT_RUN
REQ-014,ACC-001,"ORACLE-REQ-014-FUNCTION: positive produces typed output; negative/edge produce specified error or bounded degraded result; verify fixture-specific expected fields and reject semantic mutation, not merely missing metadata",positive_pass=1; negative_reject=1; edge_bounded=1,NEG-REQ-014: alter the decisive meaning `提供 quote-preserving intake、ambiguity ledger、delta classification、free…` while retaining valid shape; expect ERR-REQ-014-FUNCTION-SEMANTIC and zero canonical mutation,fixtures/requirements/req-014-quote-preserving-intake-ambiguity-le.yaml,GATE-REQ-014-FUNCTION,"evidence/requirements/req-014/{input,measurement,negative,checker,rollback}.json",NOT_RUN
REQ-015,ACC-001,"ORACLE-REQ-015-PURPOSE: purpose chain is complete and no governance/tool detail replaces the core user outcome; verify fixture-specific expected fields and reject semantic mutation, not merely missing metadata",pain_to_mechanism_edges>=1; mechanism_to_evidence_edges>=1; purpose_orphans=0,NEG-REQ-015: alter the decisive meaning `防止 Spec Translation Drift，建立從 Raw Voice 到可施工規格的合法轉換鏈。` while retaining valid shape; expect ERR-REQ-015-PURPOSE-SEMANTIC and zero canonical mutation,fixtures/requirements/req-015-spec-translation-drift-raw-voice.yaml,GATE-REQ-015-PURPOSE,"evidence/requirements/req-015/{input,measurement,negative,checker,rollback}.json",NOT_RUN
REQ-016,ACC-002,"ORACLE-REQ-016-POSITION: boundary checker rejects the substitution and preserves the canonical owner; verify fixture-specific expected fields and reject semantic mutation, not merely missing metadata",owner_substitution_rejected=1; foreign_writer_count=0; second_root_count=0,NEG-REQ-016: alter the decisive meaning `Intent 是最高層產品工件，不是 prompt 片段，也不是可由 Agent 自動修正的記憶。` while retaining valid shape; expect ERR-REQ-016-POSITION-SEMANTIC and zero canonical mutation,fixtures/requirements/req-016-intent-prompt-agent.yaml,GATE-REQ-016-POSITION,"evidence/requirements/req-016/{input,measurement,negative,checker,rollback}.json",NOT_RUN
REQ-017,ACC-004,"ORACLE-REQ-017-PLAN: required object set equals source-enumerated set; no extra product root; verify fixture-specific expected fields and reject semantic mutation, not merely missing metadata",coverage_ratio=1.00; prohibited_root_count=0,NEG-REQ-017: alter the decisive meaning `建立 User Segment Card、JUNRESOLVED、authority/needs matrix、RACI、consumer read o…` while retaining valid shape; expect ERR-REQ-017-PLAN-SEMANTIC and zero canonical mutation,fixtures/requirements/req-017-user-segment-card-jUNRESOLVED-authority-nee.yaml,GATE-REQ-017-PLAN,"evidence/requirements/req-017/{input,measurement,negative,checker,rollback}.json",NOT_RUN
REQ-018,ACC-002,"ORACLE-REQ-018-INTENT: semantic entailment holds for accepted interpretation and fails for mutation; verify fixture-specific expected fields and reject semantic mutation, not merely missing metadata",accepted_assertions=1/1; rejected_mutation=1/1; authority_violation=0,NEG-REQ-018: alter the decisive meaning `產品不是服務「抽象 Agent」；它服務需要把大量知識與需求可靠轉成工程成果的人類與受治理執行者。` while retaining valid shape; expect ERR-REQ-018-INTENT-SEMANTIC and zero canonical mutation,fixtures/requirements/req-018-agent.yaml,GATE-REQ-018-INTENT,"evidence/requirements/req-018/{input,measurement,negative,checker,rollback}.json",NOT_RUN
REQ-019,ACC-001,"ORACLE-REQ-019-NEED: consumer returns deterministic ACK or field-specific NACK without consulting donor corpus; verify fixture-specific expected fields and reject semantic mutation, not merely missing metadata",required_field_recall=1.00; raw_volume_reads=0,NEG-REQ-019: alter the decisive meaning `每類使用者獲得符合其工作階段的可讀入口、決策資訊、工件與操作邊界。` while retaining valid shape; expect ERR-REQ-019-NEED-SEMANTIC and zero canonical mutation,fixtures/requirements/req-019-artifact.yaml,GATE-REQ-019-NEED,"evidence/requirements/req-019/{input,measurement,negative,checker,rollback}.json",NOT_RUN
REQ-020,ACC-002,"ORACLE-REQ-020-PAIN: typed detector identifies the named defect and blocks promotion without false acceptance; verify fixture-specific expected fields and reject semantic mutation, not merely missing metadata",named_failure_detected=1; canonical_mutations=0; false_accepts=0,NEG-REQ-020: alter the decisive meaning `文件只按技術主題組織，沒有回答誰使用；角色名稱多但權責重疊；其他 AI 不知從何讀起。` while retaining valid shape; expect ERR-REQ-020-PAIN-SEMANTIC and zero canonical mutation,fixtures/requirements/req-020-ai.yaml,GATE-REQ-020-PAIN,"evidence/requirements/req-020/{input,measurement,negative,checker,rollback}.json",NOT_RUN
REQ-021,ACC-001,"ORACLE-REQ-021-TARGET: target metric, measurement method and counter-metric are all reported and thresholded; verify fixture-specific expected fields and reject semantic mutation, not merely missing metadata",measurement_fields=100%; target_met=true or BLOCKED; counter_metric_regression=0,NEG-REQ-021: alter the decisive meaning `讓不同 consumer 以最少上下文取得足夠工件，且不越權、不重複解讀產品原意。` while retaining valid shape; expect ERR-REQ-021-TARGET-SEMANTIC and zero canonical mutation,fixtures/requirements/req-021-consumer.yaml,GATE-REQ-021-TARGET,"evidence/requirements/req-021/{input,measurement,negative,checker,rollback}.json",NOT_RUN
REQ-022,ACC-003,"ORACLE-REQ-022-FUNCTION: positive produces typed output; negative/edge produce specified error or bounded degraded result; verify fixture-specific expected fields and reject semantic mutation, not merely missing metadata",positive_pass=1; negative_reject=1; edge_bounded=1,NEG-REQ-022: alter the decisive meaning `提供 role-based reader routes、owner/checker/approver/publisher 欄位、hando…` while retaining valid shape; expect ERR-REQ-022-FUNCTION-SEMANTIC and zero canonical mutation,fixtures/requirements/req-022-role-based-reader-routes-owner-check.yaml,GATE-REQ-022-FUNCTION,"evidence/requirements/req-022/{input,measurement,negative,checker,rollback}.json",NOT_RUN
REQ-023,ACC-001,"ORACLE-REQ-023-PURPOSE: purpose chain is complete and no governance/tool detail replaces the core user outcome; verify fixture-specific expected fields and reject semantic mutation, not merely missing metadata",pain_to_mechanism_edges>=1; mechanism_to_evidence_edges>=1; purpose_orphans=0,NEG-REQ-023: alter the decisive meaning `把「可讀文檔包」轉成可被人類與 AI 真正使用的操作介面。` while retaining valid shape; expect ERR-REQ-023-PURPOSE-SEMANTIC and zero canonical mutation,fixtures/requirements/req-023-ai.yaml,GATE-REQ-023-PURPOSE,"evidence/requirements/req-023/{input,measurement,negative,checker,rollback}.json",NOT_RUN
REQ-024,ACC-003,"ORACLE-REQ-024-POSITION: boundary checker rejects the substitution and preserves the canonical owner; verify fixture-specific expected fields and reject semantic mutation, not merely missing metadata",owner_substitution_rejected=1; foreign_writer_count=0; second_root_count=0,NEG-REQ-024: alter the decisive meaning `HG-KSEOS 是多人/多 Agent 的協作控制面；角色是法位與責任，不是 persona 裝飾。` while retaining valid shape; expect ERR-REQ-024-POSITION-SEMANTIC and zero canonical mutation,fixtures/requirements/req-024-hg-kseos-agent-persona.yaml,GATE-REQ-024-POSITION,"evidence/requirements/req-024/{input,measurement,negative,checker,rollback}.json",NOT_RUN
REQ-025,ACC-002,"ORACLE-REQ-025-PLAN: required object set equals source-enumerated set; no extra product root; verify fixture-specific expected fields and reject semantic mutation, not merely missing metadata",coverage_ratio=1.00; prohibited_root_count=0,NEG-REQ-025: alter the decisive meaning `建立 Problem Statement、Pain→Root Cause→Impact→Requirement→Gate 矩陣，區分產品痛…` while retaining valid shape; expect ERR-REQ-025-PLAN-SEMANTIC and zero canonical mutation,fixtures/requirements/req-025-problem-statement-pain-root-cause-im.yaml,GATE-REQ-025-PLAN,"evidence/requirements/req-025/{input,measurement,negative,checker,rollback}.json",NOT_RUN
REQ-026,ACC-002,"ORACLE-REQ-026-INTENT: semantic entailment holds for accepted interpretation and fails for mutation; verify fixture-specific expected fields and reject semantic mutation, not merely missing metadata",accepted_assertions=1/1; rejected_mutation=1/1; authority_violation=0,NEG-REQ-026: alter the decisive meaning `HG-KSEOS 的價值來自解決知識到軟體全鏈斷裂，而不是增加更多 Agent 或工具。` while retaining valid shape; expect ERR-REQ-026-INTENT-SEMANTIC and zero canonical mutation,fixtures/requirements/req-026-hg-kseos-agent.yaml,GATE-REQ-026-INTENT,"evidence/requirements/req-026/{input,measurement,negative,checker,rollback}.json",NOT_RUN
REQ-027,ACC-001,"ORACLE-REQ-027-NEED: consumer returns deterministic ACK or field-specific NACK without consulting donor corpus; verify fixture-specific expected fields and reject semantic mutation, not merely missing metadata",required_field_recall=1.00; raw_volume_reads=0,NEG-REQ-027: alter the decisive meaning `使用者能知道每個模組、工具與 Gate 解決哪個具體問題，以及不用它時的成本與降級方式。` while retaining valid shape; expect ERR-REQ-027-NEED-SEMANTIC and zero canonical mutation,fixtures/requirements/req-027-gate.yaml,GATE-REQ-027-NEED,"evidence/requirements/req-027/{input,measurement,negative,checker,rollback}.json",NOT_RUN
REQ-028,ACC-002,"ORACLE-REQ-028-PAIN: typed detector identifies the named defect and blocks promotion without false acceptance; verify fixture-specific expected fields and reject semantic mutation, not merely missing metadata",named_failure_detected=1; canonical_mutations=0; false_accepts=0,NEG-REQ-028: alter the decisive meaning `方案容易變成 feature/tool catalog，無法證明需求貼合；治理先行可能壓掉核心 Job；局部最佳化造成整體複雜度。` while retaining valid shape; expect ERR-REQ-028-PAIN-SEMANTIC and zero canonical mutation,fixtures/requirements/req-028-feature-tool-catalog-job.yaml,GATE-REQ-028-PAIN,"evidence/requirements/req-028/{input,measurement,negative,checker,rollback}.json",NOT_RUN
REQ-029,ACC-001,"ORACLE-REQ-029-TARGET: target metric, measurement method and counter-metric are all reported and thresholded; verify fixture-specific expected fields and reject semantic mutation, not merely missing metadata",measurement_fields=100%; target_met=true or BLOCKED; counter_metric_regression=0,NEG-REQ-029: alter the decisive meaning `每個重大設計選擇都有明確 problem owner、blast radius、baseline 與 stop condition。` while retaining valid shape; expect ERR-REQ-029-TARGET-SEMANTIC and zero canonical mutation,fixtures/requirements/req-029-problem-owner-blast-radius-baseline-.yaml,GATE-REQ-029-TARGET,"evidence/requirements/req-029/{input,measurement,negative,checker,rollback}.json",NOT_RUN
REQ-030,ACC-002,"ORACLE-REQ-030-FUNCTION: positive produces typed output; negative/edge produce specified error or bounded degraded result; verify fixture-specific expected fields and reject semantic mutation, not merely missing metadata",positive_pass=1; negative_reject=1; edge_bounded=1,NEG-REQ-030: alter the decisive meaning `提供 pain taxonomy、failure mode cards、risk/reward、counter-metric、degrad…` while retaining valid shape; expect ERR-REQ-030-FUNCTION-SEMANTIC and zero canonical mutation,fixtures/requirements/req-030-pain-taxonomy-failure-mode-cards-ris.yaml,GATE-REQ-030-FUNCTION,"evidence/requirements/req-030/{input,measurement,negative,checker,rollback}.json",NOT_RUN
REQ-031,ACC-001,"ORACLE-REQ-031-PURPOSE: purpose chain is complete and no governance/tool detail replaces the core user outcome; verify fixture-specific expected fields and reject semantic mutation, not merely missing metadata",pain_to_mechanism_edges>=1; mechanism_to_evidence_edges>=1; purpose_orphans=0,NEG-REQ-031: alter the decisive meaning `防止過度工程化與「為了治理而治理」，確保所有工程成本服務產品問題。` while retaining valid shape; expect ERR-REQ-031-PURPOSE-SEMANTIC and zero canonical mutation,fixtures/requirements/req-031-artifact.yaml,GATE-REQ-031-PURPOSE,"evidence/requirements/req-031/{input,measurement,negative,checker,rollback}.json",NOT_RUN
REQ-032,ACC-001,"ORACLE-REQ-032-POSITION: boundary checker rejects the substitution and preserves the canonical owner; verify fixture-specific expected fields and reject semantic mutation, not merely missing metadata",owner_substitution_rejected=1; foreign_writer_count=0; second_root_count=0,NEG-REQ-032: alter the decisive meaning `痛點是產品需求的因果基線；工具只能作針對性解法候選。` while retaining valid shape; expect ERR-REQ-032-POSITION-SEMANTIC and zero canonical mutation,fixtures/requirements/req-032-artifact.yaml,GATE-REQ-032-POSITION,"evidence/requirements/req-032/{input,measurement,negative,checker,rollback}.json",NOT_RUN
REQ-033,ACC-001,"ORACLE-REQ-033-PLAN: required object set equals source-enumerated set; no extra product root; verify fixture-specific expected fields and reject semantic mutation, not merely missing metadata",coverage_ratio=1.00; prohibited_root_count=0,NEG-REQ-033: alter the decisive meaning `建立 Value Hypothesis、baseline/target、measurement method、owner、counter-…` while retaining valid shape; expect ERR-REQ-033-PLAN-SEMANTIC and zero canonical mutation,fixtures/requirements/req-033-value-hypothesis-baseline-target-mea.yaml,GATE-REQ-033-PLAN,"evidence/requirements/req-033/{input,measurement,negative,checker,rollback}.json",NOT_RUN
REQ-034,ACC-002,"ORACLE-REQ-034-INTENT: semantic entailment holds for accepted interpretation and fails for mutation; verify fixture-specific expected fields and reject semantic mutation, not merely missing metadata",accepted_assertions=1/1; rejected_mutation=1/1; authority_violation=0,NEG-REQ-034: alter the decisive meaning `成功不是文件數或 Agent 數，而是原意到 release 的閉環品質、速度、可恢復性與錯誤成本下降。` while retaining valid shape; expect ERR-REQ-034-INTENT-SEMANTIC and zero canonical mutation,fixtures/requirements/req-034-agent-release.yaml,GATE-REQ-034-INTENT,"evidence/requirements/req-034/{input,measurement,negative,checker,rollback}.json",NOT_RUN
REQ-035,ACC-001,"ORACLE-REQ-035-NEED: consumer returns deterministic ACK or field-specific NACK without consulting donor corpus; verify fixture-specific expected fields and reject semantic mutation, not merely missing metadata",required_field_recall=1.00; raw_volume_reads=0,NEG-REQ-035: alter the decisive meaning `使用者能判斷 HG-KSEOS 是否真正降低需求遺漏、手動整合、返工、誤發布與 Provider lock-in。` while retaining valid shape; expect ERR-REQ-035-NEED-SEMANTIC and zero canonical mutation,fixtures/requirements/req-035-hg-kseos-provider-lock-in.yaml,GATE-REQ-035-NEED,"evidence/requirements/req-035/{input,measurement,negative,checker,rollback}.json",NOT_RUN
REQ-036,ACC-002,"ORACLE-REQ-036-PAIN: typed detector identifies the named defect and blocks promotion without false acceptance; verify fixture-specific expected fields and reject semantic mutation, not merely missing metadata",named_failure_detected=1; canonical_mutations=0; false_accepts=0,NEG-REQ-036: alter the decisive meaning `狀態與工件很多但沒有 outcome；局部指標容易被優化而犧牲真實品質；無 baseline 無法驗收。` while retaining valid shape; expect ERR-REQ-036-PAIN-SEMANTIC and zero canonical mutation,fixtures/requirements/req-036-outcome-baseline.yaml,GATE-REQ-036-PAIN,"evidence/requirements/req-036/{input,measurement,negative,checker,rollback}.json",NOT_RUN
REQ-037,ACC-001,"ORACLE-REQ-037-TARGET: target metric, measurement method and counter-metric are all reported and thresholded; verify fixture-specific expected fields and reject semantic mutation, not merely missing metadata",measurement_fields=100%; target_met=true or BLOCKED; counter_metric_regression=0,NEG-REQ-037: alter the decisive meaning `建立產品、流程、品質、安全、運維與採用六類 success metrics，並保持人工可解釋。` while retaining valid shape; expect ERR-REQ-037-TARGET-SEMANTIC and zero canonical mutation,fixtures/requirements/req-037-success-metrics.yaml,GATE-REQ-037-TARGET,"evidence/requirements/req-037/{input,measurement,negative,checker,rollback}.json",NOT_RUN
REQ-038,ACC-001,"ORACLE-REQ-038-FUNCTION: positive produces typed output; negative/edge produce specified error or bounded degraded result; verify fixture-specific expected fields and reject semantic mutation, not merely missing metadata",positive_pass=1; negative_reject=1; edge_bounded=1,NEG-REQ-038: alter the decisive meaning `輸出 trace coverage、time-to-frozen-packet、first-pass acceptance、rollbac…` while retaining valid shape; expect ERR-REQ-038-FUNCTION-SEMANTIC and zero canonical mutation,fixtures/requirements/req-038-trace-coverage-time-to-frozen-packet.yaml,GATE-REQ-038-FUNCTION,"evidence/requirements/req-038/{input,measurement,negative,checker,rollback}.json",NOT_RUN
REQ-039,ACC-001,"ORACLE-REQ-039-PURPOSE: purpose chain is complete and no governance/tool detail replaces the core user outcome; verify fixture-specific expected fields and reject semantic mutation, not merely missing metadata",pain_to_mechanism_edges>=1; mechanism_to_evidence_edges>=1; purpose_orphans=0,NEG-REQ-039: alter the decisive meaning `把產品願景轉成可決策 roadmap、pilot 與 release gate。` while retaining valid shape; expect ERR-REQ-039-PURPOSE-SEMANTIC and zero canonical mutation,fixtures/requirements/req-039-roadmap-pilot-release-gate.yaml,GATE-REQ-039-PURPOSE,"evidence/requirements/req-039/{input,measurement,negative,checker,rollback}.json",NOT_RUN
REQ-040,ACC-001,"ORACLE-REQ-040-POSITION: boundary checker rejects the substitution and preserves the canonical owner; verify fixture-specific expected fields and reject semantic mutation, not merely missing metadata",owner_substitution_rejected=1; foreign_writer_count=0; second_root_count=0,NEG-REQ-040: alter the decisive meaning `HG-KSEOS 的競爭力是可證明的工程槓桿，而不是「自主 Agent」敘事。` while retaining valid shape; expect ERR-REQ-040-POSITION-SEMANTIC and zero canonical mutation,fixtures/requirements/req-040-hg-kseos-agent.yaml,GATE-REQ-040-POSITION,"evidence/requirements/req-040/{input,measurement,negative,checker,rollback}.json",NOT_RUN
REQ-041,ACC-095,"ORACLE-REQ-041-PLAN: required object set equals source-enumerated set; no extra product root; verify fixture-specific expected fields and reject semantic mutation, not merely missing metadata",coverage_ratio=1.00; prohibited_root_count=0,NEG-REQ-041: alter the decisive meaning `建立 Mission/Non-goal Registry、scope fence、forbidden claims、route-out d…` while retaining valid shape; expect ERR-REQ-041-PLAN-SEMANTIC and zero canonical mutation,fixtures/requirements/req-041-mission-non-goal-registry-scope-fenc.yaml,GATE-REQ-041-PLAN,"evidence/requirements/req-041/{input,measurement,negative,checker,rollback}.json",NOT_RUN
REQ-042,ACC-095,"ORACLE-REQ-042-INTENT: semantic entailment holds for accepted interpretation and fails for mutation; verify fixture-specific expected fields and reject semantic mutation, not merely missing metadata",accepted_assertions=1/1; rejected_mutation=1/1; authority_violation=0,NEG-REQ-042: alter the decisive meaning `最小充分、Human Authority、Provider 可替換、Fail-Closed、先可證閉環後自動化。` while retaining valid shape; expect ERR-REQ-042-INTENT-SEMANTIC and zero canonical mutation,fixtures/requirements/req-042-human-authority-provider-fail-closed.yaml,GATE-REQ-042-INTENT,"evidence/requirements/req-042/{input,measurement,negative,checker,rollback}.json",NOT_RUN
REQ-043,ACC-001,"ORACLE-REQ-043-NEED: consumer returns deterministic ACK or field-specific NACK without consulting donor corpus; verify fixture-specific expected fields and reject semantic mutation, not merely missing metadata",required_field_recall=1.00; raw_volume_reads=0,NEG-REQ-043: alter the decisive meaning `使用者能防止專案被工具能力、熱門框架或「全自動」期待拖離核心價值。` while retaining valid shape; expect ERR-REQ-043-NEED-SEMANTIC and zero canonical mutation,fixtures/requirements/req-043-artifact.yaml,GATE-REQ-043-NEED,"evidence/requirements/req-043/{input,measurement,negative,checker,rollback}.json",NOT_RUN
REQ-044,ACC-002,"ORACLE-REQ-044-PAIN: typed detector identifies the named defect and blocks promotion without false acceptance; verify fixture-specific expected fields and reject semantic mutation, not merely missing metadata",named_failure_detected=1; canonical_mutations=0; false_accepts=0,NEG-REQ-044: alter the decisive meaning `複雜工程容易持續加功能，導致 P0 不可落地、權限過寬、維護成本失控。` while retaining valid shape; expect ERR-REQ-044-PAIN-SEMANTIC and zero canonical mutation,fixtures/requirements/req-044-p0.yaml,GATE-REQ-044-PAIN,"evidence/requirements/req-044/{input,measurement,negative,checker,rollback}.json",NOT_RUN
REQ-045,ACC-001,"ORACLE-REQ-045-TARGET: target metric, measurement method and counter-metric are all reported and thresholded; verify fixture-specific expected fields and reject semantic mutation, not merely missing metadata",measurement_fields=100%; target_met=true or BLOCKED; counter_metric_regression=0,NEG-REQ-045: alter the decisive meaning `任何新增能力都能判斷 adopt/defer/reject；P0 能在單機上形成可重跑的最小閉環。` while retaining valid shape; expect ERR-REQ-045-TARGET-SEMANTIC and zero canonical mutation,fixtures/requirements/req-045-adopt-defer-reject-p0.yaml,GATE-REQ-045-TARGET,"evidence/requirements/req-045/{input,measurement,negative,checker,rollback}.json",NOT_RUN
REQ-046,ACC-095,"ORACLE-REQ-046-FUNCTION: positive produces typed output; negative/edge produce specified error or bounded degraded result; verify fixture-specific expected fields and reject semantic mutation, not merely missing metadata",positive_pass=1; negative_reject=1; edge_bounded=1,NEG-REQ-046: alter the decisive meaning `提供 scope gate、phase gate、capability state、defer trigger、reversal trig…` while retaining valid shape; expect ERR-REQ-046-FUNCTION-SEMANTIC and zero canonical mutation,fixtures/requirements/req-046-scope-gate-phase-gate-capability-sta.yaml,GATE-REQ-046-FUNCTION,"evidence/requirements/req-046/{input,measurement,negative,checker,rollback}.json",NOT_RUN
REQ-047,ACC-001,"ORACLE-REQ-047-PURPOSE: purpose chain is complete and no governance/tool detail replaces the core user outcome; verify fixture-specific expected fields and reject semantic mutation, not merely missing metadata",pain_to_mechanism_edges>=1; mechanism_to_evidence_edges>=1; purpose_orphans=0,NEG-REQ-047: alter the decisive meaning `維持產品清晰度、成本可控與演進安全。` while retaining valid shape; expect ERR-REQ-047-PURPOSE-SEMANTIC and zero canonical mutation,fixtures/requirements/req-047-artifact.yaml,GATE-REQ-047-PURPOSE,"evidence/requirements/req-047/{input,measurement,negative,checker,rollback}.json",NOT_RUN
REQ-048,ACC-001,"ORACLE-REQ-048-POSITION: boundary checker rejects the substitution and preserves the canonical owner; verify fixture-specific expected fields and reject semantic mutation, not merely missing metadata",owner_substitution_rejected=1; foreign_writer_count=0; second_root_count=0,NEG-REQ-048: alter the decisive meaning `HG-KSEOS 是可漸進擴展的工程 OS，不是所有 Agent/知識/開發技術的全集成展示。` while retaining valid shape; expect ERR-REQ-048-POSITION-SEMANTIC and zero canonical mutation,fixtures/requirements/req-048-hg-kseos-os-agent.yaml,GATE-REQ-048-POSITION,"evidence/requirements/req-048/{input,measurement,negative,checker,rollback}.json",NOT_RUN
REQ-049,ACC-003,"ORACLE-REQ-049-PLAN: required object set equals source-enumerated set; no extra product root; verify fixture-specific expected fields and reject semantic mutation, not merely missing metadata",coverage_ratio=1.00; prohibited_root_count=0,NEG-REQ-049: alter the decisive meaning `建立 RACI、approval token、delegation scope、waiver、separation-of-duties、h…` while retaining valid shape; expect ERR-REQ-049-PLAN-SEMANTIC and zero canonical mutation,fixtures/requirements/req-049-raci-approval-token-delegation-scope.yaml,GATE-REQ-049-PLAN,"evidence/requirements/req-049/{input,measurement,negative,checker,rollback}.json",NOT_RUN
REQ-050,ACC-001,"ORACLE-REQ-050-INTENT: semantic entailment holds for accepted interpretation and fails for mutation; verify fixture-specific expected fields and reject semantic mutation, not merely missing metadata",accepted_assertions=1/1; rejected_mutation=1/1; authority_violation=0,NEG-REQ-050: alter the decisive meaning `Agent 只能在明確法位與 frozen contract 下執行；任何能力都不取得 constitution 或 release au…` while retaining valid shape; expect ERR-REQ-050-INTENT-SEMANTIC and zero canonical mutation,fixtures/requirements/req-050-agent-frozen-contract-constitution-r.yaml,GATE-REQ-050-INTENT,"evidence/requirements/req-050/{input,measurement,negative,checker,rollback}.json",NOT_RUN
REQ-051,ACC-001,"ORACLE-REQ-051-NEED: consumer returns deterministic ACK or field-specific NACK without consulting donor corpus; verify fixture-specific expected fields and reject semantic mutation, not merely missing metadata",required_field_recall=1.00; raw_volume_reads=0,NEG-REQ-051: alter the decisive meaning `使用者可控制高風險變更，知道誰提出、誰執行、誰驗證、誰批准與如何撤銷。` while retaining valid shape; expect ERR-REQ-051-NEED-SEMANTIC and zero canonical mutation,fixtures/requirements/req-051-artifact.yaml,GATE-REQ-051-NEED,"evidence/requirements/req-051/{input,measurement,negative,checker,rollback}.json",NOT_RUN
REQ-052,ACC-003,"ORACLE-REQ-052-PAIN: typed detector identifies the named defect and blocks promotion without false acceptance; verify fixture-specific expected fields and reject semantic mutation, not merely missing metadata",named_failure_detected=1; canonical_mutations=0; false_accepts=0,NEG-REQ-052: alter the decisive meaning `producer 自評、Reviewer 與 writer 同 session、Agent 自擴 scope、工具結果直接發布。` while retaining valid shape; expect ERR-REQ-052-PAIN-SEMANTIC and zero canonical mutation,fixtures/requirements/req-052-producer-reviewer-writer-session-age.yaml,GATE-REQ-052-PAIN,"evidence/requirements/req-052/{input,measurement,negative,checker,rollback}.json",NOT_RUN
REQ-053,ACC-001,"ORACLE-REQ-053-TARGET: target metric, measurement method and counter-metric are all reported and thresholded; verify fixture-specific expected fields and reject semantic mutation, not merely missing metadata",measurement_fields=100%; target_met=true or BLOCKED; counter_metric_regression=0,NEG-REQ-053: alter the decisive meaning `形成可審計、可撤回、可委派但不可混淆的決策權鏈。` while retaining valid shape; expect ERR-REQ-053-TARGET-SEMANTIC and zero canonical mutation,fixtures/requirements/req-053-artifact.yaml,GATE-REQ-053-TARGET,"evidence/requirements/req-053/{input,measurement,negative,checker,rollback}.json",NOT_RUN
REQ-054,ACC-002,"ORACLE-REQ-054-FUNCTION: positive produces typed output; negative/edge produce specified error or bounded degraded result; verify fixture-specific expected fields and reject semantic mutation, not merely missing metadata",positive_pass=1; negative_reject=1; edge_bounded=1,NEG-REQ-054: alter the decisive meaning `提供 approval store、role identity、lease、decision record、waiver constrai…` while retaining valid shape; expect ERR-REQ-054-FUNCTION-SEMANTIC and zero canonical mutation,fixtures/requirements/req-054-approval-store-role-identity-lease-d.yaml,GATE-REQ-054-FUNCTION,"evidence/requirements/req-054/{input,measurement,negative,checker,rollback}.json",NOT_RUN
REQ-055,ACC-001,"ORACLE-REQ-055-PURPOSE: purpose chain is complete and no governance/tool detail replaces the core user outcome; verify fixture-specific expected fields and reject semantic mutation, not merely missing metadata",pain_to_mechanism_edges>=1; mechanism_to_evidence_edges>=1; purpose_orphans=0,NEG-REQ-055: alter the decisive meaning `把自主能力變成可治理的工程生產力，而非不可控代理權。` while retaining valid shape; expect ERR-REQ-055-PURPOSE-SEMANTIC and zero canonical mutation,fixtures/requirements/req-055-artifact.yaml,GATE-REQ-055-PURPOSE,"evidence/requirements/req-055/{input,measurement,negative,checker,rollback}.json",NOT_RUN
REQ-056,ACC-001,"ORACLE-REQ-056-POSITION: boundary checker rejects the substitution and preserves the canonical owner; verify fixture-specific expected fields and reject semantic mutation, not merely missing metadata",owner_substitution_rejected=1; foreign_writer_count=0; second_root_count=0,NEG-REQ-056: alter the decisive meaning `Human Authority 是根法位；其他角色是 delegated capability holders。` while retaining valid shape; expect ERR-REQ-056-POSITION-SEMANTIC and zero canonical mutation,fixtures/requirements/req-056-human-authority-delegated-capability.yaml,GATE-REQ-056-POSITION,"evidence/requirements/req-056/{input,measurement,negative,checker,rollback}.json",NOT_RUN
REQ-057,ACC-009,"ORACLE-REQ-057-PLAN: required object set equals source-enumerated set; no extra product root; verify fixture-specific expected fields and reject semantic mutation, not merely missing metadata",coverage_ratio=1.00; prohibited_root_count=0,NEG-REQ-057: alter the decisive meaning `定義 ProductConstitution、SourceRecord、Intent、Requirement、Task、ChangeSet…` while retaining valid shape; expect ERR-REQ-057-PLAN-SEMANTIC and zero canonical mutation,fixtures/requirements/req-057-productconstitution-sourcerecord-int.yaml,GATE-REQ-057-PLAN,"evidence/requirements/req-057/{input,measurement,negative,checker,rollback}.json",NOT_RUN
REQ-058,ACC-010,"ORACLE-REQ-058-INTENT: semantic entailment holds for accepted interpretation and fails for mutation; verify fixture-specific expected fields and reject semantic mutation, not merely missing metadata",accepted_assertions=1/1; rejected_mutation=1/1; authority_violation=0,NEG-REQ-058: alter the decisive meaning `一個平台可有多 Branch/Provider/View，但只能有一條 authoritative write path。` while retaining valid shape; expect ERR-REQ-058-INTENT-SEMANTIC and zero canonical mutation,fixtures/requirements/req-058-branch-provider-view-authoritative-w.yaml,GATE-REQ-058-INTENT,"evidence/requirements/req-058/{input,measurement,negative,checker,rollback}.json",NOT_RUN
REQ-059,ACC-009,"ORACLE-REQ-059-NEED: consumer returns deterministic ACK or field-specific NACK without consulting donor corpus; verify fixture-specific expected fields and reject semantic mutation, not merely missing metadata",required_field_recall=1.00; raw_volume_reads=0,NEG-REQ-059: alter the decisive meaning `使用者可安全替換 UI、RAG、KG、Memory、Provider 與 Agent，而不失去產品/工程真相。` while retaining valid shape; expect ERR-REQ-059-NEED-SEMANTIC and zero canonical mutation,fixtures/requirements/req-059-ui-rag-kg-memory-provider-agent.yaml,GATE-REQ-059-NEED,"evidence/requirements/req-059/{input,measurement,negative,checker,rollback}.json",NOT_RUN
REQ-060,ACC-010,"ORACLE-REQ-060-PAIN: typed detector identifies the named defect and blocks promotion without false acceptance; verify fixture-specific expected fields and reject semantic mutation, not merely missing metadata",named_failure_detected=1; canonical_mutations=0; false_accepts=0,NEG-REQ-060: alter the decisive meaning `多套記憶、向量、圖譜、Obsidian、Hermes state 或 plugin state 形成平行 SSOT、刪除與重建不一致。` while retaining valid shape; expect ERR-REQ-060-PAIN-SEMANTIC and zero canonical mutation,fixtures/requirements/req-060-obsidian-hermes-state-plugin-state-s.yaml,GATE-REQ-060-PAIN,"evidence/requirements/req-060/{input,measurement,negative,checker,rollback}.json",NOT_RUN
REQ-061,ACC-009,"ORACLE-REQ-061-TARGET: target metric, measurement method and counter-metric are all reported and thresholded; verify fixture-specific expected fields and reject semantic mutation, not merely missing metadata",measurement_fields=100%; target_met=true or BLOCKED; counter_metric_regression=0,NEG-REQ-061: alter the decisive meaning `所有 derived store 可重建、可 tombstone、可 supersede；canonical ID 與 trace 不因工…` while retaining valid shape; expect ERR-REQ-061-TARGET-SEMANTIC and zero canonical mutation,fixtures/requirements/req-061-derived-store-tombstone-supersede-ca.yaml,GATE-REQ-061-TARGET,"evidence/requirements/req-061/{input,measurement,negative,checker,rollback}.json",NOT_RUN
REQ-062,ACC-010,"ORACLE-REQ-062-FUNCTION: positive produces typed output; negative/edge produce specified error or bounded degraded result; verify fixture-specific expected fields and reject semantic mutation, not merely missing metadata",positive_pass=1; negative_reject=1; edge_bounded=1,NEG-REQ-062: alter the decisive meaning `提供 canonical ownership table、write transaction、event transitions、proj…` while retaining valid shape; expect ERR-REQ-062-FUNCTION-SEMANTIC and zero canonical mutation,fixtures/requirements/req-062-canonical-ownership-table-write-tran.yaml,GATE-REQ-062-FUNCTION,"evidence/requirements/req-062/{input,measurement,negative,checker,rollback}.json",NOT_RUN
REQ-063,ACC-011,"ORACLE-REQ-063-PURPOSE: purpose chain is complete and no governance/tool detail replaces the core user outcome; verify fixture-specific expected fields and reject semantic mutation, not merely missing metadata",pain_to_mechanism_edges>=1; mechanism_to_evidence_edges>=1; purpose_orphans=0,NEG-REQ-063: alter the decisive meaning `支撐全系統一致性、替換性、rollback 與 cross-branch trace。` while retaining valid shape; expect ERR-REQ-063-PURPOSE-SEMANTIC and zero canonical mutation,fixtures/requirements/req-063-rollback-cross-branch-trace.yaml,GATE-REQ-063-PURPOSE,"evidence/requirements/req-063/{input,measurement,negative,checker,rollback}.json",NOT_RUN
REQ-064,ACC-010,"ORACLE-REQ-064-POSITION: boundary checker rejects the substitution and preserves the canonical owner; verify fixture-specific expected fields and reject semantic mutation, not merely missing metadata",owner_substitution_rejected=1; foreign_writer_count=0; second_root_count=0,NEG-REQ-064: alter the decisive meaning `Shared Spine 是工程 kernel；Hermes 是 coordination plane；RAG/KG/Memory 是 d…` while retaining valid shape; expect ERR-REQ-064-POSITION-SEMANTIC and zero canonical mutation,fixtures/requirements/req-064-shared-spine-kernel-hermes-coordinat.yaml,GATE-REQ-064-POSITION,"evidence/requirements/req-064/{input,measurement,negative,checker,rollback}.json",NOT_RUN
REQ-065,ACC-016,"ORACLE-REQ-065-PLAN: required object set equals source-enumerated set; no extra product root; verify fixture-specific expected fields and reject semantic mutation, not merely missing metadata",coverage_ratio=1.00; prohibited_root_count=0,NEG-REQ-065: alter the decisive meaning `建立 Artifact Contract Catalog、ProjectGraph、forward/reverse trace、state…` while retaining valid shape; expect ERR-REQ-065-PLAN-SEMANTIC and zero canonical mutation,fixtures/requirements/req-065-artifact-contract-catalog-projectgra.yaml,GATE-REQ-065-PLAN,"evidence/requirements/req-065/{input,measurement,negative,checker,rollback}.json",NOT_RUN
REQ-066,ACC-014,"ORACLE-REQ-066-INTENT: semantic entailment holds for accepted interpretation and fails for mutation; verify fixture-specific expected fields and reject semantic mutation, not merely missing metadata",accepted_assertions=1/1; rejected_mutation=1/1; authority_violation=0,NEG-REQ-066: alter the decisive meaning `自然語言是來源，不是完成狀態；每一階段都要產生可機器驗證又可人工審查的 typed artifact。` while retaining valid shape; expect ERR-REQ-066-INTENT-SEMANTIC and zero canonical mutation,fixtures/requirements/req-066-typed-artifact.yaml,GATE-REQ-066-INTENT,"evidence/requirements/req-066/{input,measurement,negative,checker,rollback}.json",NOT_RUN
REQ-067,ACC-014,"ORACLE-REQ-067-NEED: consumer returns deterministic ACK or field-specific NACK without consulting donor corpus; verify fixture-specific expected fields and reject semantic mutation, not merely missing metadata",required_field_recall=1.00; raw_volume_reads=0,NEG-REQ-067: alter the decisive meaning `其他 AI 能從包中直接生成正確 TaskSpec/ImplementationPacket，而不猜欄位與依賴。` while retaining valid shape; expect ERR-REQ-067-NEED-SEMANTIC and zero canonical mutation,fixtures/requirements/req-067-ai-taskspec-implementationpacket.yaml,GATE-REQ-067-NEED,"evidence/requirements/req-067/{input,measurement,negative,checker,rollback}.json",NOT_RUN
REQ-068,ACC-014,"ORACLE-REQ-068-PAIN: typed detector identifies the named defect and blocks promotion without false acceptance; verify fixture-specific expected fields and reject semantic mutation, not merely missing metadata",named_failure_detected=1; canonical_mutations=0; false_accepts=0,NEG-REQ-068: alter the decisive meaning `文件存在即 PASS、ID/parent/owner 缺失、不同文件相同語句卻語義漂移、下游無法回找原意。` while retaining valid shape; expect ERR-REQ-068-PAIN-SEMANTIC and zero canonical mutation,fixtures/requirements/req-068-pass-id-parent-owner.yaml,GATE-REQ-068-PAIN,"evidence/requirements/req-068/{input,measurement,negative,checker,rollback}.json",NOT_RUN
REQ-069,ACC-014,"ORACLE-REQ-069-TARGET: target metric, measurement method and counter-metric are all reported and thresholded; verify fixture-specific expected fields and reject semantic mutation, not merely missing metadata",measurement_fields=100%; target_met=true or BLOCKED; counter_metric_regression=0,NEG-REQ-069: alter the decisive meaning `達成 requirement-to-release 100% trace、schema-valid、state-valid、version…` while retaining valid shape; expect ERR-REQ-069-TARGET-SEMANTIC and zero canonical mutation,fixtures/requirements/req-069-requirement-to-release-100-trace-sch.yaml,GATE-REQ-069-TARGET,"evidence/requirements/req-069/{input,measurement,negative,checker,rollback}.json",NOT_RUN
REQ-070,ACC-018,"ORACLE-REQ-070-FUNCTION: positive produces typed output; negative/edge produce specified error or bounded degraded result; verify fixture-specific expected fields and reject semantic mutation, not merely missing metadata",positive_pass=1; negative_reject=1; edge_bounded=1,NEG-REQ-070: alter the decisive meaning `輸出 stable IDs、semantic hash、derivesfrom/satisfies/implements/verifies…` while retaining valid shape; expect ERR-REQ-070-FUNCTION-SEMANTIC and zero canonical mutation,fixtures/requirements/req-070-stable-ids-semantic-hash-derivesfrom.yaml,GATE-REQ-070-FUNCTION,"evidence/requirements/req-070/{input,measurement,negative,checker,rollback}.json",NOT_RUN
REQ-071,ACC-014,"ORACLE-REQ-071-PURPOSE: purpose chain is complete and no governance/tool detail replaces the core user outcome; verify fixture-specific expected fields and reject semantic mutation, not merely missing metadata",pain_to_mechanism_edges>=1; mechanism_to_evidence_edges>=1; purpose_orphans=0,NEG-REQ-071: alter the decisive meaning `把文件包從閱讀材料提升為施工與驗收的工程控制載體。` while retaining valid shape; expect ERR-REQ-071-PURPOSE-SEMANTIC and zero canonical mutation,fixtures/requirements/req-071-artifact.yaml,GATE-REQ-071-PURPOSE,"evidence/requirements/req-071/{input,measurement,negative,checker,rollback}.json",NOT_RUN
REQ-072,ACC-014,"ORACLE-REQ-072-POSITION: boundary checker rejects the substitution and preserves the canonical owner; verify fixture-specific expected fields and reject semantic mutation, not merely missing metadata",owner_substitution_rejected=1; foreign_writer_count=0; second_root_count=0,NEG-REQ-072: alter the decisive meaning `ProjectGraph 是 canonical artifacts 的關係投影，不是獨立真相圖譜。` while retaining valid shape; expect ERR-REQ-072-POSITION-SEMANTIC and zero canonical mutation,fixtures/requirements/req-072-projectgraph-canonical-artifacts.yaml,GATE-REQ-072-POSITION,"evidence/requirements/req-072/{input,measurement,negative,checker,rollback}.json",NOT_RUN
REQ-073,ACC-011,"ORACLE-REQ-073-PLAN: required object set equals source-enumerated set; no extra product root; verify fixture-specific expected fields and reject semantic mutation, not merely missing metadata",coverage_ratio=1.00; prohibited_root_count=0,NEG-REQ-073: alter the decisive meaning `為五 Branch 分別定義 input、stages、typed outputs、roles、providers、gates、hando…` while retaining valid shape; expect ERR-REQ-073-PLAN-SEMANTIC and zero canonical mutation,fixtures/requirements/req-073-branch-input-stages-typed-outputs-ro.yaml,GATE-REQ-073-PLAN,"evidence/requirements/req-073/{input,measurement,negative,checker,rollback}.json",NOT_RUN
REQ-074,ACC-009,"ORACLE-REQ-074-INTENT: semantic entailment holds for accepted interpretation and fails for mutation; verify fixture-specific expected fields and reject semantic mutation, not merely missing metadata",accepted_assertions=1/1; rejected_mutation=1/1; authority_violation=0,NEG-REQ-074: alter the decisive meaning `一個平台不是一條線；多工廠共用 identity/trace/evidence，但每個工廠解決不同 Job。` while retaining valid shape; expect ERR-REQ-074-INTENT-SEMANTIC and zero canonical mutation,fixtures/requirements/req-074-identity-trace-evidence-job.yaml,GATE-REQ-074-INTENT,"evidence/requirements/req-074/{input,measurement,negative,checker,rollback}.json",NOT_RUN
REQ-075,ACC-009,"ORACLE-REQ-075-NEED: consumer returns deterministic ACK or field-specific NACK without consulting donor corpus; verify fixture-specific expected fields and reject semantic mutation, not merely missing metadata",required_field_recall=1.00; raw_volume_reads=0,NEG-REQ-075: alter the decisive meaning `使用者可從 corpus、需求、repo、failure 或 domain intent 進入正確 Branch，並獲得可預測輸出。` while retaining valid shape; expect ERR-REQ-075-NEED-SEMANTIC and zero canonical mutation,fixtures/requirements/req-075-corpus-repo-failure-domain-intent-br.yaml,GATE-REQ-075-NEED,"evidence/requirements/req-075/{input,measurement,negative,checker,rollback}.json",NOT_RUN
REQ-076,ACC-009,"ORACLE-REQ-076-PAIN: typed detector identifies the named defect and blocks promotion without false acceptance; verify fixture-specific expected fields and reject semantic mutation, not merely missing metadata",named_failure_detected=1; canonical_mutations=0; false_accepts=0,NEG-REQ-076: alter the decisive meaning `三工廠/五 Branch 被工具或 board card 混成同一路徑；Branch 之間 artifact/type/state 混位。` while retaining valid shape; expect ERR-REQ-076-PAIN-SEMANTIC and zero canonical mutation,fixtures/requirements/req-076-branch-board-card-branch-artifact-ty.yaml,GATE-REQ-076-PAIN,"evidence/requirements/req-076/{input,measurement,negative,checker,rollback}.json",NOT_RUN
REQ-077,ACC-009,"ORACLE-REQ-077-TARGET: target metric, measurement method and counter-metric are all reported and thresholded; verify fixture-specific expected fields and reject semantic mutation, not merely missing metadata",measurement_fields=100%; target_met=true or BLOCKED; counter_metric_regression=0,NEG-REQ-077: alter the decisive meaning `形成四個可重跑閉環：knowledge compilation、engineering definition、execution assu…` while retaining valid shape; expect ERR-REQ-077-TARGET-SEMANTIC and zero canonical mutation,fixtures/requirements/req-077-knowledge-compilation-engineering-de.yaml,GATE-REQ-077-TARGET,"evidence/requirements/req-077/{input,measurement,negative,checker,rollback}.json",NOT_RUN
REQ-078,ACC-010,"ORACLE-REQ-078-FUNCTION: positive produces typed output; negative/edge produce specified error or bounded degraded result; verify fixture-specific expected fields and reject semantic mutation, not merely missing metadata",positive_pass=1; negative_reject=1; edge_bounded=1,NEG-REQ-078: alter the decisive meaning `每 Branch 有專屬 state machine、queue/board projection、artifact contracts、…` while retaining valid shape; expect ERR-REQ-078-FUNCTION-SEMANTIC and zero canonical mutation,fixtures/requirements/req-078-branch-state-machine-queue-board-pro.yaml,GATE-REQ-078-FUNCTION,"evidence/requirements/req-078/{input,measurement,negative,checker,rollback}.json",NOT_RUN
REQ-079,ACC-009,"ORACLE-REQ-079-PURPOSE: purpose chain is complete and no governance/tool detail replaces the core user outcome; verify fixture-specific expected fields and reject semantic mutation, not merely missing metadata",pain_to_mechanism_edges>=1; mechanism_to_evidence_edges>=1; purpose_orphans=0,NEG-REQ-079: alter the decisive meaning `維持產品完整度又避免重複實作相同治理、trace、evidence 基礎。` while retaining valid shape; expect ERR-REQ-079-PURPOSE-SEMANTIC and zero canonical mutation,fixtures/requirements/req-079-trace-evidence.yaml,GATE-REQ-079-PURPOSE,"evidence/requirements/req-079/{input,measurement,negative,checker,rollback}.json",NOT_RUN
REQ-080,ACC-009,"ORACLE-REQ-080-POSITION: boundary checker rejects the substitution and preserves the canonical owner; verify fixture-specific expected fields and reject semantic mutation, not merely missing metadata",owner_substitution_rejected=1; foreign_writer_count=0; second_root_count=0,NEG-REQ-080: alter the decisive meaning `Branch 是產品工作流；Profile/Agent 是執行身份；Provider 是能力綁定，三者不可互換。` while retaining valid shape; expect ERR-REQ-080-POSITION-SEMANTIC and zero canonical mutation,fixtures/requirements/req-080-branch-profile-agent-provider.yaml,GATE-REQ-080-POSITION,"evidence/requirements/req-080/{input,measurement,negative,checker,rollback}.json",NOT_RUN
REQ-081,ACC-006,"ORACLE-REQ-081-PLAN: required object set equals source-enumerated set; no extra product root; verify fixture-specific expected fields and reject semantic mutation, not merely missing metadata",coverage_ratio=1.00; prohibited_root_count=0,NEG-REQ-081: alter the decisive meaning `定義 K00～K16、source inventory/hash/sanitize/unitize/capsule/conflict/co…` while retaining valid shape; expect ERR-REQ-081-PLAN-SEMANTIC and zero canonical mutation,fixtures/requirements/req-081-k00-k16-source-inventory-hash-saniti.yaml,GATE-REQ-081-PLAN,"evidence/requirements/req-081/{input,measurement,negative,checker,rollback}.json",NOT_RUN
REQ-082,ACC-007,"ORACLE-REQ-082-INTENT: semantic entailment holds for accepted interpretation and fails for mutation; verify fixture-specific expected fields and reject semantic mutation, not merely missing metadata",accepted_assertions=1/1; rejected_mutation=1/1; authority_violation=0,NEG-REQ-082: alter the decisive meaning `知識必須保留來源、脈絡、衝突、變更與可讀正文；不是把所有來源塞進 RAG。` while retaining valid shape; expect ERR-REQ-082-INTENT-SEMANTIC and zero canonical mutation,fixtures/requirements/req-082-rag.yaml,GATE-REQ-082-INTENT,"evidence/requirements/req-082/{input,measurement,negative,checker,rollback}.json",NOT_RUN
REQ-083,ACC-005,"ORACLE-REQ-083-NEED: consumer returns deterministic ACK or field-specific NACK without consulting donor corpus; verify fixture-specific expected fields and reject semantic mutation, not merely missing metadata",required_field_recall=1.00; raw_volume_reads=0,NEG-REQ-083: alter the decisive meaning `使用者與其他 AI 可直接讀新包/知識頁，不必回到 raw volumes，且每個 claim 可回源。` while retaining valid shape; expect ERR-REQ-083-NEED-SEMANTIC and zero canonical mutation,fixtures/requirements/req-083-ai-raw-volumes-claim.yaml,GATE-REQ-083-NEED,"evidence/requirements/req-083/{input,measurement,negative,checker,rollback}.json",NOT_RUN
REQ-084,ACC-008,"ORACLE-REQ-084-PAIN: typed detector identifies the named defect and blocks promotion without false acceptance; verify fixture-specific expected fields and reject semantic mutation, not merely missing metadata",named_failure_detected=1; canonical_mutations=0; false_accepts=0,NEG-REQ-084: alter the decisive meaning `raw stuffing、chunk-only retrieval、模型合併矛盾來源、candidate 直接 publish、No-Re…` while retaining valid shape; expect ERR-REQ-084-PAIN-SEMANTIC and zero canonical mutation,fixtures/requirements/req-084-raw-stuffing-chunk-only-retrieval-ca.yaml,GATE-REQ-084-PAIN,"evidence/requirements/req-084/{input,measurement,negative,checker,rollback}.json",NOT_RUN
REQ-085,ACC-005,"ORACLE-REQ-085-TARGET: target metric, measurement method and counter-metric are all reported and thresholded; verify fixture-specific expected fields and reject semantic mutation, not merely missing metadata",measurement_fields=100%; target_met=true or BLOCKED; counter_metric_regression=0,NEG-REQ-085: alter the decisive meaning `建立 SourceCapsule→Candidate Wiki/Skill/Graph/TT→independent verificati…` while retaining valid shape; expect ERR-REQ-085-TARGET-SEMANTIC and zero canonical mutation,fixtures/requirements/req-085-sourcecapsule-candidate-wiki-skill-g.yaml,GATE-REQ-085-TARGET,"evidence/requirements/req-085/{input,measurement,negative,checker,rollback}.json",NOT_RUN
REQ-086,ACC-005,"ORACLE-REQ-086-FUNCTION: positive produces typed output; negative/edge produce specified error or bounded degraded result; verify fixture-specific expected fields and reject semantic mutation, not merely missing metadata",positive_pass=1; negative_reject=1; edge_bounded=1,NEG-REQ-086: alter the decisive meaning `提供 provenance、citation、coverage/conflict、supersession/tombstone、rebui…` while retaining valid shape; expect ERR-REQ-086-FUNCTION-SEMANTIC and zero canonical mutation,fixtures/requirements/req-086-provenance-citation-coverage-conflic.yaml,GATE-REQ-086-FUNCTION,"evidence/requirements/req-086/{input,measurement,negative,checker,rollback}.json",NOT_RUN
REQ-087,ACC-005,"ORACLE-REQ-087-PURPOSE: purpose chain is complete and no governance/tool detail replaces the core user outcome; verify fixture-specific expected fields and reject semantic mutation, not merely missing metadata",pain_to_mechanism_edges>=1; mechanism_to_evidence_edges>=1; purpose_orphans=0,NEG-REQ-087: alter the decisive meaning `支撐 HG-KSEOS 的知識分支與全部下游 engineering context。` while retaining valid shape; expect ERR-REQ-087-PURPOSE-SEMANTIC and zero canonical mutation,fixtures/requirements/req-087-hg-kseos-engineering-context.yaml,GATE-REQ-087-PURPOSE,"evidence/requirements/req-087/{input,measurement,negative,checker,rollback}.json",NOT_RUN
REQ-088,ACC-005,"ORACLE-REQ-088-POSITION: boundary checker rejects the substitution and preserves the canonical owner; verify fixture-specific expected fields and reject semantic mutation, not merely missing metadata",owner_substitution_rejected=1; foreign_writer_count=0; second_root_count=0,NEG-REQ-088: alter the decisive meaning `Git Markdown/Source Ledger 是 canonical knowledge；DocETL/LLM Wiki/RAG/…` while retaining valid shape; expect ERR-REQ-088-POSITION-SEMANTIC and zero canonical mutation,fixtures/requirements/req-088-git-markdown-source-ledger-canonical.yaml,GATE-REQ-088-POSITION,"evidence/requirements/req-088/{input,measurement,negative,checker,rollback}.json",NOT_RUN
REQ-089,ACC-002,"ORACLE-REQ-089-PLAN: required object set equals source-enumerated set; no extra product root; verify fixture-specific expected fields and reject semantic mutation, not merely missing metadata",coverage_ratio=1.00; prohibited_root_count=0,NEG-REQ-089: alter the decisive meaning `採 Intent→ontology→PRD/SRS→SDD/ADR→TaskSpec/Test/Security→Implementati…` while retaining valid shape; expect ERR-REQ-089-PLAN-SEMANTIC and zero canonical mutation,fixtures/requirements/req-089-intent-ontology-prd-srs-sdd-adr-task.yaml,GATE-REQ-089-PLAN,"evidence/requirements/req-089/{input,measurement,negative,checker,rollback}.json",NOT_RUN
REQ-090,ACC-002,"ORACLE-REQ-090-INTENT: semantic entailment holds for accepted interpretation and fails for mutation; verify fixture-specific expected fields and reject semantic mutation, not merely missing metadata",accepted_assertions=1/1; rejected_mutation=1/1; authority_violation=0,NEG-REQ-090: alter the decisive meaning `先定義問題、邊界、契約與驗收，再允許 coding；方法論可借用但 canonical artifact 必須 HG-KSEOS-nati…` while retaining valid shape; expect ERR-REQ-090-INTENT-SEMANTIC and zero canonical mutation,fixtures/requirements/req-090-coding-canonical-artifact-hg-kseos-n.yaml,GATE-REQ-090-INTENT,"evidence/requirements/req-090/{input,measurement,negative,checker,rollback}.json",NOT_RUN
REQ-091,ACC-001,"ORACLE-REQ-091-NEED: consumer returns deterministic ACK or field-specific NACK without consulting donor corpus; verify fixture-specific expected fields and reject semantic mutation, not merely missing metadata",required_field_recall=1.00; raw_volume_reads=0,NEG-REQ-091: alter the decisive meaning `其他 AI/工程師收到 frozen packet 即可施工，不需重新解讀產品文件或自行補需求。` while retaining valid shape; expect ERR-REQ-091-NEED-SEMANTIC and zero canonical mutation,fixtures/requirements/req-091-ai-frozen-packet.yaml,GATE-REQ-091-NEED,"evidence/requirements/req-091/{input,measurement,negative,checker,rollback}.json",NOT_RUN
REQ-092,ACC-002,"ORACLE-REQ-092-PAIN: typed detector identifies the named defect and blocks promotion without false acceptance; verify fixture-specific expected fields and reject semantic mutation, not merely missing metadata",named_failure_detected=1; canonical_mutations=0; false_accepts=0,NEG-REQ-092: alter the decisive meaning `feature list 當 PRD、ADR 無 alternatives/reversal、TaskSpec 無 test/rollba…` while retaining valid shape; expect ERR-REQ-092-PAIN-SEMANTIC and zero canonical mutation,fixtures/requirements/req-092-feature-list-prd-adr-alternatives-re.yaml,GATE-REQ-092-PAIN,"evidence/requirements/req-092/{input,measurement,negative,checker,rollback}.json",NOT_RUN
REQ-093,ACC-001,"ORACLE-REQ-093-TARGET: target metric, measurement method and counter-metric are all reported and thresholded; verify fixture-specific expected fields and reject semantic mutation, not merely missing metadata",measurement_fields=100%; target_met=true or BLOCKED; counter_metric_regression=0,NEG-REQ-093: alter the decisive meaning `產出完整、可驗收、可版本化且可 route-out 的 ImplementationPacket。` while retaining valid shape; expect ERR-REQ-093-TARGET-SEMANTIC and zero canonical mutation,fixtures/requirements/req-093-route-out-implementationpacket.yaml,GATE-REQ-093-TARGET,"evidence/requirements/req-093/{input,measurement,negative,checker,rollback}.json",NOT_RUN
REQ-094,ACC-001,"ORACLE-REQ-094-FUNCTION: positive produces typed output; negative/edge produce specified error or bounded degraded result; verify fixture-specific expected fields and reject semantic mutation, not merely missing metadata",positive_pass=1; negative_reject=1; edge_bounded=1,NEG-REQ-094: alter the decisive meaning `提供 Grill Me/Grill-with-docs、Product Ontology、requirement graph、spec c…` while retaining valid shape; expect ERR-REQ-094-FUNCTION-SEMANTIC and zero canonical mutation,fixtures/requirements/req-094-grill-me-grill-with-docs-product-ont.yaml,GATE-REQ-094-FUNCTION,"evidence/requirements/req-094/{input,measurement,negative,checker,rollback}.json",NOT_RUN
REQ-095,ACC-001,"ORACLE-REQ-095-PURPOSE: purpose chain is complete and no governance/tool detail replaces the core user outcome; verify fixture-specific expected fields and reject semantic mutation, not merely missing metadata",pain_to_mechanism_edges>=1; mechanism_to_evidence_edges>=1; purpose_orphans=0,NEG-REQ-095: alter the decisive meaning `作為知識與程式之間的工程定義橋樑。` while retaining valid shape; expect ERR-REQ-095-PURPOSE-SEMANTIC and zero canonical mutation,fixtures/requirements/req-095-artifact.yaml,GATE-REQ-095-PURPOSE,"evidence/requirements/req-095/{input,measurement,negative,checker,rollback}.json",NOT_RUN
REQ-096,ACC-004,"ORACLE-REQ-096-POSITION: boundary checker rejects the substitution and preserves the canonical owner; verify fixture-specific expected fields and reject semantic mutation, not merely missing metadata",owner_substitution_rejected=1; foreign_writer_count=0; second_root_count=0,NEG-REQ-096: alter the decisive meaning `HLPE 是 Engineering Definition Branch/工廠，不是第二 Shared Spine 或 runtime o…` while retaining valid shape; expect ERR-REQ-096-POSITION-SEMANTIC and zero canonical mutation,fixtures/requirements/req-096-hlpe-engineering-definition-branch-s.yaml,GATE-REQ-096-POSITION,"evidence/requirements/req-096/{input,measurement,negative,checker,rollback}.json",NOT_RUN
REQ-097,ACC-031,"ORACLE-REQ-097-PLAN: required object set equals source-enumerated set; no extra product root; verify fixture-specific expected fields and reject semantic mutation, not merely missing metadata",coverage_ratio=1.00; prohibited_root_count=0,NEG-REQ-097: alter the decisive meaning `Codex primary/OpenCode fallback 或 reviewer；每任務綁 base commit、branch/wo…` while retaining valid shape; expect ERR-REQ-097-PLAN-SEMANTIC and zero canonical mutation,fixtures/requirements/req-097-codex-primary-opencode-fallback-revi.yaml,GATE-REQ-097-PLAN,"evidence/requirements/req-097/{input,measurement,negative,checker,rollback}.json",NOT_RUN
REQ-098,ACC-030,"ORACLE-REQ-098-INTENT: semantic entailment holds for accepted interpretation and fails for mutation; verify fixture-specific expected fields and reject semantic mutation, not merely missing metadata",accepted_assertions=1/1; rejected_mutation=1/1; authority_violation=0,NEG-REQ-098: alter the decisive meaning `Coding Agent 是受限 writer，不是需求、架構、驗收或發布權威。` while retaining valid shape; expect ERR-REQ-098-INTENT-SEMANTIC and zero canonical mutation,fixtures/requirements/req-098-coding-agent-writer.yaml,GATE-REQ-098-INTENT,"evidence/requirements/req-098/{input,measurement,negative,checker,rollback}.json",NOT_RUN
REQ-099,ACC-063,"ORACLE-REQ-099-NEED: consumer returns deterministic ACK or field-specific NACK without consulting donor corpus; verify fixture-specific expected fields and reject semantic mutation, not merely missing metadata",required_field_recall=1.00; raw_volume_reads=0,NEG-REQ-099: alter the decisive meaning `使用者能將文檔包直接交給執行者，得到可審查 patch 而非不可追蹤聊天輸出。` while retaining valid shape; expect ERR-REQ-099-NEED-SEMANTIC and zero canonical mutation,fixtures/requirements/req-099-patch.yaml,GATE-REQ-099-NEED,"evidence/requirements/req-099/{input,measurement,negative,checker,rollback}.json",NOT_RUN
REQ-100,ACC-030,"ORACLE-REQ-100-PAIN: typed detector identifies the named defect and blocks promotion without false acceptance; verify fixture-specific expected fields and reject semantic mutation, not merely missing metadata",named_failure_detected=1; canonical_mutations=0; false_accepts=0,NEG-REQ-100: alter the decisive meaning `共享可寫工作區、Agent 自改 scope、base drift、未測試 commit、producer 自評、GPT A 假稱已修改 …` while retaining valid shape; expect ERR-REQ-100-PAIN-SEMANTIC and zero canonical mutation,fixtures/requirements/req-100-agent-scope-base-drift-commit-produc.yaml,GATE-REQ-100-PAIN,"evidence/requirements/req-100/{input,measurement,negative,checker,rollback}.json",NOT_RUN
REQ-101,ACC-030,"ORACLE-REQ-101-TARGET: target metric, measurement method and counter-metric are all reported and thresholded; verify fixture-specific expected fields and reject semantic mutation, not merely missing metadata",measurement_fields=100%; target_met=true or BLOCKED; counter_metric_regression=0,NEG-REQ-101: alter the decisive meaning `建立 issue/task-to-ChangeSet-to-PR-to-evidence 的可重放交付閉環。` while retaining valid shape; expect ERR-REQ-101-TARGET-SEMANTIC and zero canonical mutation,fixtures/requirements/req-101-issue-task-to-changeset-to-pr-to-evi.yaml,GATE-REQ-101-TARGET,"evidence/requirements/req-101/{input,measurement,negative,checker,rollback}.json",NOT_RUN
REQ-102,ACC-030,"ORACLE-REQ-102-FUNCTION: positive produces typed output; negative/edge produce specified error or bounded degraded result; verify fixture-specific expected fields and reject semantic mutation, not merely missing metadata",positive_pass=1; negative_reject=1; edge_bounded=1,NEG-REQ-102: alter the decisive meaning `提供 repo inventory、worktree lease、pre/dry/post validation、test/repair …` while retaining valid shape; expect ERR-REQ-102-FUNCTION-SEMANTIC and zero canonical mutation,fixtures/requirements/req-102-repo-inventory-worktree-lease-pre-dr.yaml,GATE-REQ-102-FUNCTION,"evidence/requirements/req-102/{input,measurement,negative,checker,rollback}.json",NOT_RUN
REQ-103,ACC-062,"ORACLE-REQ-103-PURPOSE: purpose chain is complete and no governance/tool detail replaces the core user outcome; verify fixture-specific expected fields and reject semantic mutation, not merely missing metadata",pain_to_mechanism_edges>=1; mechanism_to_evidence_edges>=1; purpose_orphans=0,NEG-REQ-103: alter the decisive meaning `把工程定義轉成真實程式變更，同時保留人類控制與 rollback。` while retaining valid shape; expect ERR-REQ-103-PURPOSE-SEMANTIC and zero canonical mutation,fixtures/requirements/req-103-rollback.yaml,GATE-REQ-103-PURPOSE,"evidence/requirements/req-103/{input,measurement,negative,checker,rollback}.json",NOT_RUN
REQ-104,ACC-030,"ORACLE-REQ-104-POSITION: boundary checker rejects the substitution and preserves the canonical owner; verify fixture-specific expected fields and reject semantic mutation, not merely missing metadata",owner_substitution_rejected=1; foreign_writer_count=0; second_root_count=0,NEG-REQ-104: alter the decisive meaning `Codex/OpenCode 是 Provider/Writer；SRUOROCHI 是外部 execution/evidence pla…` while retaining valid shape; expect ERR-REQ-104-POSITION-SEMANTIC and zero canonical mutation,fixtures/requirements/req-104-codex-opencode-provider-writer-sruor.yaml,GATE-REQ-104-POSITION,"evidence/requirements/req-104/{input,measurement,negative,checker,rollback}.json",NOT_RUN
REQ-105,ACC-086,"ORACLE-REQ-105-PLAN: required object set equals source-enumerated set; no extra product root; verify fixture-specific expected fields and reject semantic mutation, not merely missing metadata",coverage_ratio=1.00; prohibited_root_count=0,NEG-REQ-105: alter the decisive meaning `建立 Candidate Registry、experiment plan、frozen evaluator、holdout/counte…` while retaining valid shape; expect ERR-REQ-105-PLAN-SEMANTIC and zero canonical mutation,fixtures/requirements/req-105-candidate-registry-experiment-plan-f.yaml,GATE-REQ-105-PLAN,"evidence/requirements/req-105/{input,measurement,negative,checker,rollback}.json",NOT_RUN
REQ-106,ACC-087,"ORACLE-REQ-106-INTENT: semantic entailment holds for accepted interpretation and fails for mutation; verify fixture-specific expected fields and reject semantic mutation, not merely missing metadata",accepted_assertions=1/1; rejected_mutation=1/1; authority_violation=0,NEG-REQ-106: alter the decisive meaning `系統可學習但不能自動改寫 constitution、evaluator 或 release policy；演進是受治理 promotion。` while retaining valid shape; expect ERR-REQ-106-INTENT-SEMANTIC and zero canonical mutation,fixtures/requirements/req-106-constitution-evaluator-release-polic.yaml,GATE-REQ-106-INTENT,"evidence/requirements/req-106/{input,measurement,negative,checker,rollback}.json",NOT_RUN
REQ-107,ACC-086,"ORACLE-REQ-107-NEED: consumer returns deterministic ACK or field-specific NACK without consulting donor corpus; verify fixture-specific expected fields and reject semantic mutation, not merely missing metadata",required_field_recall=1.00; raw_volume_reads=0,NEG-REQ-107: alter the decisive meaning `使用者能把成功模式複用、把失敗轉成改進，同時防止自我強化錯誤。` while retaining valid shape; expect ERR-REQ-107-NEED-SEMANTIC and zero canonical mutation,fixtures/requirements/req-107-artifact.yaml,GATE-REQ-107-NEED,"evidence/requirements/req-107/{input,measurement,negative,checker,rollback}.json",NOT_RUN
REQ-108,ACC-086,"ORACLE-REQ-108-PAIN: typed detector identifies the named defect and blocks promotion without false acceptance; verify fixture-specific expected fields and reject semantic mutation, not merely missing metadata",named_failure_detected=1; canonical_mutations=0; false_accepts=0,NEG-REQ-108: alter the decisive meaning `RSI 無治理、用同一資料自評、evaluator 被改、技能/記憶直接進 production、domain 專案分叉 Shared S…` while retaining valid shape; expect ERR-REQ-108-PAIN-SEMANTIC and zero canonical mutation,fixtures/requirements/req-108-rsi-evaluator-production-domain-shar.yaml,GATE-REQ-108-PAIN,"evidence/requirements/req-108/{input,measurement,negative,checker,rollback}.json",NOT_RUN
REQ-109,ACC-086,"ORACLE-REQ-109-TARGET: target metric, measurement method and counter-metric are all reported and thresholded; verify fixture-specific expected fields and reject semantic mutation, not merely missing metadata",measurement_fields=100%; target_met=true or BLOCKED; counter_metric_regression=0,NEG-REQ-109: alter the decisive meaning `形成可逆、可比較、可拒絕的演進機制與可生成領域工廠胚胎。` while retaining valid shape; expect ERR-REQ-109-TARGET-SEMANTIC and zero canonical mutation,fixtures/requirements/req-109-artifact.yaml,GATE-REQ-109-TARGET,"evidence/requirements/req-109/{input,measurement,negative,checker,rollback}.json",NOT_RUN
REQ-110,ACC-087,"ORACLE-REQ-110-FUNCTION: positive produces typed output; negative/edge produce specified error or bounded degraded result; verify fixture-specific expected fields and reject semantic mutation, not merely missing metadata",positive_pass=1; negative_reject=1; edge_bounded=1,NEG-REQ-110: alter the decisive meaning `提供 experiment isolation、versioned candidate、holdout/replay、promotion …` while retaining valid shape; expect ERR-REQ-110-FUNCTION-SEMANTIC and zero canonical mutation,fixtures/requirements/req-110-experiment-isolation-versioned-candi.yaml,GATE-REQ-110-FUNCTION,"evidence/requirements/req-110/{input,measurement,negative,checker,rollback}.json",NOT_RUN
REQ-111,ACC-086,"ORACLE-REQ-111-PURPOSE: purpose chain is complete and no governance/tool detail replaces the core user outcome; verify fixture-specific expected fields and reject semantic mutation, not merely missing metadata",pain_to_mechanism_edges>=1; mechanism_to_evidence_edges>=1; purpose_orphans=0,NEG-REQ-111: alter the decisive meaning `建立持續改進與領域擴展能力而不破壞核心權威。` while retaining valid shape; expect ERR-REQ-111-PURPOSE-SEMANTIC and zero canonical mutation,fixtures/requirements/req-111-artifact.yaml,GATE-REQ-111-PURPOSE,"evidence/requirements/req-111/{input,measurement,negative,checker,rollback}.json",NOT_RUN
REQ-112,ACC-086,"ORACLE-REQ-112-POSITION: boundary checker rejects the substitution and preserves the canonical owner; verify fixture-specific expected fields and reject semantic mutation, not merely missing metadata",owner_substitution_rejected=1; foreign_writer_count=0; second_root_count=0,NEG-REQ-112: alter the decisive meaning `Evolution Lab 是候選評估平面；Domain Factory 是 Shared Spine extension，均非自主 po…` while retaining valid shape; expect ERR-REQ-112-POSITION-SEMANTIC and zero canonical mutation,fixtures/requirements/req-112-evolution-lab-domain-factory-shared-.yaml,GATE-REQ-112-POSITION,"evidence/requirements/req-112/{input,measurement,negative,checker,rollback}.json",NOT_RUN
REQ-113,ACC-048,"ORACLE-REQ-113-PLAN: required object set equals source-enumerated set; no extra product root; verify fixture-specific expected fields and reject semantic mutation, not merely missing metadata",coverage_ratio=1.00; prohibited_root_count=0,NEG-REQ-113: alter the decisive meaning `定義 topology admission、TaskDAG、agent identity/capability/permission、wo…` while retaining valid shape; expect ERR-REQ-113-PLAN-SEMANTIC and zero canonical mutation,fixtures/requirements/req-113-topology-admission-taskdag-agent-ide.yaml,GATE-REQ-113-PLAN,"evidence/requirements/req-113/{input,measurement,negative,checker,rollback}.json",NOT_RUN
REQ-114,ACC-048,"ORACLE-REQ-114-INTENT: semantic entailment holds for accepted interpretation and fails for mutation; verify fixture-specific expected fields and reject semantic mutation, not merely missing metadata",accepted_assertions=1/1; rejected_mutation=1/1; authority_violation=0,NEG-REQ-114: alter the decisive meaning `多智能體是受限執行拓撲，不是產品主體；複雜度必須由收益與風險證明。` while retaining valid shape; expect ERR-REQ-114-INTENT-SEMANTIC and zero canonical mutation,fixtures/requirements/req-114-artifact.yaml,GATE-REQ-114-INTENT,"evidence/requirements/req-114/{input,measurement,negative,checker,rollback}.json",NOT_RUN
REQ-115,ACC-048,"ORACLE-REQ-115-NEED: consumer returns deterministic ACK or field-specific NACK without consulting donor corpus; verify fixture-specific expected fields and reject semantic mutation, not merely missing metadata",required_field_recall=1.00; raw_volume_reads=0,NEG-REQ-115: alter the decisive meaning `使用者能在需要時取得並行/專業化收益，但不承擔無界 swarm 與責任不清。` while retaining valid shape; expect ERR-REQ-115-NEED-SEMANTIC and zero canonical mutation,fixtures/requirements/req-115-swarm.yaml,GATE-REQ-115-NEED,"evidence/requirements/req-115/{input,measurement,negative,checker,rollback}.json",NOT_RUN
REQ-116,ACC-049,"ORACLE-REQ-116-PAIN: typed detector identifies the named defect and blocks promotion without false acceptance; verify fixture-specific expected fields and reject semantic mutation, not merely missing metadata",named_failure_detected=1; canonical_mutations=0; false_accepts=0,NEG-REQ-116: alter the decisive meaning `Agent 數量先行、共享狀態/工作區、消息重複、delegation scope 漂移、無最終 owner。` while retaining valid shape; expect ERR-REQ-116-PAIN-SEMANTIC and zero canonical mutation,fixtures/requirements/req-116-agent-delegation-scope-owner.yaml,GATE-REQ-116-PAIN,"evidence/requirements/req-116/{input,measurement,negative,checker,rollback}.json",NOT_RUN
REQ-117,ACC-048,"ORACLE-REQ-117-TARGET: target metric, measurement method and counter-metric are all reported and thresholded; verify fixture-specific expected fields and reject semantic mutation, not merely missing metadata",measurement_fields=100%; target_met=true or BLOCKED; counter_metric_regression=0,NEG-REQ-117: alter the decisive meaning `建立可預測、可取消、可降級為 single-agent/manual 的協作。` while retaining valid shape; expect ERR-REQ-117-TARGET-SEMANTIC and zero canonical mutation,fixtures/requirements/req-117-single-agent-manual.yaml,GATE-REQ-117-TARGET,"evidence/requirements/req-117/{input,measurement,negative,checker,rollback}.json",NOT_RUN
REQ-118,ACC-048,"ORACLE-REQ-118-FUNCTION: positive produces typed output; negative/edge produce specified error or bounded degraded result; verify fixture-specific expected fields and reject semantic mutation, not merely missing metadata",positive_pass=1; negative_reject=1; edge_bounded=1,NEG-REQ-118: alter the decisive meaning `提供 admission score、TaskDAG states、A2A envelopes、lease/heartbeat、join …` while retaining valid shape; expect ERR-REQ-118-FUNCTION-SEMANTIC and zero canonical mutation,fixtures/requirements/req-118-admission-score-taskdag-states-a2a-e.yaml,GATE-REQ-118-FUNCTION,"evidence/requirements/req-118/{input,measurement,negative,checker,rollback}.json",NOT_RUN
REQ-119,ACC-048,"ORACLE-REQ-119-PURPOSE: purpose chain is complete and no governance/tool detail replaces the core user outcome; verify fixture-specific expected fields and reject semantic mutation, not merely missing metadata",pain_to_mechanism_edges>=1; mechanism_to_evidence_edges>=1; purpose_orphans=0,NEG-REQ-119: alter the decisive meaning `支援多 Branch 的受限執行，同時保持 Shared Spine/Authority 不被拓撲取代。` while retaining valid shape; expect ERR-REQ-119-PURPOSE-SEMANTIC and zero canonical mutation,fixtures/requirements/req-119-branch-shared-spine-authority.yaml,GATE-REQ-119-PURPOSE,"evidence/requirements/req-119/{input,measurement,negative,checker,rollback}.json",NOT_RUN
REQ-120,ACC-048,"ORACLE-REQ-120-POSITION: boundary checker rejects the substitution and preserves the canonical owner; verify fixture-specific expected fields and reject semantic mutation, not merely missing metadata",owner_substitution_rejected=1; foreign_writer_count=0; second_root_count=0,NEG-REQ-120: alter the decisive meaning `Agent topology 是 runtime capability package；Human/Product Authority 與…` while retaining valid shape; expect ERR-REQ-120-POSITION-SEMANTIC and zero canonical mutation,fixtures/requirements/req-120-agent-topology-runtime-capability-pa.yaml,GATE-REQ-120-POSITION,"evidence/requirements/req-120/{input,measurement,negative,checker,rollback}.json",NOT_RUN
REQ-121,ACC-056,"ORACLE-REQ-121-PLAN: required object set equals source-enumerated set; no extra product root; verify fixture-specific expected fields and reject semantic mutation, not merely missing metadata",coverage_ratio=1.00; prohibited_root_count=0,NEG-REQ-121: alter the decisive meaning `建立 Hermes Rebase Matrix：每 DOC 的 capability、input/output artifact、owne…` while retaining valid shape; expect ERR-REQ-121-PLAN-SEMANTIC and zero canonical mutation,fixtures/requirements/req-121-hermes-rebase-matrix-doc-capability-.yaml,GATE-REQ-121-PLAN,"evidence/requirements/req-121/{input,measurement,negative,checker,rollback}.json",NOT_RUN
REQ-122,ACC-055,"ORACLE-REQ-122-INTENT: semantic entailment holds for accepted interpretation and fails for mutation; verify fixture-specific expected fields and reject semantic mutation, not merely missing metadata",accepted_assertions=1/1; rejected_mutation=1/1; authority_violation=0,NEG-REQ-122: alter the decisive meaning `Hermes 是 cognitive coordination plane 與受治理 workspace host，不能成為產品 Root…` while retaining valid shape; expect ERR-REQ-122-INTENT-SEMANTIC and zero canonical mutation,fixtures/requirements/req-122-hermes-cognitive-coordination-plane-.yaml,GATE-REQ-122-INTENT,"evidence/requirements/req-122/{input,measurement,negative,checker,rollback}.json",NOT_RUN
REQ-123,ACC-055,"ORACLE-REQ-123-NEED: consumer returns deterministic ACK or field-specific NACK without consulting donor corpus; verify fixture-specific expected fields and reject semantic mutation, not merely missing metadata",required_field_recall=1.00; raw_volume_reads=0,NEG-REQ-123: alter the decisive meaning `使用者可快速取得成熟 Agent OS 元件而不重造 runtime，同時保持產品專屬治理與可替換性。` while retaining valid shape; expect ERR-REQ-123-NEED-SEMANTIC and zero canonical mutation,fixtures/requirements/req-123-agent-os-runtime.yaml,GATE-REQ-123-NEED,"evidence/requirements/req-123/{input,measurement,negative,checker,rollback}.json",NOT_RUN
REQ-124,ACC-055,"ORACLE-REQ-124-PAIN: typed detector identifies the named defect and blocks promotion without false acceptance; verify fixture-specific expected fields and reject semantic mutation, not merely missing metadata",named_failure_detected=1; canonical_mutations=0; false_accepts=0,NEG-REQ-124: alter the decisive meaning `直接整本移植 Hermes 導致名稱/權威/狀態漂移；文件中「NOTEXECUTED」被誤當可用能力；Hermes local state…` while retaining valid shape; expect ERR-REQ-124-PAIN-SEMANTIC and zero canonical mutation,fixtures/requirements/req-124-hermes-notexecuted-hermes-local-stat.yaml,GATE-REQ-124-PAIN,"evidence/requirements/req-124/{input,measurement,negative,checker,rollback}.json",NOT_RUN
REQ-125,ACC-056,"ORACLE-REQ-125-TARGET: target metric, measurement method and counter-metric are all reported and thresholded; verify fixture-specific expected fields and reject semantic mutation, not merely missing metadata",measurement_fields=100%; target_met=true or BLOCKED; counter_metric_regression=0,NEG-REQ-125: alter the decisive meaning `以低磨合方式導入可 pilot 的能力槽，每項都有 declared→active 狀態與 native fallback。` while retaining valid shape; expect ERR-REQ-125-TARGET-SEMANTIC and zero canonical mutation,fixtures/requirements/req-125-pilot-declared-active-native-fallbac.yaml,GATE-REQ-125-TARGET,"evidence/requirements/req-125/{input,measurement,negative,checker,rollback}.json",NOT_RUN
REQ-126,ACC-056,"ORACLE-REQ-126-FUNCTION: positive produces typed output; negative/edge produce specified error or bounded degraded result; verify fixture-specific expected fields and reject semantic mutation, not merely missing metadata",positive_pass=1; negative_reject=1; edge_bounded=1,NEG-REQ-126: alter the decisive meaning `提供 WorkspaceProfile、Provider Registry、Task/Agent/Workspace states、coo…` while retaining valid shape; expect ERR-REQ-126-FUNCTION-SEMANTIC and zero canonical mutation,fixtures/requirements/req-126-workspaceprofile-provider-registry-t.yaml,GATE-REQ-126-FUNCTION,"evidence/requirements/req-126/{input,measurement,negative,checker,rollback}.json",NOT_RUN
REQ-127,ACC-055,"ORACLE-REQ-127-PURPOSE: purpose chain is complete and no governance/tool detail replaces the core user outcome; verify fixture-specific expected fields and reject semantic mutation, not merely missing metadata",pain_to_mechanism_edges>=1; mechanism_to_evidence_edges>=1; purpose_orphans=0,NEG-REQ-127: alter the decisive meaning `把現成外部 Agent OS 轉成 HG-KSEOS 的可替換執行基座。` while retaining valid shape; expect ERR-REQ-127-PURPOSE-SEMANTIC and zero canonical mutation,fixtures/requirements/req-127-agent-os-hg-kseos.yaml,GATE-REQ-127-PURPOSE,"evidence/requirements/req-127/{input,measurement,negative,checker,rollback}.json",NOT_RUN
REQ-128,ACC-056,"ORACLE-REQ-128-POSITION: boundary checker rejects the substitution and preserves the canonical owner; verify fixture-specific expected fields and reject semantic mutation, not merely missing metadata",owner_substitution_rejected=1; foreign_writer_count=0; second_root_count=0,NEG-REQ-128: alter the decisive meaning `Hermes 是 Primary/Preferred Provider 之一，不是不可替換 kernel；HG-KSEOS contrac…` while retaining valid shape; expect ERR-REQ-128-POSITION-SEMANTIC and zero canonical mutation,fixtures/requirements/req-128-hermes-primary-preferred-provider-ke.yaml,GATE-REQ-128-POSITION,"evidence/requirements/req-128/{input,measurement,negative,checker,rollback}.json",NOT_RUN
REQ-129,ACC-050,"ORACLE-REQ-129-PLAN: required object set equals source-enumerated set; no extra product root; verify fixture-specific expected fields and reject semantic mutation, not merely missing metadata",coverage_ratio=1.00; prohibited_root_count=0,NEG-REQ-129: alter the decisive meaning `建立 HarnessPack、tool allowlist、sandbox/egress、idempotency、attempt/budg…` while retaining valid shape; expect ERR-REQ-129-PLAN-SEMANTIC and zero canonical mutation,fixtures/requirements/req-129-harnesspack-tool-allowlist-sandbox-e.yaml,GATE-REQ-129-PLAN,"evidence/requirements/req-129/{input,measurement,negative,checker,rollback}.json",NOT_RUN
REQ-130,ACC-029,"ORACLE-REQ-130-INTENT: semantic entailment holds for accepted interpretation and fails for mutation; verify fixture-specific expected fields and reject semantic mutation, not merely missing metadata",accepted_assertions=1/1; rejected_mutation=1/1; authority_violation=0,NEG-REQ-130: alter the decisive meaning `可靠性不是 prompt 技巧；必須由外部控制結構限制 Agent、工具與長任務。` while retaining valid shape; expect ERR-REQ-130-INTENT-SEMANTIC and zero canonical mutation,fixtures/requirements/req-130-prompt-agent.yaml,GATE-REQ-130-INTENT,"evidence/requirements/req-130/{input,measurement,negative,checker,rollback}.json",NOT_RUN
REQ-131,ACC-029,"ORACLE-REQ-131-NEED: consumer returns deterministic ACK or field-specific NACK without consulting donor corpus; verify fixture-specific expected fields and reject semantic mutation, not merely missing metadata",required_field_recall=1.00; raw_volume_reads=0,NEG-REQ-131: alter the decisive meaning `使用者能安全執行較長或有副作用的任務，失敗可恢復、可解釋、不重複破壞。` while retaining valid shape; expect ERR-REQ-131-NEED-SEMANTIC and zero canonical mutation,fixtures/requirements/req-131-artifact.yaml,GATE-REQ-131-NEED,"evidence/requirements/req-131/{input,measurement,negative,checker,rollback}.json",NOT_RUN
REQ-132,ACC-029,"ORACLE-REQ-132-PAIN: typed detector identifies the named defect and blocks promotion without false acceptance; verify fixture-specific expected fields and reject semantic mutation, not merely missing metadata",named_failure_detected=1; canonical_mutations=0; false_accepts=0,NEG-REQ-132: alter the decisive meaning `無界 loop、retry storm、checkpoint 污染、重播造成重複副作用、工具權限過寬、失敗後持續運行。` while retaining valid shape; expect ERR-REQ-132-PAIN-SEMANTIC and zero canonical mutation,fixtures/requirements/req-132-loop-retry-storm-checkpoint.yaml,GATE-REQ-132-PAIN,"evidence/requirements/req-132/{input,measurement,negative,checker,rollback}.json",NOT_RUN
REQ-133,ACC-029,"ORACLE-REQ-133-TARGET: target metric, measurement method and counter-metric are all reported and thresholded; verify fixture-specific expected fields and reject semantic mutation, not merely missing metadata",measurement_fields=100%; target_met=true or BLOCKED; counter_metric_regression=0,NEG-REQ-133: alter the decisive meaning `達成 bounded execution、可恢復、可取消、可重放與明確 terminal verdict。` while retaining valid shape; expect ERR-REQ-133-TARGET-SEMANTIC and zero canonical mutation,fixtures/requirements/req-133-bounded-execution-terminal-verdict.yaml,GATE-REQ-133-TARGET,"evidence/requirements/req-133/{input,measurement,negative,checker,rollback}.json",NOT_RUN
REQ-134,ACC-029,"ORACLE-REQ-134-FUNCTION: positive produces typed output; negative/edge produce specified error or bounded degraded result; verify fixture-specific expected fields and reject semantic mutation, not merely missing metadata",positive_pass=1; negative_reject=1; edge_bounded=1,NEG-REQ-134: alter the decisive meaning `提供 state machine、retry taxonomy、budget/timeout、checkpoint hash、replay…` while retaining valid shape; expect ERR-REQ-134-FUNCTION-SEMANTIC and zero canonical mutation,fixtures/requirements/req-134-state-machine-retry-taxonomy-budget-.yaml,GATE-REQ-134-FUNCTION,"evidence/requirements/req-134/{input,measurement,negative,checker,rollback}.json",NOT_RUN
REQ-135,ACC-029,"ORACLE-REQ-135-PURPOSE: purpose chain is complete and no governance/tool detail replaces the core user outcome; verify fixture-specific expected fields and reject semantic mutation, not merely missing metadata",pain_to_mechanism_edges>=1; mechanism_to_evidence_edges>=1; purpose_orphans=0,NEG-REQ-135: alter the decisive meaning `把 Agent 能力轉成可運維的工程執行單元。` while retaining valid shape; expect ERR-REQ-135-PURPOSE-SEMANTIC and zero canonical mutation,fixtures/requirements/req-135-agent.yaml,GATE-REQ-135-PURPOSE,"evidence/requirements/req-135/{input,measurement,negative,checker,rollback}.json",NOT_RUN
REQ-136,ACC-029,"ORACLE-REQ-136-POSITION: boundary checker rejects the substitution and preserves the canonical owner; verify fixture-specific expected fields and reject semantic mutation, not merely missing metadata",owner_substitution_rejected=1; foreign_writer_count=0; second_root_count=0,NEG-REQ-136: alter the decisive meaning `Harness 控制副作用；Loop 控制時間與恢復；二者不替代 TaskSpec、Security 或 Release Authorit…` while retaining valid shape; expect ERR-REQ-136-POSITION-SEMANTIC and zero canonical mutation,fixtures/requirements/req-136-harness-loop-taskspec-security-relea.yaml,GATE-REQ-136-POSITION,"evidence/requirements/req-136/{input,measurement,negative,checker,rollback}.json",NOT_RUN
REQ-137,ACC-043,"ORACLE-REQ-137-PLAN: required object set equals source-enumerated set; no extra product root; verify fixture-specific expected fields and reject semantic mutation, not merely missing metadata",coverage_ratio=1.00; prohibited_root_count=0,NEG-REQ-137: alter the decisive meaning `定義 context budget/packing、memory types/scope/TTL/conflict/forget、retr…` while retaining valid shape; expect ERR-REQ-137-PLAN-SEMANTIC and zero canonical mutation,fixtures/requirements/req-137-context-budget-packing-memory-types-.yaml,GATE-REQ-137-PLAN,"evidence/requirements/req-137/{input,measurement,negative,checker,rollback}.json",NOT_RUN
REQ-138,ACC-042,"ORACLE-REQ-138-INTENT: semantic entailment holds for accepted interpretation and fails for mutation; verify fixture-specific expected fields and reject semantic mutation, not merely missing metadata",accepted_assertions=1/1; rejected_mutation=1/1; authority_violation=0,NEG-REQ-138: alter the decisive meaning `記憶與檢索服務當前任務與知識可用性，但不成為 canonical truth 或自動 policy。` while retaining valid shape; expect ERR-REQ-138-INTENT-SEMANTIC and zero canonical mutation,fixtures/requirements/req-138-canonical-truth-policy.yaml,GATE-REQ-138-INTENT,"evidence/requirements/req-138/{input,measurement,negative,checker,rollback}.json",NOT_RUN
REQ-139,ACC-042,"ORACLE-REQ-139-NEED: consumer returns deterministic ACK or field-specific NACK without consulting donor corpus; verify fixture-specific expected fields and reject semantic mutation, not merely missing metadata",required_field_recall=1.00; raw_volume_reads=0,NEG-REQ-139: alter the decisive meaning `使用者/Agent 能取得足夠且可靠上下文，跨 session/長任務可恢復，且錯誤記憶可撤回。` while retaining valid shape; expect ERR-REQ-139-NEED-SEMANTIC and zero canonical mutation,fixtures/requirements/req-139-agent-session.yaml,GATE-REQ-139-NEED,"evidence/requirements/req-139/{input,measurement,negative,checker,rollback}.json",NOT_RUN
REQ-140,ACC-042,"ORACLE-REQ-140-PAIN: typed detector identifies the named defect and blocks promotion without false acceptance; verify fixture-specific expected fields and reject semantic mutation, not merely missing metadata",named_failure_detected=1; canonical_mutations=0; false_accepts=0,NEG-REQ-140: alter the decisive meaning `全量上下文爆炸、長期記憶污染、RAG 幻覺、KG/Vector/Obsidian 多套 truth、CodeGraph 過期。` while retaining valid shape; expect ERR-REQ-140-PAIN-SEMANTIC and zero canonical mutation,fixtures/requirements/req-140-rag-kg-vector-obsidian-truth-codegra.yaml,GATE-REQ-140-PAIN,"evidence/requirements/req-140/{input,measurement,negative,checker,rollback}.json",NOT_RUN
REQ-141,ACC-043,"ORACLE-REQ-141-TARGET: target metric, measurement method and counter-metric are all reported and thresholded; verify fixture-specific expected fields and reject semantic mutation, not merely missing metadata",measurement_fields=100%; target_met=true or BLOCKED; counter_metric_regression=0,NEG-REQ-141: alter the decisive meaning `建立最小 P0 lexical/source-backed 能力，按實測缺口漸進加入 persistent memory、semantic…` while retaining valid shape; expect ERR-REQ-141-TARGET-SEMANTIC and zero canonical mutation,fixtures/requirements/req-141-p0-lexical-source-backed-persistent-.yaml,GATE-REQ-141-TARGET,"evidence/requirements/req-141/{input,measurement,negative,checker,rollback}.json",NOT_RUN
REQ-142,ACC-042,"ORACLE-REQ-142-FUNCTION: positive produces typed output; negative/edge produce specified error or bounded degraded result; verify fixture-specific expected fields and reject semantic mutation, not merely missing metadata",positive_pass=1; negative_reject=1; edge_bounded=1,NEG-REQ-142: alter the decisive meaning `提供 provenance/freshness/revocation/conflict、citation/abstention、rebui…` while retaining valid shape; expect ERR-REQ-142-FUNCTION-SEMANTIC and zero canonical mutation,fixtures/requirements/req-142-provenance-freshness-revocation-conf.yaml,GATE-REQ-142-FUNCTION,"evidence/requirements/req-142/{input,measurement,negative,checker,rollback}.json",NOT_RUN
REQ-143,ACC-042,"ORACLE-REQ-143-PURPOSE: purpose chain is complete and no governance/tool detail replaces the core user outcome; verify fixture-specific expected fields and reject semantic mutation, not merely missing metadata",pain_to_mechanism_edges>=1; mechanism_to_evidence_edges>=1; purpose_orphans=0,NEG-REQ-143: alter the decisive meaning `支撐知識、工程定義、coding 與演進，但保持可替換與低運維。` while retaining valid shape; expect ERR-REQ-143-PURPOSE-SEMANTIC and zero canonical mutation,fixtures/requirements/req-143-coding.yaml,GATE-REQ-143-PURPOSE,"evidence/requirements/req-143/{input,measurement,negative,checker,rollback}.json",NOT_RUN
REQ-144,ACC-042,"ORACLE-REQ-144-POSITION: boundary checker rejects the substitution and preserves the canonical owner; verify fixture-specific expected fields and reject semantic mutation, not merely missing metadata",owner_substitution_rejected=1; foreign_writer_count=0; second_root_count=0,NEG-REQ-144: alter the decisive meaning `Git Markdown/Source Ledger 為 canonical；SQLite FTS/BM25 為 P0 baseline；…` while retaining valid shape; expect ERR-REQ-144-POSITION-SEMANTIC and zero canonical mutation,fixtures/requirements/req-144-git-markdown-source-ledger-canonical.yaml,GATE-REQ-144-POSITION,"evidence/requirements/req-144/{input,measurement,negative,checker,rollback}.json",NOT_RUN
REQ-145,ACC-056,"ORACLE-REQ-145-PLAN: required object set equals source-enumerated set; no extra product root; verify fixture-specific expected fields and reject semantic mutation, not merely missing metadata",coverage_ratio=1.00; prohibited_root_count=0,NEG-REQ-145: alter the decisive meaning `建立 Capability Slot、Provider Contract、Adapter Contract、QuerySet≥6/Top1…` while retaining valid shape; expect ERR-REQ-145-PLAN-SEMANTIC and zero canonical mutation,fixtures/requirements/req-145-capability-slot-provider-contract-ad.yaml,GATE-REQ-145-PLAN,"evidence/requirements/req-145/{input,measurement,negative,checker,rollback}.json",NOT_RUN
REQ-146,ACC-096,"ORACLE-REQ-146-INTENT: semantic entailment holds for accepted interpretation and fails for mutation; verify fixture-specific expected fields and reject semantic mutation, not merely missing metadata",accepted_assertions=1/1; rejected_mutation=1/1; authority_violation=0,NEG-REQ-146: alter the decisive meaning `不重造輪子但也不盲目追熱門；產品需求與 contract 先於工具。` while retaining valid shape; expect ERR-REQ-146-INTENT-SEMANTIC and zero canonical mutation,fixtures/requirements/req-146-contract.yaml,GATE-REQ-146-INTENT,"evidence/requirements/req-146/{input,measurement,negative,checker,rollback}.json",NOT_RUN
REQ-147,ACC-055,"ORACLE-REQ-147-NEED: consumer returns deterministic ACK or field-specific NACK without consulting donor corpus; verify fixture-specific expected fields and reject semantic mutation, not merely missing metadata",required_field_recall=1.00; raw_volume_reads=0,NEG-REQ-147: alter the decisive meaning `使用者可重用成熟工具、降低開發時間，又能在工具退化/停更/不適配時替換。` while retaining valid shape; expect ERR-REQ-147-NEED-SEMANTIC and zero canonical mutation,fixtures/requirements/req-147-artifact.yaml,GATE-REQ-147-NEED,"evidence/requirements/req-147/{input,measurement,negative,checker,rollback}.json",NOT_RUN
REQ-148,ACC-056,"ORACLE-REQ-148-PAIN: typed detector identifies the named defect and blocks promotion without false acceptance; verify fixture-specific expected fields and reject semantic mutation, not merely missing metadata",named_failure_detected=1; canonical_mutations=0; false_accepts=0,NEG-REQ-148: alter the decisive meaning `工具品牌變成規範、宣告即啟用、同類 Provider 疊裝、負評/Stars 偏誤、整合成本高於收益。` while retaining valid shape; expect ERR-REQ-148-PAIN-SEMANTIC and zero canonical mutation,fixtures/requirements/req-148-provider-stars.yaml,GATE-REQ-148-PAIN,"evidence/requirements/req-148/{input,measurement,negative,checker,rollback}.json",NOT_RUN
REQ-149,ACC-096,"ORACLE-REQ-149-TARGET: target metric, measurement method and counter-metric are all reported and thresholded; verify fixture-specific expected fields and reject semantic mutation, not merely missing metadata",measurement_fields=100%; target_met=true or BLOCKED; counter_metric_regression=0,NEG-REQ-149: alter the decisive meaning `形成可重跑的 tool scout 與採用決策，明確 rejected reasons 與 reversal trigger。` while retaining valid shape; expect ERR-REQ-149-TARGET-SEMANTIC and zero canonical mutation,fixtures/requirements/req-149-tool-scout-rejected-reasons-reversal.yaml,GATE-REQ-149-TARGET,"evidence/requirements/req-149/{input,measurement,negative,checker,rollback}.json",NOT_RUN
REQ-150,ACC-055,"ORACLE-REQ-150-FUNCTION: positive produces typed output; negative/edge produce specified error or bounded degraded result; verify fixture-specific expected fields and reject semantic mutation, not merely missing metadata",positive_pass=1; negative_reject=1; edge_bounded=1,NEG-REQ-150: alter the decisive meaning `提供 registry、state machine、scorecard、pilot evidence、compatibility matr…` while retaining valid shape; expect ERR-REQ-150-FUNCTION-SEMANTIC and zero canonical mutation,fixtures/requirements/req-150-registry-state-machine-scorecard-pil.yaml,GATE-REQ-150-FUNCTION,"evidence/requirements/req-150/{input,measurement,negative,checker,rollback}.json",NOT_RUN
REQ-151,ACC-055,"ORACLE-REQ-151-PURPOSE: purpose chain is complete and no governance/tool detail replaces the core user outcome; verify fixture-specific expected fields and reject semantic mutation, not merely missing metadata",pain_to_mechanism_edges>=1; mechanism_to_evidence_edges>=1; purpose_orphans=0,NEG-REQ-151: alter the decisive meaning `最大化現成能力並維持低磨合、可控成本與長期替換性。` while retaining valid shape; expect ERR-REQ-151-PURPOSE-SEMANTIC and zero canonical mutation,fixtures/requirements/req-151-artifact.yaml,GATE-REQ-151-PURPOSE,"evidence/requirements/req-151/{input,measurement,negative,checker,rollback}.json",NOT_RUN
REQ-152,ACC-055,"ORACLE-REQ-152-POSITION: boundary checker rejects the substitution and preserves the canonical owner; verify fixture-specific expected fields and reject semantic mutation, not merely missing metadata",owner_substitution_rejected=1; foreign_writer_count=0; second_root_count=0,NEG-REQ-152: alter the decisive meaning `Tool/Provider 是 capability implementation；Adapter 是邊界轉換；都不取得產品/資料/rel…` while retaining valid shape; expect ERR-REQ-152-POSITION-SEMANTIC and zero canonical mutation,fixtures/requirements/req-152-tool-provider-capability-implementat.yaml,GATE-REQ-152-POSITION,"evidence/requirements/req-152/{input,measurement,negative,checker,rollback}.json",NOT_RUN
REQ-153,ACC-052,"ORACLE-REQ-153-PLAN: required object set equals source-enumerated set; no extra product root; verify fixture-specific expected fields and reject semantic mutation, not merely missing metadata",coverage_ratio=1.00; prohibited_root_count=0,NEG-REQ-153: alter the decisive meaning `定義 capabilitypackageid、trigger/negative trigger、input/output schema、a…` while retaining valid shape; expect ERR-REQ-153-PLAN-SEMANTIC and zero canonical mutation,fixtures/requirements/req-153-capabilitypackageid-trigger-negative.yaml,GATE-REQ-153-PLAN,"evidence/requirements/req-153/{input,measurement,negative,checker,rollback}.json",NOT_RUN
REQ-154,ACC-054,"ORACLE-REQ-154-INTENT: semantic entailment holds for accepted interpretation and fails for mutation; verify fixture-specific expected fields and reject semantic mutation, not merely missing metadata",accepted_assertions=1/1; rejected_mutation=1/1; authority_violation=0,NEG-REQ-154: alter the decisive meaning `方法論與 prompt 可重用，但必須翻譯成 HG-KSEOS-native artifacts/roles/gates；不能直接取得控制…` while retaining valid shape; expect ERR-REQ-154-INTENT-SEMANTIC and zero canonical mutation,fixtures/requirements/req-154-prompt-hg-kseos-native-artifacts-rol.yaml,GATE-REQ-154-INTENT,"evidence/requirements/req-154/{input,measurement,negative,checker,rollback}.json",NOT_RUN
REQ-155,ACC-053,"ORACLE-REQ-155-NEED: consumer returns deterministic ACK or field-specific NACK without consulting donor corpus; verify fixture-specific expected fields and reject semantic mutation, not merely missing metadata",required_field_recall=1.00; raw_volume_reads=0,NEG-REQ-155: alter the decisive meaning `其他 AI 可依明確 package 契約選用正確 Prompt/Skill/Agent Component，而不需要猜使用時機。` while retaining valid shape; expect ERR-REQ-155-NEED-SEMANTIC and zero canonical mutation,fixtures/requirements/req-155-ai-package-prompt-skill-agent-compon.yaml,GATE-REQ-155-NEED,"evidence/requirements/req-155/{input,measurement,negative,checker,rollback}.json",NOT_RUN
REQ-156,ACC-054,"ORACLE-REQ-156-PAIN: typed detector identifies the named defect and blocks promotion without false acceptance; verify fixture-specific expected fields and reject semantic mutation, not merely missing metadata",named_failure_detected=1; canonical_mutations=0; false_accepts=0,NEG-REQ-156: alter the decisive meaning `Prompt 漂移、Skills 僅名稱存在、AGENTS.md 與主規格衝突、MCP 工具投毒、外部 workflow 形成第二 lif…` while retaining valid shape; expect ERR-REQ-156-PAIN-SEMANTIC and zero canonical mutation,fixtures/requirements/req-156-prompt-skills-agents-md-mcp-workflow.yaml,GATE-REQ-156-PAIN,"evidence/requirements/req-156/{input,measurement,negative,checker,rollback}.json",NOT_RUN
REQ-157,ACC-052,"ORACLE-REQ-157-TARGET: target metric, measurement method and counter-metric are all reported and thresholded; verify fixture-specific expected fields and reject semantic mutation, not merely missing metadata",measurement_fields=100%; target_met=true or BLOCKED; counter_metric_regression=0,NEG-REQ-157: alter the decisive meaning `建立可發現、可評測、可撤回、可替換且安全的 Agent Engineering Stack。` while retaining valid shape; expect ERR-REQ-157-TARGET-SEMANTIC and zero canonical mutation,fixtures/requirements/req-157-agent-engineering-stack.yaml,GATE-REQ-157-TARGET,"evidence/requirements/req-157/{input,measurement,negative,checker,rollback}.json",NOT_RUN
REQ-158,ACC-054,"ORACLE-REQ-158-FUNCTION: positive produces typed output; negative/edge produce specified error or bounded degraded result; verify fixture-specific expected fields and reject semantic mutation, not merely missing metadata",positive_pass=1; negative_reject=1; edge_bounded=1,NEG-REQ-158: alter the decisive meaning `提供 core/expanded instructions split、skill trigger、tool scopes、MCP aut…` while retaining valid shape; expect ERR-REQ-158-FUNCTION-SEMANTIC and zero canonical mutation,fixtures/requirements/req-158-core-expanded-instructions-split-ski.yaml,GATE-REQ-158-FUNCTION,"evidence/requirements/req-158/{input,measurement,negative,checker,rollback}.json",NOT_RUN
REQ-159,ACC-052,"ORACLE-REQ-159-PURPOSE: purpose chain is complete and no governance/tool detail replaces the core user outcome; verify fixture-specific expected fields and reject semantic mutation, not merely missing metadata",pain_to_mechanism_edges>=1; mechanism_to_evidence_edges>=1; purpose_orphans=0,NEG-REQ-159: alter the decisive meaning `將外部方法與智能體能力轉成可治理的 first-party 資產。` while retaining valid shape; expect ERR-REQ-159-PURPOSE-SEMANTIC and zero canonical mutation,fixtures/requirements/req-159-first-party.yaml,GATE-REQ-159-PURPOSE,"evidence/requirements/req-159/{input,measurement,negative,checker,rollback}.json",NOT_RUN
REQ-160,ACC-052,"ORACLE-REQ-160-POSITION: boundary checker rejects the substitution and preserves the canonical owner; verify fixture-specific expected fields and reject semantic mutation, not merely missing metadata",owner_substitution_rejected=1; foreign_writer_count=0; second_root_count=0,NEG-REQ-160: alter the decisive meaning `Prompt/Skill/AGENTS.md 是 projection/capability surface；canonical requ…` while retaining valid shape; expect ERR-REQ-160-POSITION-SEMANTIC and zero canonical mutation,fixtures/requirements/req-160-prompt-skill-agents-md-projection-ca.yaml,GATE-REQ-160-POSITION,"evidence/requirements/req-160/{input,measurement,negative,checker,rollback}.json",NOT_RUN
REQ-161,ACC-009,"ORACLE-REQ-161-PLAN: required object set equals source-enumerated set; no extra product root; verify fixture-specific expected fields and reject semantic mutation, not merely missing metadata",coverage_ratio=1.00; prohibited_root_count=0,NEG-REQ-161: alter the decisive meaning `P0-Quick 啟用 orchestrator+codex-worker+verifier、手動分解、人類 publish、受控 wor…` while retaining valid shape; expect ERR-REQ-161-PLAN-SEMANTIC and zero canonical mutation,fixtures/requirements/req-161-p0-quick-orchestrator-codex-worker-v.yaml,GATE-REQ-161-PLAN,"evidence/requirements/req-161/{input,measurement,negative,checker,rollback}.json",NOT_RUN
REQ-162,ACC-009,"ORACLE-REQ-162-INTENT: semantic entailment holds for accepted interpretation and fails for mutation; verify fixture-specific expected fields and reject semantic mutation, not merely missing metadata",accepted_assertions=1/1; rejected_mutation=1/1; authority_violation=0,NEG-REQ-162: alter the decisive meaning `單機、本地、低磨合、快速可用、可重建、可搬移；先驗證流程與契約，再擴基礎設施。` while retaining valid shape; expect ERR-REQ-162-INTENT-SEMANTIC and zero canonical mutation,fixtures/requirements/req-162-artifact.yaml,GATE-REQ-162-INTENT,"evidence/requirements/req-162/{input,measurement,negative,checker,rollback}.json",NOT_RUN
REQ-163,ACC-009,"ORACLE-REQ-163-NEED: consumer returns deterministic ACK or field-specific NACK without consulting donor corpus; verify fixture-specific expected fields and reject semantic mutation, not merely missing metadata",required_field_recall=1.00; raw_volume_reads=0,NEG-REQ-163: alter the decisive meaning `非專業運維使用者能在可理解步驟中安裝、設定、操作、更新、備份、恢復與排錯。` while retaining valid shape; expect ERR-REQ-163-NEED-SEMANTIC and zero canonical mutation,fixtures/requirements/req-163-artifact.yaml,GATE-REQ-163-NEED,"evidence/requirements/req-163/{input,measurement,negative,checker,rollback}.json",NOT_RUN
REQ-164,ACC-009,"ORACLE-REQ-164-PAIN: typed detector identifies the named defect and blocks promotion without false acceptance; verify fixture-specific expected fields and reject semantic mutation, not merely missing metadata",named_failure_detected=1; canonical_mutations=0; false_accepts=0,NEG-REQ-164: alter the decisive meaning `安裝/auth/workspace/version/permission/recovery 不清；過早引入多服務；文件描述與實際可用性不一…` while retaining valid shape; expect ERR-REQ-164-PAIN-SEMANTIC and zero canonical mutation,fixtures/requirements/req-164-auth-workspace-version-permission-re.yaml,GATE-REQ-164-PAIN,"evidence/requirements/req-164/{input,measurement,negative,checker,rollback}.json",NOT_RUN
REQ-165,ACC-009,"ORACLE-REQ-165-TARGET: target metric, measurement method and counter-metric are all reported and thresholded; verify fixture-specific expected fields and reject semantic mutation, not merely missing metadata",measurement_fields=100%; target_met=true or BLOCKED; counter_metric_regression=0,NEG-REQ-165: alter the decisive meaning `在最小硬體與運維下完成一次 source→packet→change→evidence→human release vertical sl…` while retaining valid shape; expect ERR-REQ-165-TARGET-SEMANTIC and zero canonical mutation,fixtures/requirements/req-165-source-packet-change-evidence-human-.yaml,GATE-REQ-165-TARGET,"evidence/requirements/req-165/{input,measurement,negative,checker,rollback}.json",NOT_RUN
REQ-166,ACC-009,"ORACLE-REQ-166-FUNCTION: positive produces typed output; negative/edge produce specified error or bounded degraded result; verify fixture-specific expected fields and reject semantic mutation, not merely missing metadata",positive_pass=1; negative_reject=1; edge_bounded=1,NEG-REQ-166: alter the decisive meaning `提供 setup/doctor/readback、versions.lock、workspace manifest、ACL/network…` while retaining valid shape; expect ERR-REQ-166-FUNCTION-SEMANTIC and zero canonical mutation,fixtures/requirements/req-166-setup-doctor-readback-versions-lock-.yaml,GATE-REQ-166-FUNCTION,"evidence/requirements/req-166/{input,measurement,negative,checker,rollback}.json",NOT_RUN
REQ-167,ACC-009,"ORACLE-REQ-167-PURPOSE: purpose chain is complete and no governance/tool detail replaces the core user outcome; verify fixture-specific expected fields and reject semantic mutation, not merely missing metadata",pain_to_mechanism_edges>=1; mechanism_to_evidence_edges>=1; purpose_orphans=0,NEG-REQ-167: alter the decisive meaning `把宏大 Agent OS 架構轉成可立即驗證的本地產品體驗。` while retaining valid shape; expect ERR-REQ-167-PURPOSE-SEMANTIC and zero canonical mutation,fixtures/requirements/req-167-agent-os.yaml,GATE-REQ-167-PURPOSE,"evidence/requirements/req-167/{input,measurement,negative,checker,rollback}.json",NOT_RUN
REQ-168,ACC-009,"ORACLE-REQ-168-POSITION: boundary checker rejects the substitution and preserves the canonical owner; verify fixture-specific expected fields and reject semantic mutation, not merely missing metadata",owner_substitution_rejected=1; foreign_writer_count=0; second_root_count=0,NEG-REQ-168: alter the decisive meaning `Windows Native P0 是 deployment profile，不改產品/Branch/Shared Spine 身份；Ob…` while retaining valid shape; expect ERR-REQ-168-POSITION-SEMANTIC and zero canonical mutation,fixtures/requirements/req-168-windows-native-p0-deployment-profile.yaml,GATE-REQ-168-POSITION,"evidence/requirements/req-168/{input,measurement,negative,checker,rollback}.json",NOT_RUN
REQ-169,ACC-009,"ORACLE-REQ-169-PLAN: required object set equals source-enumerated set; no extra product root; verify fixture-specific expected fields and reject semantic mutation, not merely missing metadata",coverage_ratio=1.00; prohibited_root_count=0,NEG-REQ-169: alter the decisive meaning `建立 threat model、data classification、identity/entitlement、least privil…` while retaining valid shape; expect ERR-REQ-169-PLAN-SEMANTIC and zero canonical mutation,fixtures/requirements/req-169-threat-model-data-classification-ide.yaml,GATE-REQ-169-PLAN,"evidence/requirements/req-169/{input,measurement,negative,checker,rollback}.json",NOT_RUN
REQ-170,ACC-009,"ORACLE-REQ-170-INTENT: semantic entailment holds for accepted interpretation and fails for mutation; verify fixture-specific expected fields and reject semantic mutation, not merely missing metadata",accepted_assertions=1/1; rejected_mutation=1/1; authority_violation=0,NEG-REQ-170: alter the decisive meaning `安全是產品與執行契約的一部分，但不得以抽象治理壓掉核心需求；高風險 action fail-closed。` while retaining valid shape; expect ERR-REQ-170-INTENT-SEMANTIC and zero canonical mutation,fixtures/requirements/req-170-action-fail-closed.yaml,GATE-REQ-170-INTENT,"evidence/requirements/req-170/{input,measurement,negative,checker,rollback}.json",NOT_RUN
REQ-171,ACC-009,"ORACLE-REQ-171-NEED: consumer returns deterministic ACK or field-specific NACK without consulting donor corpus; verify fixture-specific expected fields and reject semantic mutation, not merely missing metadata",required_field_recall=1.00; raw_volume_reads=0,NEG-REQ-171: alter the decisive meaning `使用者能安全使用外部來源、工具、Agent 與本地資料，知道何時需要人類批准與如何復原。` while retaining valid shape; expect ERR-REQ-171-NEED-SEMANTIC and zero canonical mutation,fixtures/requirements/req-171-agent.yaml,GATE-REQ-171-NEED,"evidence/requirements/req-171/{input,measurement,negative,checker,rollback}.json",NOT_RUN
REQ-172,ACC-009,"ORACLE-REQ-172-PAIN: typed detector identifies the named defect and blocks promotion without false acceptance; verify fixture-specific expected fields and reject semantic mutation, not merely missing metadata",named_failure_detected=1; canonical_mutations=0; false_accepts=0,NEG-REQ-172: alter the decisive meaning `來源注入、工具投毒、過寬權限、secret 回顯、外部輸出被信任、RAG 間接注入、Agent 代理越權。` while retaining valid shape; expect ERR-REQ-172-PAIN-SEMANTIC and zero canonical mutation,fixtures/requirements/req-172-secret-rag-agent.yaml,GATE-REQ-172-PAIN,"evidence/requirements/req-172/{input,measurement,negative,checker,rollback}.json",NOT_RUN
REQ-173,ACC-009,"ORACLE-REQ-173-TARGET: target metric, measurement method and counter-metric are all reported and thresholded; verify fixture-specific expected fields and reject semantic mutation, not merely missing metadata",measurement_fields=100%; target_met=true or BLOCKED; counter_metric_regression=0,NEG-REQ-173: alter the decisive meaning `形成 end-to-end security gate 與可證 least-privilege execution。` while retaining valid shape; expect ERR-REQ-173-TARGET-SEMANTIC and zero canonical mutation,fixtures/requirements/req-173-end-to-end-security-gate-least-privi.yaml,GATE-REQ-173-TARGET,"evidence/requirements/req-173/{input,measurement,negative,checker,rollback}.json",NOT_RUN
REQ-174,ACC-009,"ORACLE-REQ-174-FUNCTION: positive produces typed output; negative/edge produce specified error or bounded degraded result; verify fixture-specific expected fields and reject semantic mutation, not merely missing metadata",positive_pass=1; negative_reject=1; edge_bounded=1,NEG-REQ-174: alter the decisive meaning `提供 SecurityReview/Envelope、ApprovalToken、PermissionPolicy、quarantine、…` while retaining valid shape; expect ERR-REQ-174-FUNCTION-SEMANTIC and zero canonical mutation,fixtures/requirements/req-174-securityreview-envelope-approvaltoke.yaml,GATE-REQ-174-FUNCTION,"evidence/requirements/req-174/{input,measurement,negative,checker,rollback}.json",NOT_RUN
REQ-175,ACC-009,"ORACLE-REQ-175-PURPOSE: purpose chain is complete and no governance/tool detail replaces the core user outcome; verify fixture-specific expected fields and reject semantic mutation, not merely missing metadata",pain_to_mechanism_edges>=1; mechanism_to_evidence_edges>=1; purpose_orphans=0,NEG-REQ-175: alter the decisive meaning `保護資料、權威、工具與發布鏈，維持可信工程協作。` while retaining valid shape; expect ERR-REQ-175-PURPOSE-SEMANTIC and zero canonical mutation,fixtures/requirements/req-175-artifact.yaml,GATE-REQ-175-PURPOSE,"evidence/requirements/req-175/{input,measurement,negative,checker,rollback}.json",NOT_RUN
REQ-176,ACC-011,"ORACLE-REQ-176-POSITION: boundary checker rejects the substitution and preserves the canonical owner; verify fixture-specific expected fields and reject semantic mutation, not merely missing metadata",owner_substitution_rejected=1; foreign_writer_count=0; second_root_count=0,NEG-REQ-176: alter the decisive meaning `Security owner 有 veto；工具/Agent/來源皆是不受信任輸入，只有經 gate 的 artifact 可推進。` while retaining valid shape; expect ERR-REQ-176-POSITION-SEMANTIC and zero canonical mutation,fixtures/requirements/req-176-security-owner-veto-agent-gate-artif.yaml,GATE-REQ-176-POSITION,"evidence/requirements/req-176/{input,measurement,negative,checker,rollback}.json",NOT_RUN
REQ-177,ACC-074,"ORACLE-REQ-177-PLAN: required object set equals source-enumerated set; no extra product root; verify fixture-specific expected fields and reject semantic mutation, not merely missing metadata",coverage_ratio=1.00; prohibited_root_count=0,NEG-REQ-177: alter the decisive meaning `建立 golden/negative/edge/adversarial/legacy/mutation sets、expected anc…` while retaining valid shape; expect ERR-REQ-177-PLAN-SEMANTIC and zero canonical mutation,fixtures/requirements/req-177-golden-negative-edge-adversarial-leg.yaml,GATE-REQ-177-PLAN,"evidence/requirements/req-177/{input,measurement,negative,checker,rollback}.json",NOT_RUN
REQ-178,ACC-046,"ORACLE-REQ-178-INTENT: semantic entailment holds for accepted interpretation and fails for mutation; verify fixture-specific expected fields and reject semantic mutation, not merely missing metadata",accepted_assertions=1/1; rejected_mutation=1/1; authority_violation=0,NEG-REQ-178: alter the decisive meaning `「看起來合理」不是通過；驗收必須能捕捉遺漏、原意偏離、語義模糊、路徑缺失與 false pass。` while retaining valid shape; expect ERR-REQ-178-INTENT-SEMANTIC and zero canonical mutation,fixtures/requirements/req-178-false-pass.yaml,GATE-REQ-178-INTENT,"evidence/requirements/req-178/{input,measurement,negative,checker,rollback}.json",NOT_RUN
REQ-179,ACC-046,"ORACLE-REQ-179-NEED: consumer returns deterministic ACK or field-specific NACK without consulting donor corpus; verify fixture-specific expected fields and reject semantic mutation, not merely missing metadata",required_field_recall=1.00; raw_volume_reads=0,NEG-REQ-179: alter the decisive meaning `使用者能客觀判斷文檔、RAG、Agent、工具與 release 是否符合需求，而非信任自評。` while retaining valid shape; expect ERR-REQ-179-NEED-SEMANTIC and zero canonical mutation,fixtures/requirements/req-179-rag-agent-release.yaml,GATE-REQ-179-NEED,"evidence/requirements/req-179/{input,measurement,negative,checker,rollback}.json",NOT_RUN
REQ-180,ACC-074,"ORACLE-REQ-180-PAIN: typed detector identifies the named defect and blocks promotion without false acceptance; verify fixture-specific expected fields and reject semantic mutation, not merely missing metadata",named_failure_detected=1; canonical_mutations=0; false_accepts=0,NEG-REQ-180: alter the decisive meaning `文件存在即 PASS、只測 happy path、LLM 自評、expected anchor 缺失、legacy migration 未…` while retaining valid shape; expect ERR-REQ-180-PAIN-SEMANTIC and zero canonical mutation,fixtures/requirements/req-180-pass-happy-path-llm-expected-anchor-.yaml,GATE-REQ-180-PAIN,"evidence/requirements/req-180/{input,measurement,negative,checker,rollback}.json",NOT_RUN
REQ-181,ACC-046,"ORACLE-REQ-181-TARGET: target metric, measurement method and counter-metric are all reported and thresholded; verify fixture-specific expected fields and reject semantic mutation, not merely missing metadata",measurement_fields=100%; target_met=true or BLOCKED; counter_metric_regression=0,NEG-REQ-181: alter the decisive meaning `建立可重跑、可校準、可獨立複核的多層 Gate 系統。` while retaining valid shape; expect ERR-REQ-181-TARGET-SEMANTIC and zero canonical mutation,fixtures/requirements/req-181-gate.yaml,GATE-REQ-181-TARGET,"evidence/requirements/req-181/{input,measurement,negative,checker,rollback}.json",NOT_RUN
REQ-182,ACC-046,"ORACLE-REQ-182-FUNCTION: positive produces typed output; negative/edge produce specified error or bounded degraded result; verify fixture-specific expected fields and reject semantic mutation, not merely missing metadata",positive_pass=1; negative_reject=1; edge_bounded=1,NEG-REQ-182: alter the decisive meaning `提供 TestMatrix、CheckRun、GoldenSet、MutationReport、NRTV blind queries、RA…` while retaining valid shape; expect ERR-REQ-182-FUNCTION-SEMANTIC and zero canonical mutation,fixtures/requirements/req-182-testmatrix-checkrun-goldenset-mutati.yaml,GATE-REQ-182-FUNCTION,"evidence/requirements/req-182/{input,measurement,negative,checker,rollback}.json",NOT_RUN
REQ-183,ACC-046,"ORACLE-REQ-183-PURPOSE: purpose chain is complete and no governance/tool detail replaces the core user outcome; verify fixture-specific expected fields and reject semantic mutation, not merely missing metadata",pain_to_mechanism_edges>=1; mechanism_to_evidence_edges>=1; purpose_orphans=0,NEG-REQ-183: alter the decisive meaning `把產品與工程承諾轉為可證 acceptance，控制 release 與 replacement。` while retaining valid shape; expect ERR-REQ-183-PURPOSE-SEMANTIC and zero canonical mutation,fixtures/requirements/req-183-acceptance-release-replacement.yaml,GATE-REQ-183-PURPOSE,"evidence/requirements/req-183/{input,measurement,negative,checker,rollback}.json",NOT_RUN
REQ-184,ACC-046,"ORACLE-REQ-184-POSITION: boundary checker rejects the substitution and preserves the canonical owner; verify fixture-specific expected fields and reject semantic mutation, not merely missing metadata",owner_substitution_rejected=1; foreign_writer_count=0; second_root_count=0,NEG-REQ-184: alter the decisive meaning `Eval 是 independent assurance plane，不是 producer 自證或單一總分。` while retaining valid shape; expect ERR-REQ-184-POSITION-SEMANTIC and zero canonical mutation,fixtures/requirements/req-184-eval-independent-assurance-plane-pro.yaml,GATE-REQ-184-POSITION,"evidence/requirements/req-184/{input,measurement,negative,checker,rollback}.json",NOT_RUN
REQ-185,ACC-085,"ORACLE-REQ-185-PLAN: required object set equals source-enumerated set; no extra product root; verify fixture-specific expected fields and reject semantic mutation, not merely missing metadata",coverage_ratio=1.00; prohibited_root_count=0,NEG-REQ-185: alter the decisive meaning `定義 evidence schema、claim/evidence mapping、environment/command/actual/…` while retaining valid shape; expect ERR-REQ-185-PLAN-SEMANTIC and zero canonical mutation,fixtures/requirements/req-185-evidence-schema-claim-evidence-mappi.yaml,GATE-REQ-185-PLAN,"evidence/requirements/req-185/{input,measurement,negative,checker,rollback}.json",NOT_RUN
REQ-186,ACC-081,"ORACLE-REQ-186-INTENT: semantic entailment holds for accepted interpretation and fails for mutation; verify fixture-specific expected fields and reject semantic mutation, not merely missing metadata",accepted_assertions=1/1; rejected_mutation=1/1; authority_violation=0,NEG-REQ-186: alter the decisive meaning `任何狀態提升都需同維度證據；工具輸出與模型敘述不能替代獨立裁決。` while retaining valid shape; expect ERR-REQ-186-INTENT-SEMANTIC and zero canonical mutation,fixtures/requirements/req-186-artifact.yaml,GATE-REQ-186-INTENT,"evidence/requirements/req-186/{input,measurement,negative,checker,rollback}.json",NOT_RUN
REQ-187,ACC-080,"ORACLE-REQ-187-NEED: consumer returns deterministic ACK or field-specific NACK without consulting donor corpus; verify fixture-specific expected fields and reject semantic mutation, not merely missing metadata",required_field_recall=1.00; raw_volume_reads=0,NEG-REQ-187: alter the decisive meaning `使用者能信任「完成」的範圍，知道未完成/限制/rollback，並可重現發布決策。` while retaining valid shape; expect ERR-REQ-187-NEED-SEMANTIC and zero canonical mutation,fixtures/requirements/req-187-rollback.yaml,GATE-REQ-187-NEED,"evidence/requirements/req-187/{input,measurement,negative,checker,rollback}.json",NOT_RUN
REQ-188,ACC-085,"ORACLE-REQ-188-PAIN: typed detector identifies the named defect and blocks promotion without false acceptance; verify fixture-specific expected fields and reject semantic mutation, not merely missing metadata",named_failure_detected=1; canonical_mutations=0; false_accepts=0,NEG-REQ-188: alter the decisive meaning `local file 或綠色 CI 被誤寫 production；evidence 缺環境/命令/reviewer；release 無 r…` while retaining valid shape; expect ERR-REQ-188-PAIN-SEMANTIC and zero canonical mutation,fixtures/requirements/req-188-local-file-ci-production-evidence-re.yaml,GATE-REQ-188-PAIN,"evidence/requirements/req-188/{input,measurement,negative,checker,rollback}.json",NOT_RUN
REQ-189,ACC-080,"ORACLE-REQ-189-TARGET: target metric, measurement method and counter-metric are all reported and thresholded; verify fixture-specific expected fields and reject semantic mutation, not merely missing metadata",measurement_fields=100%; target_met=true or BLOCKED; counter_metric_regression=0,NEG-REQ-189: alter the decisive meaning `形成誠實、可重放、可撤銷、可審計的發布供應鏈。` while retaining valid shape; expect ERR-REQ-189-TARGET-SEMANTIC and zero canonical mutation,fixtures/requirements/req-189-artifact.yaml,GATE-REQ-189-TARGET,"evidence/requirements/req-189/{input,measurement,negative,checker,rollback}.json",NOT_RUN
REQ-190,ACC-079,"ORACLE-REQ-190-FUNCTION: positive produces typed output; negative/edge produce specified error or bounded degraded result; verify fixture-specific expected fields and reject semantic mutation, not merely missing metadata",positive_pass=1; negative_reject=1; edge_bounded=1,NEG-REQ-190: alter the decisive meaning `提供 EvidenceEnvelope、ReleaseChecklist/Decision、waiver、manifest/checksu…` while retaining valid shape; expect ERR-REQ-190-FUNCTION-SEMANTIC and zero canonical mutation,fixtures/requirements/req-190-evidenceenvelope-releasechecklist-de.yaml,GATE-REQ-190-FUNCTION,"evidence/requirements/req-190/{input,measurement,negative,checker,rollback}.json",NOT_RUN
REQ-191,ACC-079,"ORACLE-REQ-191-PURPOSE: purpose chain is complete and no governance/tool detail replaces the core user outcome; verify fixture-specific expected fields and reject semantic mutation, not merely missing metadata",pain_to_mechanism_edges>=1; mechanism_to_evidence_edges>=1; purpose_orphans=0,NEG-REQ-191: alter the decisive meaning `保護產品可信度與 operational safety，防止 false PASS。` while retaining valid shape; expect ERR-REQ-191-PURPOSE-SEMANTIC and zero canonical mutation,fixtures/requirements/req-191-operational-safety-false-pass.yaml,GATE-REQ-191-PURPOSE,"evidence/requirements/req-191/{input,measurement,negative,checker,rollback}.json",NOT_RUN
REQ-192,ACC-085,"ORACLE-REQ-192-POSITION: boundary checker rejects the substitution and preserves the canonical owner; verify fixture-specific expected fields and reject semantic mutation, not merely missing metadata",owner_substitution_rejected=1; foreign_writer_count=0; second_root_count=0,NEG-REQ-192: alter the decisive meaning `ReleaseReducer 不執行驗證或取代 Human Authority；只將 evidence 依政策降維成可批准決策。` while retaining valid shape; expect ERR-REQ-192-POSITION-SEMANTIC and zero canonical mutation,fixtures/requirements/req-192-releasereducer-human-authority-evide.yaml,GATE-REQ-192-POSITION,"evidence/requirements/req-192/{input,measurement,negative,checker,rollback}.json",NOT_RUN
REQ-193,ACC-077,"ORACLE-REQ-193-PLAN: required object set equals source-enumerated set; no extra product root; verify fixture-specific expected fields and reject semantic mutation, not merely missing metadata",coverage_ratio=1.00; prohibited_root_count=0,NEG-REQ-193: alter the decisive meaning `建立 trace/log/metric/event schema、SLI/SLO、budget/cost attribution、capa…` while retaining valid shape; expect ERR-REQ-193-PLAN-SEMANTIC and zero canonical mutation,fixtures/requirements/req-193-trace-log-metric-event-schema-sli-sl.yaml,GATE-REQ-193-PLAN,"evidence/requirements/req-193/{input,measurement,negative,checker,rollback}.json",NOT_RUN
REQ-194,ACC-077,"ORACLE-REQ-194-INTENT: semantic entailment holds for accepted interpretation and fails for mutation; verify fixture-specific expected fields and reject semantic mutation, not merely missing metadata",accepted_assertions=1/1; rejected_mutation=1/1; authority_violation=0,NEG-REQ-194: alter the decisive meaning `自主/長任務系統必須可見、可診斷、可限額、可恢復；未量測前不設硬門檻。` while retaining valid shape; expect ERR-REQ-194-INTENT-SEMANTIC and zero canonical mutation,fixtures/requirements/req-194-artifact.yaml,GATE-REQ-194-INTENT,"evidence/requirements/req-194/{input,measurement,negative,checker,rollback}.json",NOT_RUN
REQ-195,ACC-077,"ORACLE-REQ-195-NEED: consumer returns deterministic ACK or field-specific NACK without consulting donor corpus; verify fixture-specific expected fields and reject semantic mutation, not merely missing metadata",required_field_recall=1.00; raw_volume_reads=0,NEG-REQ-195: alter the decisive meaning `使用者能知道系統做了什麼、花多少、為何失敗、是否可恢復，以及何時應降級。` while retaining valid shape; expect ERR-REQ-195-NEED-SEMANTIC and zero canonical mutation,fixtures/requirements/req-195-artifact.yaml,GATE-REQ-195-NEED,"evidence/requirements/req-195/{input,measurement,negative,checker,rollback}.json",NOT_RUN
REQ-196,ACC-077,"ORACLE-REQ-196-PAIN: typed detector identifies the named defect and blocks promotion without false acceptance; verify fixture-specific expected fields and reject semantic mutation, not merely missing metadata",named_failure_detected=1; canonical_mutations=0; false_accepts=0,NEG-REQ-196: alter the decisive meaning `黑盒 Agent、成本失控、log 爆量、無 incident owner、恢復未演練、resource target 憑空設定。` while retaining valid shape; expect ERR-REQ-196-PAIN-SEMANTIC and zero canonical mutation,fixtures/requirements/req-196-agent-log-incident-owner-resource-ta.yaml,GATE-REQ-196-PAIN,"evidence/requirements/req-196/{input,measurement,negative,checker,rollback}.json",NOT_RUN
REQ-197,ACC-077,"ORACLE-REQ-197-TARGET: target metric, measurement method and counter-metric are all reported and thresholded; verify fixture-specific expected fields and reject semantic mutation, not merely missing metadata",measurement_fields=100%; target_met=true or BLOCKED; counter_metric_regression=0,NEG-REQ-197: alter the decisive meaning `建立可操作的 reliability/cost/capacity baseline，支撐 P0 到 automation 演進。` while retaining valid shape; expect ERR-REQ-197-TARGET-SEMANTIC and zero canonical mutation,fixtures/requirements/req-197-reliability-cost-capacity-baseline-p.yaml,GATE-REQ-197-TARGET,"evidence/requirements/req-197/{input,measurement,negative,checker,rollback}.json",NOT_RUN
REQ-198,ACC-078,"ORACLE-REQ-198-FUNCTION: positive produces typed output; negative/edge produce specified error or bounded degraded result; verify fixture-specific expected fields and reject semantic mutation, not merely missing metadata",positive_pass=1; negative_reject=1; edge_bounded=1,NEG-REQ-198: alter the decisive meaning `提供 OpenTelemetry-style traces、structured logs、budget/latency/failure …` while retaining valid shape; expect ERR-REQ-198-FUNCTION-SEMANTIC and zero canonical mutation,fixtures/requirements/req-198-opentelemetry-style-traces-structure.yaml,GATE-REQ-198-FUNCTION,"evidence/requirements/req-198/{input,measurement,negative,checker,rollback}.json",NOT_RUN
REQ-199,ACC-077,"ORACLE-REQ-199-PURPOSE: purpose chain is complete and no governance/tool detail replaces the core user outcome; verify fixture-specific expected fields and reject semantic mutation, not merely missing metadata",pain_to_mechanism_edges>=1; mechanism_to_evidence_edges>=1; purpose_orphans=0,NEG-REQ-199: alter the decisive meaning `讓工程閉環具備 production-like 可運維設計，即使尚未 production。` while retaining valid shape; expect ERR-REQ-199-PURPOSE-SEMANTIC and zero canonical mutation,fixtures/requirements/req-199-production-like-production.yaml,GATE-REQ-199-PURPOSE,"evidence/requirements/req-199/{input,measurement,negative,checker,rollback}.json",NOT_RUN
REQ-200,ACC-077,"ORACLE-REQ-200-POSITION: boundary checker rejects the substitution and preserves the canonical owner; verify fixture-specific expected fields and reject semantic mutation, not merely missing metadata",owner_substitution_rejected=1; foreign_writer_count=0; second_root_count=0,NEG-REQ-200: alter the decisive meaning `Observability 提供 evidence/advisory；不自動授予 remediation/release 權限。` while retaining valid shape; expect ERR-REQ-200-POSITION-SEMANTIC and zero canonical mutation,fixtures/requirements/req-200-observability-evidence-advisory-reme.yaml,GATE-REQ-200-POSITION,"evidence/requirements/req-200/{input,measurement,negative,checker,rollback}.json",NOT_RUN
REQ-201,ACC-087,"ORACLE-REQ-201-PLAN: required object set equals source-enumerated set; no extra product root; verify fixture-specific expected fields and reject semantic mutation, not merely missing metadata",coverage_ratio=1.00; prohibited_root_count=0,NEG-REQ-201: alter the decisive meaning `逐基座建立 preserve/rebase/translate/merge/split/deprecate/reject matrix、c…` while retaining valid shape; expect ERR-REQ-201-PLAN-SEMANTIC and zero canonical mutation,fixtures/requirements/req-201-preserve-rebase-translate-merge-spli.yaml,GATE-REQ-201-PLAN,"evidence/requirements/req-201/{input,measurement,negative,checker,rollback}.json",NOT_RUN
REQ-202,ACC-086,"ORACLE-REQ-202-INTENT: semantic entailment holds for accepted interpretation and fails for mutation; verify fixture-specific expected fields and reject semantic mutation, not merely missing metadata",accepted_assertions=1/1; rejected_mutation=1/1; authority_violation=0,NEG-REQ-202: alter the decisive meaning `舊版能力有價值但不能保留平行 SSOT、runtime conflation、模板 clone、宣告即啟用或過期狀態。` while retaining valid shape; expect ERR-REQ-202-INTENT-SEMANTIC and zero canonical mutation,fixtures/requirements/req-202-ssot-runtime-conflation-clone.yaml,GATE-REQ-202-INTENT,"evidence/requirements/req-202/{input,measurement,negative,checker,rollback}.json",NOT_RUN
REQ-203,ACC-086,"ORACLE-REQ-203-NEED: consumer returns deterministic ACK or field-specific NACK without consulting donor corpus; verify fixture-specific expected fields and reject semantic mutation, not merely missing metadata",required_field_recall=1.00; raw_volume_reads=0,NEG-REQ-203: alter the decisive meaning `使用者可最大化既有投資與成熟工件，避免重新造輪子，同時得到一致的新包。` while retaining valid shape; expect ERR-REQ-203-NEED-SEMANTIC and zero canonical mutation,fixtures/requirements/req-203-artifact.yaml,GATE-REQ-203-NEED,"evidence/requirements/req-203/{input,measurement,negative,checker,rollback}.json",NOT_RUN
REQ-204,ACC-087,"ORACLE-REQ-204-PAIN: typed detector identifies the named defect and blocks promotion without false acceptance; verify fixture-specific expected fields and reject semantic mutation, not merely missing metadata",named_failure_detected=1; canonical_mutations=0; false_accepts=0,NEG-REQ-204: alter the decisive meaning `能力遺失、舊命名/權威滲透、相同 contract 多份、版本 alias 混亂、migration 無回歸。` while retaining valid shape; expect ERR-REQ-204-PAIN-SEMANTIC and zero canonical mutation,fixtures/requirements/req-204-contract-alias-migration.yaml,GATE-REQ-204-PAIN,"evidence/requirements/req-204/{input,measurement,negative,checker,rollback}.json",NOT_RUN
REQ-205,ACC-087,"ORACLE-REQ-205-TARGET: target metric, measurement method and counter-metric are all reported and thresholded; verify fixture-specific expected fields and reject semantic mutation, not merely missing metadata",measurement_fields=100%; target_met=true or BLOCKED; counter_metric_regression=0,NEG-REQ-205: alter the decisive meaning `完成「保留能力、統一法位、消除重複、修補缺陷、建立 replacement evidence」的受控遷移。` while retaining valid shape; expect ERR-REQ-205-TARGET-SEMANTIC and zero canonical mutation,fixtures/requirements/req-205-replacement-evidence.yaml,GATE-REQ-205-TARGET,"evidence/requirements/req-205/{input,measurement,negative,checker,rollback}.json",NOT_RUN
REQ-206,ACC-087,"ORACLE-REQ-206-FUNCTION: positive produces typed output; negative/edge produce specified error or bounded degraded result; verify fixture-specific expected fields and reject semantic mutation, not merely missing metadata",positive_pass=1; negative_reject=1; edge_bounded=1,NEG-REQ-206: alter the decisive meaning `提供 crosswalk、diff/coverage、compatibility/alias、regression set、dual-ru…` while retaining valid shape; expect ERR-REQ-206-FUNCTION-SEMANTIC and zero canonical mutation,fixtures/requirements/req-206-crosswalk-diff-coverage-compatibilit.yaml,GATE-REQ-206-FUNCTION,"evidence/requirements/req-206/{input,measurement,negative,checker,rollback}.json",NOT_RUN
REQ-207,ACC-086,"ORACLE-REQ-207-PURPOSE: purpose chain is complete and no governance/tool detail replaces the core user outcome; verify fixture-specific expected fields and reject semantic mutation, not merely missing metadata",pain_to_mechanism_edges>=1; mechanism_to_evidence_edges>=1; purpose_orphans=0,NEG-REQ-207: alter the decisive meaning `把歷史工程資產轉成 HG-KSEOS-native 可施工基座。` while retaining valid shape; expect ERR-REQ-207-PURPOSE-SEMANTIC and zero canonical mutation,fixtures/requirements/req-207-hg-kseos-native.yaml,GATE-REQ-207-PURPOSE,"evidence/requirements/req-207/{input,measurement,negative,checker,rollback}.json",NOT_RUN
REQ-208,ACC-086,"ORACLE-REQ-208-POSITION: boundary checker rejects the substitution and preserves the canonical owner; verify fixture-specific expected fields and reject semantic mutation, not merely missing metadata",owner_substitution_rejected=1; foreign_writer_count=0; second_root_count=0,NEG-REQ-208: alter the decisive meaning `Root=HG-KSEOS；Carrier=P0-CIP/製程；Projection=32冊/Builder/Skills；Runtime…` while retaining valid shape; expect ERR-REQ-208-POSITION-SEMANTIC and zero canonical mutation,fixtures/requirements/req-208-root-hg-kseos-carrier-p0-cip-project.yaml,GATE-REQ-208-POSITION,"evidence/requirements/req-208/{input,measurement,negative,checker,rollback}.json",NOT_RUN
REQ-209,ACC-090,"ORACLE-REQ-209-PLAN: required object set equals source-enumerated set; no extra product root; verify fixture-specific expected fields and reject semantic mutation, not merely missing metadata",coverage_ratio=1.00; prohibited_root_count=0,NEG-REQ-209: alter the decisive meaning `建立 Route-out Decision Tree、Implementation Command Pack、repo-context r…` while retaining valid shape; expect ERR-REQ-209-PLAN-SEMANTIC and zero canonical mutation,fixtures/requirements/req-209-route-out-decision-tree-implementati.yaml,GATE-REQ-209-PLAN,"evidence/requirements/req-209/{input,measurement,negative,checker,rollback}.json",NOT_RUN
REQ-210,ACC-089,"ORACLE-REQ-210-INTENT: semantic entailment holds for accepted interpretation and fails for mutation; verify fixture-specific expected fields and reject semantic mutation, not merely missing metadata",accepted_assertions=1/1; rejected_mutation=1/1; authority_violation=0,NEG-REQ-210: alter the decisive meaning `設計、指揮、執行、獨立驗收與發布必須分工；GPT A 不假裝 repo/runtime 已讀/已做。` while retaining valid shape; expect ERR-REQ-210-INTENT-SEMANTIC and zero canonical mutation,fixtures/requirements/req-210-gpt-a-repo-runtime.yaml,GATE-REQ-210-INTENT,"evidence/requirements/req-210/{input,measurement,negative,checker,rollback}.json",NOT_RUN
REQ-211,ACC-089,"ORACLE-REQ-211-NEED: consumer returns deterministic ACK or field-specific NACK without consulting donor corpus; verify fixture-specific expected fields and reject semantic mutation, not merely missing metadata",required_field_recall=1.00; raw_volume_reads=0,NEG-REQ-211: alter the decisive meaning `其他 AI 可直接接手施工，使用者能追蹤輸入/輸出/責任/證據而不重新口頭交代。` while retaining valid shape; expect ERR-REQ-211-NEED-SEMANTIC and zero canonical mutation,fixtures/requirements/req-211-ai.yaml,GATE-REQ-211-NEED,"evidence/requirements/req-211/{input,measurement,negative,checker,rollback}.json",NOT_RUN
REQ-212,ACC-090,"ORACLE-REQ-212-PAIN: typed detector identifies the named defect and blocks promotion without false acceptance; verify fixture-specific expected fields and reject semantic mutation, not merely missing metadata",named_failure_detected=1; canonical_mutations=0; false_accepts=0,NEG-REQ-212: alter the decisive meaning `只寫「交給 OROCHI」、無欄位/owner/gate；執行者自行解讀；GPT A 自稱完成外部動作；evidence 回程斷裂。` while retaining valid shape; expect ERR-REQ-212-PAIN-SEMANTIC and zero canonical mutation,fixtures/requirements/req-212-orochi-owner-gate-gpt-a-evidence.yaml,GATE-REQ-212-PAIN,"evidence/requirements/req-212/{input,measurement,negative,checker,rollback}.json",NOT_RUN
REQ-213,ACC-089,"ORACLE-REQ-213-TARGET: target metric, measurement method and counter-metric are all reported and thresholded; verify fixture-specific expected fields and reject semantic mutation, not merely missing metadata",measurement_fields=100%; target_met=true or BLOCKED; counter_metric_regression=0,NEG-REQ-213: alter the decisive meaning `形成可機器消費、可拒絕、可回填的跨 Agent/工程鏈 contract。` while retaining valid shape; expect ERR-REQ-213-TARGET-SEMANTIC and zero canonical mutation,fixtures/requirements/req-213-agent-contract.yaml,GATE-REQ-213-TARGET,"evidence/requirements/req-213/{input,measurement,negative,checker,rollback}.json",NOT_RUN
REQ-214,ACC-089,"ORACLE-REQ-214-FUNCTION: positive produces typed output; negative/edge produce specified error or bounded degraded result; verify fixture-specific expected fields and reject semantic mutation, not merely missing metadata",positive_pass=1; negative_reject=1; edge_bounded=1,NEG-REQ-214: alter the decisive meaning `提供 actor boundary matrix、handoff schema、approval token、forbidden clai…` while retaining valid shape; expect ERR-REQ-214-FUNCTION-SEMANTIC and zero canonical mutation,fixtures/requirements/req-214-actor-boundary-matrix-handoff-schema.yaml,GATE-REQ-214-FUNCTION,"evidence/requirements/req-214/{input,measurement,negative,checker,rollback}.json",NOT_RUN
REQ-215,ACC-089,"ORACLE-REQ-215-PURPOSE: purpose chain is complete and no governance/tool detail replaces the core user outcome; verify fixture-specific expected fields and reject semantic mutation, not merely missing metadata",pain_to_mechanism_edges>=1; mechanism_to_evidence_edges>=1; purpose_orphans=0,NEG-REQ-215: alter the decisive meaning `將文檔包實際連到開發與驗收，不混淆 GPTs-only 與 runtime。` while retaining valid shape; expect ERR-REQ-215-PURPOSE-SEMANTIC and zero canonical mutation,fixtures/requirements/req-215-gpts-only-runtime.yaml,GATE-REQ-215-PURPOSE,"evidence/requirements/req-215/{input,measurement,negative,checker,rollback}.json",NOT_RUN
REQ-216,ACC-089,"ORACLE-REQ-216-POSITION: boundary checker rejects the substitution and preserves the canonical owner; verify fixture-specific expected fields and reject semantic mutation, not merely missing metadata",owner_substitution_rejected=1; foreign_writer_count=0; second_root_count=0,NEG-REQ-216: alter the decisive meaning `Handoff packet 是唯一合法跨法位載體；execution evidence 只能由 executor/pilot 產生。` while retaining valid shape; expect ERR-REQ-216-POSITION-SEMANTIC and zero canonical mutation,fixtures/requirements/req-216-handoff-packet-execution-evidence-ex.yaml,GATE-REQ-216-POSITION,"evidence/requirements/req-216/{input,measurement,negative,checker,rollback}.json",NOT_RUN
REQ-217,ACC-001,"ORACLE-REQ-217-PLAN: required object set equals source-enumerated set; no extra product root; verify fixture-specific expected fields and reject semantic mutation, not merely missing metadata",coverage_ratio=1.00; prohibited_root_count=0,NEG-REQ-217: alter the decisive meaning `每冊含 Reader Contract、authority/source locators、schemas、workflow/state …` while retaining valid shape; expect ERR-REQ-217-PLAN-SEMANTIC and zero canonical mutation,fixtures/requirements/req-217-reader-contract-authority-source-loc.yaml,GATE-REQ-217-PLAN,"evidence/requirements/req-217/{input,measurement,negative,checker,rollback}.json",NOT_RUN
REQ-218,ACC-003,"ORACLE-REQ-218-INTENT: semantic entailment holds for accepted interpretation and fails for mutation; verify fixture-specific expected fields and reject semantic mutation, not merely missing metadata",accepted_assertions=1/1; rejected_mutation=1/1; authority_violation=0,NEG-REQ-218: alter the decisive meaning `文件包是 AI-readable engineering interface，不是人類摘要或來源長文拼接。` while retaining valid shape; expect ERR-REQ-218-INTENT-SEMANTIC and zero canonical mutation,fixtures/requirements/req-218-ai-readable-engineering-interface.yaml,GATE-REQ-218-INTENT,"evidence/requirements/req-218/{input,measurement,negative,checker,rollback}.json",NOT_RUN
REQ-219,ACC-001,"ORACLE-REQ-219-NEED: consumer returns deterministic ACK or field-specific NACK without consulting donor corpus; verify fixture-specific expected fields and reject semantic mutation, not merely missing metadata",required_field_recall=1.00; raw_volume_reads=0,NEG-REQ-219: alter the decisive meaning `其他模型不需了解對話歷史與 raw volumes，就能定位正確 anchor、拒絕缺證、產出可施工內容。` while retaining valid shape; expect ERR-REQ-219-NEED-SEMANTIC and zero canonical mutation,fixtures/requirements/req-219-raw-volumes-anchor.yaml,GATE-REQ-219-NEED,"evidence/requirements/req-219/{input,measurement,negative,checker,rollback}.json",NOT_RUN
REQ-220,ACC-003,"ORACLE-REQ-220-PAIN: typed detector identifies the named defect and blocks promotion without false acceptance; verify fixture-specific expected fields and reject semantic mutation, not merely missing metadata",named_failure_detected=1; canonical_mutations=0; false_accepts=0,NEG-REQ-220: alter the decisive meaning `文件太長但不可導航、只有概念、跨冊接口缺失、需回 source volumes 才能回答、模型自行補空白。` while retaining valid shape; expect ERR-REQ-220-PAIN-SEMANTIC and zero canonical mutation,fixtures/requirements/req-220-source-volumes.yaml,GATE-REQ-220-PAIN,"evidence/requirements/req-220/{input,measurement,negative,checker,rollback}.json",NOT_RUN
REQ-221,ACC-001,"ORACLE-REQ-221-TARGET: target metric, measurement method and counter-metric are all reported and thresholded; verify fixture-specific expected fields and reject semantic mutation, not merely missing metadata",measurement_fields=100%; target_met=true or BLOCKED; counter_metric_regression=0,NEG-REQ-221: alter the decisive meaning `達到 NRTV replacement candidate：常見/負面/邊界問題只靠新包可答，並有 abstention/TT。` while retaining valid shape; expect ERR-REQ-221-TARGET-SEMANTIC and zero canonical mutation,fixtures/requirements/req-221-nrtv-replacement-candidate-abstentio.yaml,GATE-REQ-221-TARGET,"evidence/requirements/req-221/{input,measurement,negative,checker,rollback}.json",NOT_RUN
REQ-222,ACC-092,"ORACLE-REQ-222-FUNCTION: positive produces typed output; negative/edge produce specified error or bounded degraded result; verify fixture-specific expected fields and reject semantic mutation, not merely missing metadata",positive_pass=1; negative_reject=1; edge_bounded=1,NEG-REQ-222: alter the decisive meaning `提供 anchor-first router、glossary、stable IDs、typed schemas、extraction g…` while retaining valid shape; expect ERR-REQ-222-FUNCTION-SEMANTIC and zero canonical mutation,fixtures/requirements/req-222-anchor-first-router-glossary-stable-.yaml,GATE-REQ-222-FUNCTION,"evidence/requirements/req-222/{input,measurement,negative,checker,rollback}.json",NOT_RUN
REQ-223,ACC-003,"ORACLE-REQ-223-PURPOSE: purpose chain is complete and no governance/tool detail replaces the core user outcome; verify fixture-specific expected fields and reject semantic mutation, not merely missing metadata",pain_to_mechanism_edges>=1; mechanism_to_evidence_edges>=1; purpose_orphans=0,NEG-REQ-223: alter the decisive meaning `將 60 份來源知識轉成可持續維護的工程知識產品。` while retaining valid shape; expect ERR-REQ-223-PURPOSE-SEMANTIC and zero canonical mutation,fixtures/requirements/req-223-60.yaml,GATE-REQ-223-PURPOSE,"evidence/requirements/req-223/{input,measurement,negative,checker,rollback}.json",NOT_RUN
REQ-224,ACC-003,"ORACLE-REQ-224-POSITION: boundary checker rejects the substitution and preserves the canonical owner; verify fixture-specific expected fields and reject semantic mutation, not merely missing metadata",owner_substitution_rejected=1; foreign_writer_count=0; second_root_count=0,NEG-REQ-224: alter the decisive meaning `新包是 canonical pre-implementation projection；來源群是 donor/evidence，兩者不得混…` while retaining valid shape; expect ERR-REQ-224-POSITION-SEMANTIC and zero canonical mutation,fixtures/requirements/req-224-canonical-pre-implementation-project.yaml,GATE-REQ-224-POSITION,"evidence/requirements/req-224/{input,measurement,negative,checker,rollback}.json",NOT_RUN
REQ-225,ACC-055,"ORACLE-REQ-225-PLAN: required object set equals source-enumerated set; no extra product root; verify fixture-specific expected fields and reject semantic mutation, not merely missing metadata",coverage_ratio=1.00; prohibited_root_count=0,NEG-REQ-225: alter the decisive meaning `每 capability 先 reuse scout/FIT-GAP，再決定 ADOPT/REBASE/TRANSLATE/PATTERN…` while retaining valid shape; expect ERR-REQ-225-PLAN-SEMANTIC and zero canonical mutation,fixtures/requirements/req-225-capability-reuse-scout-fit-gap-adopt.yaml,GATE-REQ-225-PLAN,"evidence/requirements/req-225/{input,measurement,negative,checker,rollback}.json",NOT_RUN
REQ-226,ACC-096,"ORACLE-REQ-226-INTENT: semantic entailment holds for accepted interpretation and fails for mutation; verify fixture-specific expected fields and reject semantic mutation, not merely missing metadata",accepted_assertions=1/1; rejected_mutation=1/1; authority_violation=0,NEG-REQ-226: alter the decisive meaning `最大化成熟技術，但拒絕全家桶；最小充分、可替換、可重建優先於熱門度與自動化程度。` while retaining valid shape; expect ERR-REQ-226-INTENT-SEMANTIC and zero canonical mutation,fixtures/requirements/req-226-artifact.yaml,GATE-REQ-226-INTENT,"evidence/requirements/req-226/{input,measurement,negative,checker,rollback}.json",NOT_RUN
REQ-227,ACC-056,"ORACLE-REQ-227-NEED: consumer returns deterministic ACK or field-specific NACK without consulting donor corpus; verify fixture-specific expected fields and reject semantic mutation, not merely missing metadata",required_field_recall=1.00; raw_volume_reads=0,NEG-REQ-227: alter the decisive meaning `使用者可快速啟動、低運維、低學習成本，後續需求出現時再加 provider，而非預先承擔複雜度。` while retaining valid shape; expect ERR-REQ-227-NEED-SEMANTIC and zero canonical mutation,fixtures/requirements/req-227-provider.yaml,GATE-REQ-227-NEED,"evidence/requirements/req-227/{input,measurement,negative,checker,rollback}.json",NOT_RUN
REQ-228,ACC-055,"ORACLE-REQ-228-PAIN: typed detector identifies the named defect and blocks promotion without false acceptance; verify fixture-specific expected fields and reject semantic mutation, not merely missing metadata",named_failure_detected=1; canonical_mutations=0; false_accepts=0,NEG-REQ-228: alter the decisive meaning `自製已有成熟方案、過早安裝 Vector/KG/Browser/Memory/Swarm、同類工具重疊、框架 lock-in。` while retaining valid shape; expect ERR-REQ-228-PAIN-SEMANTIC and zero canonical mutation,fixtures/requirements/req-228-vector-kg-browser-memory-swarm-lock-.yaml,GATE-REQ-228-PAIN,"evidence/requirements/req-228/{input,measurement,negative,checker,rollback}.json",NOT_RUN
REQ-229,ACC-055,"ORACLE-REQ-229-TARGET: target metric, measurement method and counter-metric are all reported and thresholded; verify fixture-specific expected fields and reject semantic mutation, not merely missing metadata",measurement_fields=100%; target_met=true or BLOCKED; counter_metric_regression=0,NEG-REQ-229: alter the decisive meaning `P0 在單機形成可證閉環；新增能力有明確 pain/metric/pilot/reversal，總整合成本可控。` while retaining valid shape; expect ERR-REQ-229-TARGET-SEMANTIC and zero canonical mutation,fixtures/requirements/req-229-p0-pain-metric-pilot-reversal.yaml,GATE-REQ-229-TARGET,"evidence/requirements/req-229/{input,measurement,negative,checker,rollback}.json",NOT_RUN
REQ-230,ACC-096,"ORACLE-REQ-230-FUNCTION: positive produces typed output; negative/edge produce specified error or bounded degraded result; verify fixture-specific expected fields and reject semantic mutation, not merely missing metadata",positive_pass=1; negative_reject=1; edge_bounded=1,NEG-REQ-230: alter the decisive meaning `提供 minimal profile、native fallback、tool scorecard、integration budget、…` while retaining valid shape; expect ERR-REQ-230-FUNCTION-SEMANTIC and zero canonical mutation,fixtures/requirements/req-230-minimal-profile-native-fallback-tool.yaml,GATE-REQ-230-FUNCTION,"evidence/requirements/req-230/{input,measurement,negative,checker,rollback}.json",NOT_RUN
REQ-231,ACC-096,"ORACLE-REQ-231-PURPOSE: purpose chain is complete and no governance/tool detail replaces the core user outcome; verify fixture-specific expected fields and reject semantic mutation, not merely missing metadata",pain_to_mechanism_edges>=1; mechanism_to_evidence_edges>=1; purpose_orphans=0,NEG-REQ-231: alter the decisive meaning `實現「不自己重複造輪子、低磨合、快速可用、高落地可行性」。` while retaining valid shape; expect ERR-REQ-231-PURPOSE-SEMANTIC and zero canonical mutation,fixtures/requirements/req-231-artifact.yaml,GATE-REQ-231-PURPOSE,"evidence/requirements/req-231/{input,measurement,negative,checker,rollback}.json",NOT_RUN
REQ-232,ACC-055,"ORACLE-REQ-232-POSITION: boundary checker rejects the substitution and preserves the canonical owner; verify fixture-specific expected fields and reject semantic mutation, not merely missing metadata",owner_substitution_rejected=1; foreign_writer_count=0; second_root_count=0,NEG-REQ-232: alter the decisive meaning `工程選型策略，不是特定工具清單；contract 與 outcome 不因工具替換改變。` while retaining valid shape; expect ERR-REQ-232-POSITION-SEMANTIC and zero canonical mutation,fixtures/requirements/req-232-contract-outcome.yaml,GATE-REQ-232-POSITION,"evidence/requirements/req-232/{input,measurement,negative,checker,rollback}.json",NOT_RUN
REQ-233,ACC-075,"ORACLE-REQ-233-PLAN: required object set equals source-enumerated set; no extra product root; verify fixture-specific expected fields and reject semantic mutation, not merely missing metadata",coverage_ratio=1.00; prohibited_root_count=0,NEG-REQ-233: alter the decisive meaning `建立 StatusReducer、allowed transitions、claim grammar、TT severity/blocki…` while retaining valid shape; expect ERR-REQ-233-PLAN-SEMANTIC and zero canonical mutation,fixtures/requirements/req-233-statusreducer-allowed-transitions-cl.yaml,GATE-REQ-233-PLAN,"evidence/requirements/req-233/{input,measurement,negative,checker,rollback}.json",NOT_RUN
REQ-234,ACC-097,"ORACLE-REQ-234-INTENT: semantic entailment holds for accepted interpretation and fails for mutation; verify fixture-specific expected fields and reject semantic mutation, not merely missing metadata",accepted_assertions=1/1; rejected_mutation=1/1; authority_violation=0,NEG-REQ-234: alter the decisive meaning `誠實狀態是工程能力；未做不等於失敗，但絕不能寫成 PASS。` while retaining valid shape; expect ERR-REQ-234-INTENT-SEMANTIC and zero canonical mutation,fixtures/requirements/req-234-pass.yaml,GATE-REQ-234-INTENT,"evidence/requirements/req-234/{input,measurement,negative,checker,rollback}.json",NOT_RUN
REQ-235,ACC-046,"ORACLE-REQ-235-NEED: consumer returns deterministic ACK or field-specific NACK without consulting donor corpus; verify fixture-specific expected fields and reject semantic mutation, not merely missing metadata",required_field_recall=1.00; raw_volume_reads=0,NEG-REQ-235: alter the decisive meaning `使用者能精確知道已完成什麼、未完成什麼、何者阻斷下一步、如何關閉。` while retaining valid shape; expect ERR-REQ-235-NEED-SEMANTIC and zero canonical mutation,fixtures/requirements/req-235-artifact.yaml,GATE-REQ-235-NEED,"evidence/requirements/req-235/{input,measurement,negative,checker,rollback}.json",NOT_RUN
REQ-236,ACC-075,"ORACLE-REQ-236-PAIN: typed detector identifies the named defect and blocks promotion without false acceptance; verify fixture-specific expected fields and reject semantic mutation, not merely missing metadata",named_failure_detected=1; canonical_mutations=0; false_accepts=0,NEG-REQ-236: alter the decisive meaning `檔案存在/readback/LLM 自評替代正文或 runtime；TT 只有「stub-only」無 owner/close；局部 PASS 被合併總…` while retaining valid shape; expect ERR-REQ-236-PAIN-SEMANTIC and zero canonical mutation,fixtures/requirements/req-236-readback-llm-runtime-tt-owner-close-.yaml,GATE-REQ-236-PAIN,"evidence/requirements/req-236/{input,measurement,negative,checker,rollback}.json",NOT_RUN
REQ-237,ACC-046,"ORACLE-REQ-237-TARGET: target metric, measurement method and counter-metric are all reported and thresholded; verify fixture-specific expected fields and reject semantic mutation, not merely missing metadata",measurement_fields=100%; target_met=true or BLOCKED; counter_metric_regression=0,NEG-REQ-237: alter the decisive meaning `形成可審計狀態提升與可管理的不確定性，避免 false production/replacement。` while retaining valid shape; expect ERR-REQ-237-TARGET-SEMANTIC and zero canonical mutation,fixtures/requirements/req-237-false-production-replacement.yaml,GATE-REQ-237-TARGET,"evidence/requirements/req-237/{input,measurement,negative,checker,rollback}.json",NOT_RUN
REQ-238,ACC-097,"ORACLE-REQ-238-FUNCTION: positive produces typed output; negative/edge produce specified error or bounded degraded result; verify fixture-specific expected fields and reject semantic mutation, not merely missing metadata",positive_pass=1; negative_reject=1; edge_bounded=1,NEG-REQ-238: alter the decisive meaning `提供 state lattice、gate rows、TT/CR ledger、claim ceiling、evidence requir…` while retaining valid shape; expect ERR-REQ-238-FUNCTION-SEMANTIC and zero canonical mutation,fixtures/requirements/req-238-state-lattice-gate-rows-tt-cr-ledger.yaml,GATE-REQ-238-FUNCTION,"evidence/requirements/req-238/{input,measurement,negative,checker,rollback}.json",NOT_RUN
REQ-239,ACC-046,"ORACLE-REQ-239-PURPOSE: purpose chain is complete and no governance/tool detail replaces the core user outcome; verify fixture-specific expected fields and reject semantic mutation, not merely missing metadata",pain_to_mechanism_edges>=1; mechanism_to_evidence_edges>=1; purpose_orphans=0,NEG-REQ-239: alter the decisive meaning `維持整個 HG-KSEOS 工程鏈的可信度與安全演進。` while retaining valid shape; expect ERR-REQ-239-PURPOSE-SEMANTIC and zero canonical mutation,fixtures/requirements/req-239-hg-kseos.yaml,GATE-REQ-239-PURPOSE,"evidence/requirements/req-239/{input,measurement,negative,checker,rollback}.json",NOT_RUN
REQ-240,ACC-097,"ORACLE-REQ-240-POSITION: boundary checker rejects the substitution and preserves the canonical owner; verify fixture-specific expected fields and reject semantic mutation, not merely missing metadata",owner_substitution_rejected=1; foreign_writer_count=0; second_root_count=0,NEG-REQ-240: alter the decisive meaning `狀態是多維證據結論，不是行銷標籤；TT/CR 是正式工程工件。` while retaining valid shape; expect ERR-REQ-240-POSITION-SEMANTIC and zero canonical mutation,fixtures/requirements/req-240-tt-cr.yaml,GATE-REQ-240-POSITION,"evidence/requirements/req-240/{input,measurement,negative,checker,rollback}.json",NOT_RUN
COV-01-01,ACC-038,All child obligations are present; `#pub-07-h2-00-00-factory-mission` resolves; TST-012 have matching fixtures/oracles; GATE-07 returns no blocking reject code.,`TST-012` / `GATE-07`,"Rejected: a heading, row count, file hash, generic checklist, target policy or maker self-check alone satisfies the requirement.",`TST-012` / `GATE-07`,`TST-012` / `GATE-07`,EvidenceEnvelope + checker receipt + rollback receipt,NOT_RUN
COV-01-02,ACC-046,"All child obligations are present; `#pub-16-h2-05-05-evidence-schema-hash-expiry` resolves; TST-009, TST-041 have matching fixtures/oracles; GATE-16 returns no blocking reject code.","`TST-009, TST-041` / `GATE-16`","Rejected: a heading, row count, file hash, generic checklist, target policy or maker self-check alone satisfies the requirement.","`TST-009, TST-041` / `GATE-16`","`TST-009, TST-041` / `GATE-16`",EvidenceEnvelope + checker receipt + rollback receipt,NOT_RUN
COV-01-03,ACC-014,"All child obligations are present; `#pub-01-h2-00-00-product-identity-freeze` resolves; TST-009, TST-012 have matching fixtures/oracles; GATE-01 returns no blocking reject code.","`TST-009, TST-012` / `GATE-01`","Rejected: a heading, row count, file hash, generic checklist, target policy or maker self-check alone satisfies the requirement.","`TST-009, TST-012` / `GATE-01`","`TST-009, TST-012` / `GATE-01`",EvidenceEnvelope + checker receipt + rollback receipt,NOT_RUN
COV-01-04,ACC-009,"All child obligations are present; `#pub-02-h2-01-01-root-carrier-projection` resolves; TST-004, TST-010 have matching fixtures/oracles; GATE-02 returns no blocking reject code.","`TST-004, TST-010` / `GATE-02`","Rejected: a heading, row count, file hash, generic checklist, target policy or maker self-check alone satisfies the requirement.","`TST-004, TST-010` / `GATE-02`","`TST-004, TST-010` / `GATE-02`",EvidenceEnvelope + checker receipt + rollback receipt,NOT_RUN
COV-01-05,ACC-014,All child obligations are present; `#pub-01-h2-00-00-product-identity-freeze` resolves; TST-009 have matching fixtures/oracles; GATE-01 returns no blocking reject code.,`TST-009` / `GATE-01`,"Rejected: a heading, row count, file hash, generic checklist, target policy or maker self-check alone satisfies the requirement.",`TST-009` / `GATE-01`,`TST-009` / `GATE-01`,EvidenceEnvelope + checker receipt + rollback receipt,NOT_RUN
COV-01-06,ACC-014,"All child obligations are present; `#pub-01-h2-00-00-product-identity-freeze` resolves; TST-009, TST-039 have matching fixtures/oracles; GATE-01 returns no blocking reject code.","`TST-009, TST-039` / `GATE-01`","Rejected: a heading, row count, file hash, generic checklist, target policy or maker self-check alone satisfies the requirement.","`TST-009, TST-039` / `GATE-01`","`TST-009, TST-039` / `GATE-01`",EvidenceEnvelope + checker receipt + rollback receipt,NOT_RUN
COV-01-07,ACC-014,All child obligations are present; `#pub-01-h2-00-00-product-identity-freeze` resolves; TST-009 have matching fixtures/oracles; GATE-01 returns no blocking reject code.,`TST-009` / `GATE-01`,"Rejected: a heading, row count, file hash, generic checklist, target policy or maker self-check alone satisfies the requirement.",`TST-009` / `GATE-01`,`TST-009` / `GATE-01`,EvidenceEnvelope + checker receipt + rollback receipt,NOT_RUN
COV-02-01,ACC-018,"All child obligations are present; `#pub-01-h2-00-00-product-identity-freeze` resolves; TST-009, TST-001, TST-048 have matching fixtures/oracles; GATE-01 returns no blocking reject code.","`TST-009, TST-001, TST-048` / `GATE-01`","Rejected: a heading, row count, file hash, generic checklist, target policy or maker self-check alone satisfies the requirement.","`TST-009, TST-001, TST-048` / `GATE-01`","`TST-009, TST-001, TST-048` / `GATE-01`",EvidenceEnvelope + checker receipt + rollback receipt,NOT_RUN
COV-02-02,ACC-095,"All child obligations are present; `#pub-19-h2-00-00-gate-and-claim-constitution` resolves; TST-048, TST-013, TST-041 have matching fixtures/oracles; GATE-19 returns no blocking reject code.","`TST-048, TST-013, TST-041` / `GATE-19`","Rejected: a heading, row count, file hash, generic checklist, target policy or maker self-check alone satisfies the requirement.","`TST-048, TST-013, TST-041` / `GATE-19`","`TST-048, TST-013, TST-041` / `GATE-19`",EvidenceEnvelope + checker receipt + rollback receipt,NOT_RUN
COV-02-03,ACC-003,"All child obligations are present; `#pub-00-h2-01-01-authority-stack-a0-a7` resolves; TST-001, TST-013, TST-017 have matching fixtures/oracles; GATE-00 returns no blocking reject code.","`TST-001, TST-013, TST-017` / `GATE-00`","Rejected: a heading, row count, file hash, generic checklist, target policy or maker self-check alone satisfies the requirement.","`TST-001, TST-013, TST-017` / `GATE-00`","`TST-001, TST-013, TST-017` / `GATE-00`",EvidenceEnvelope + checker receipt + rollback receipt,NOT_RUN
COV-02-04,ACC-031,"All child obligations are present; `#pub-09-h2-00-00-coding-plane-boundary` resolves; TST-027, TST-001, TST-009 have matching fixtures/oracles; GATE-09 returns no blocking reject code.","`TST-027, TST-001, TST-009` / `GATE-09`","Rejected: a heading, row count, file hash, generic checklist, target policy or maker self-check alone satisfies the requirement.","`TST-027, TST-001, TST-009` / `GATE-09`","`TST-027, TST-001, TST-009` / `GATE-09`",EvidenceEnvelope + checker receipt + rollback receipt,NOT_RUN
COV-02-05,ACC-095,All child obligations are present; `#pub-19-h2-02-02-gate-17-independent-acceptance` resolves; TST-048 have matching fixtures/oracles; GATE-19 returns no blocking reject code.,`TST-048` / `GATE-19`,"Rejected: a heading, row count, file hash, generic checklist, target policy or maker self-check alone satisfies the requirement.",`TST-048` / `GATE-19`,`TST-048` / `GATE-19`,EvidenceEnvelope + checker receipt + rollback receipt,NOT_RUN
COV-02-06,ACC-001,All child obligations are present; `#pub-03-h2-05-05-token-scope-ttl-revocation` resolves; TST-015 have matching fixtures/oracles; GATE-03 returns no blocking reject code.,`TST-015` / `GATE-03`,"Rejected: a heading, row count, file hash, generic checklist, target policy or maker self-check alone satisfies the requirement.",`TST-015` / `GATE-03`,`TST-015` / `GATE-03`,EvidenceEnvelope + checker receipt + rollback receipt,NOT_RUN
COV-02-07,ACC-003,"All child obligations are present; `#pub-00-h2-01-01-authority-stack-a0-a7` resolves; TST-001, TST-050, TST-002 have matching fixtures/oracles; GATE-00 returns no blocking reject code.","`TST-001, TST-050, TST-002` / `GATE-00`","Rejected: a heading, row count, file hash, generic checklist, target policy or maker self-check alone satisfies the requirement.","`TST-001, TST-050, TST-002` / `GATE-00`","`TST-001, TST-050, TST-002` / `GATE-00`",EvidenceEnvelope + checker receipt + rollback receipt,NOT_RUN
COV-03-01,ACC-016,"All child obligations are present; `#pub-01-h2-00-00-product-identity-freeze` resolves; TST-009, TST-010, TST-048 have matching fixtures/oracles; GATE-01 returns no blocking reject code.","`TST-009, TST-010, TST-048` / `GATE-01`","Rejected: a heading, row count, file hash, generic checklist, target policy or maker self-check alone satisfies the requirement.","`TST-009, TST-010, TST-048` / `GATE-01`","`TST-009, TST-010, TST-048` / `GATE-01`",EvidenceEnvelope + checker receipt + rollback receipt,NOT_RUN
COV-03-02,ACC-094,"All child obligations are present; `#pub-19-h2-01-01-gate-00-16-local-design` resolves; TST-010, TST-022, TST-049 have matching fixtures/oracles; GATE-19 returns no blocking reject code.","`TST-010, TST-022, TST-049` / `GATE-19`","Rejected: a heading, row count, file hash, generic checklist, target policy or maker self-check alone satisfies the requirement.","`TST-010, TST-022, TST-049` / `GATE-19`","`TST-010, TST-022, TST-049` / `GATE-19`",EvidenceEnvelope + checker receipt + rollback receipt,NOT_RUN
COV-03-03,ACC-014,"All child obligations are present; `#pub-01-h2-05-05-22-coverage-domains` resolves; TST-002, TST-003, TST-012 have matching fixtures/oracles; GATE-01 returns no blocking reject code.","`TST-002, TST-003, TST-012` / `GATE-01`","Rejected: a heading, row count, file hash, generic checklist, target policy or maker self-check alone satisfies the requirement.","`TST-002, TST-003, TST-012` / `GATE-01`","`TST-002, TST-003, TST-012` / `GATE-01`",EvidenceEnvelope + checker receipt + rollback receipt,NOT_RUN
COV-03-04,ACC-021,"All child obligations are present; `#pub-08-h2-00-00-engineering-definition-boundary` resolves; TST-024, TST-044, TST-047 have matching fixtures/oracles; GATE-08 returns no blocking reject code.","`TST-024, TST-044, TST-047` / `GATE-08`","Rejected: a heading, row count, file hash, generic checklist, target policy or maker self-check alone satisfies the requirement.","`TST-024, TST-044, TST-047` / `GATE-08`","`TST-024, TST-044, TST-047` / `GATE-08`",EvidenceEnvelope + checker receipt + rollback receipt,NOT_RUN
COV-03-05,ACC-015,"All child obligations are present; `#pub-01-h2-01-01-mission-positioning-non-goals` resolves; TST-010, TST-026, TST-040 have matching fixtures/oracles; GATE-01 returns no blocking reject code.","`TST-010, TST-026, TST-040` / `GATE-01`","Rejected: a heading, row count, file hash, generic checklist, target policy or maker self-check alone satisfies the requirement.","`TST-010, TST-026, TST-040` / `GATE-01`","`TST-010, TST-026, TST-040` / `GATE-01`",EvidenceEnvelope + checker receipt + rollback receipt,NOT_RUN
COV-03-06,ACC-095,"All child obligations are present; `#pub-03-h2-05-05-token-scope-ttl-revocation` resolves; TST-015, TST-034, TST-041 have matching fixtures/oracles; GATE-03 returns no blocking reject code.","`TST-015, TST-034, TST-041` / `GATE-03`","Rejected: a heading, row count, file hash, generic checklist, target policy or maker self-check alone satisfies the requirement.","`TST-015, TST-034, TST-041` / `GATE-03`","`TST-015, TST-034, TST-041` / `GATE-03`",EvidenceEnvelope + checker receipt + rollback receipt,NOT_RUN
COV-03-07,ACC-089,"All child obligations are present; `#pub-17-h2-09-09-evidence-return-hash-expiry` resolves; TST-016, TST-025, TST-041 have matching fixtures/oracles; GATE-17 returns no blocking reject code.","`TST-016, TST-025, TST-041` / `GATE-17`","Rejected: a heading, row count, file hash, generic checklist, target policy or maker self-check alone satisfies the requirement.","`TST-016, TST-025, TST-041` / `GATE-17`","`TST-016, TST-025, TST-041` / `GATE-17`",EvidenceEnvelope + checker receipt + rollback receipt,NOT_RUN
COV-04-01,ACC-003,"All child obligations are present; `#pub-00-h2-00-00-cover-metadata-read-order` resolves; TST-002, TST-003 have matching fixtures/oracles; GATE-00 returns no blocking reject code.","`TST-002, TST-003` / `GATE-00`","Rejected: a heading, row count, file hash, generic checklist, target policy or maker self-check alone satisfies the requirement.","`TST-002, TST-003` / `GATE-00`","`TST-002, TST-003` / `GATE-00`",EvidenceEnvelope + checker receipt + rollback receipt,NOT_RUN
COV-04-02,ACC-018,"All child obligations are present; `#pub-01-h2-04-04-intent-preservation-card` resolves; TST-006, TST-024, TST-047 have matching fixtures/oracles; GATE-01 returns no blocking reject code.","`TST-006, TST-024, TST-047` / `GATE-01`","Rejected: a heading, row count, file hash, generic checklist, target policy or maker self-check alone satisfies the requirement.","`TST-006, TST-024, TST-047` / `GATE-01`","`TST-006, TST-024, TST-047` / `GATE-01`",EvidenceEnvelope + checker receipt + rollback receipt,NOT_RUN
COV-04-03,ACC-014,"All child obligations are present; `#pub-01-h2-05-05-22-coverage-domains` resolves; TST-006, TST-007, TST-008 have matching fixtures/oracles; GATE-01 returns no blocking reject code.","`TST-006, TST-007, TST-008` / `GATE-01`","Rejected: a heading, row count, file hash, generic checklist, target policy or maker self-check alone satisfies the requirement.","`TST-006, TST-007, TST-008` / `GATE-01`","`TST-006, TST-007, TST-008` / `GATE-01`",EvidenceEnvelope + checker receipt + rollback receipt,NOT_RUN
COV-04-04,ACC-034,"All child obligations are present; `#pub-05-h2-00-00-hermes-legal-position` resolves; TST-017, TST-027, TST-029 have matching fixtures/oracles; GATE-05 returns no blocking reject code.","`TST-017, TST-027, TST-029` / `GATE-05`","Rejected: a heading, row count, file hash, generic checklist, target policy or maker self-check alone satisfies the requirement.","`TST-017, TST-027, TST-029` / `GATE-05`","`TST-017, TST-027, TST-029` / `GATE-05`",EvidenceEnvelope + checker receipt + rollback receipt,NOT_RUN
COV-04-05,ACC-094,All child obligations are present; `#pub-00-h2-00-00-cover-metadata-read-order` resolves; TST-002 have matching fixtures/oracles; GATE-00 returns no blocking reject code.,`TST-002` / `GATE-00`,"Rejected: a heading, row count, file hash, generic checklist, target policy or maker self-check alone satisfies the requirement.",`TST-002` / `GATE-00`,`TST-002` / `GATE-00`,EvidenceEnvelope + checker receipt + rollback receipt,NOT_RUN
COV-04-06,ACC-056,All child obligations are present; `#pub-12-h2-00-00-capability-provider-adapter-semantics` resolves; TST-037 have matching fixtures/oracles; GATE-12 returns no blocking reject code.,`TST-037` / `GATE-12`,"Rejected: a heading, row count, file hash, generic checklist, target policy or maker self-check alone satisfies the requirement.",`TST-037` / `GATE-12`,`TST-037` / `GATE-12`,EvidenceEnvelope + checker receipt + rollback receipt,NOT_RUN
COV-04-07,ACC-001,All child obligations are present; `#pub-03-h2-00-00-role-family-readback` resolves; TST-028 have matching fixtures/oracles; GATE-03 returns no blocking reject code.,`TST-028` / `GATE-03`,"Rejected: a heading, row count, file hash, generic checklist, target policy or maker self-check alone satisfies the requirement.",`TST-028` / `GATE-03`,`TST-028` / `GATE-03`,EvidenceEnvelope + checker receipt + rollback receipt,NOT_RUN
COV-04-08,ACC-094,All child obligations are present; `#pub-00-h2-00-00-cover-metadata-read-order` resolves; TST-005 have matching fixtures/oracles; GATE-00 returns no blocking reject code.,`TST-005` / `GATE-00`,"Rejected: a heading, row count, file hash, generic checklist, target policy or maker self-check alone satisfies the requirement.",`TST-005` / `GATE-00`,`TST-005` / `GATE-00`,EvidenceEnvelope + checker receipt + rollback receipt,NOT_RUN
COV-04-09,ACC-092,"All child obligations are present; `#pub-19-h2-01-01-gate-00-16-local-design` resolves; TST-009, TST-049 have matching fixtures/oracles; GATE-19 returns no blocking reject code.","`TST-009, TST-049` / `GATE-19`","Rejected: a heading, row count, file hash, generic checklist, target policy or maker self-check alone satisfies the requirement.","`TST-009, TST-049` / `GATE-19`","`TST-009, TST-049` / `GATE-19`",EvidenceEnvelope + checker receipt + rollback receipt,NOT_RUN
COV-04-10,ACC-089,All child obligations are present; `#pub-17-h2-09-09-evidence-return-hash-expiry` resolves; TST-041 have matching fixtures/oracles; GATE-17 returns no blocking reject code.,`TST-041` / `GATE-17`,"Rejected: a heading, row count, file hash, generic checklist, target policy or maker self-check alone satisfies the requirement.",`TST-041` / `GATE-17`,`TST-041` / `GATE-17`,EvidenceEnvelope + checker receipt + rollback receipt,NOT_RUN
COV-05-01,ACC-046,"All child obligations are present; `#pub-16-h2-00-00-evaluation-constitution` resolves; TST-002, TST-008, TST-042 have matching fixtures/oracles; GATE-16 returns no blocking reject code.","`TST-002, TST-008, TST-042` / `GATE-16`","Rejected: a heading, row count, file hash, generic checklist, target policy or maker self-check alone satisfies the requirement.","`TST-002, TST-008, TST-042` / `GATE-16`","`TST-002, TST-008, TST-042` / `GATE-16`",EvidenceEnvelope + checker receipt + rollback receipt,NOT_RUN
COV-05-02,ACC-011,"All child obligations are present; `#pub-02-h2-04-04-typed-artifact-lifecycle` resolves; TST-011, TST-028, TST-041 have matching fixtures/oracles; GATE-02 returns no blocking reject code.","`TST-011, TST-028, TST-041` / `GATE-02`","Rejected: a heading, row count, file hash, generic checklist, target policy or maker self-check alone satisfies the requirement.","`TST-011, TST-028, TST-041` / `GATE-02`","`TST-011, TST-028, TST-041` / `GATE-02`",EvidenceEnvelope + checker receipt + rollback receipt,NOT_RUN
COV-05-03,ACC-056,All child obligations are present; `#pub-12-h2-00-00-capability-provider-adapter-semantics` resolves; TST-037 have matching fixtures/oracles; GATE-12 returns no blocking reject code.,`TST-037` / `GATE-12`,"Rejected: a heading, row count, file hash, generic checklist, target policy or maker self-check alone satisfies the requirement.",`TST-037` / `GATE-12`,`TST-037` / `GATE-12`,EvidenceEnvelope + checker receipt + rollback receipt,NOT_RUN
COV-05-04,ACC-038,"All child obligations are present; `#pub-07-h2-07-07-published-git-markdown-wiki-skill` resolves; TST-012, TST-008, TST-029 have matching fixtures/oracles; GATE-07 returns no blocking reject code.","`TST-012, TST-008, TST-029` / `GATE-07`","Rejected: a heading, row count, file hash, generic checklist, target policy or maker self-check alone satisfies the requirement.","`TST-012, TST-008, TST-029` / `GATE-07`","`TST-012, TST-008, TST-029` / `GATE-07`",EvidenceEnvelope + checker receipt + rollback receipt,NOT_RUN
COV-05-05,ACC-046,"All child obligations are present; `#pub-16-h2-00-00-evaluation-constitution` resolves; TST-041, TST-042 have matching fixtures/oracles; GATE-16 returns no blocking reject code.","`TST-041, TST-042` / `GATE-16`","Rejected: a heading, row count, file hash, generic checklist, target policy or maker self-check alone satisfies the requirement.","`TST-041, TST-042` / `GATE-16`","`TST-041, TST-042` / `GATE-16`",EvidenceEnvelope + checker receipt + rollback receipt,NOT_RUN
COV-05-06,ACC-075,"All child obligations are present; `#pub-16-h2-01-01-50-test-classes` resolves; TST-041, TST-048, TST-049 have matching fixtures/oracles; GATE-16 returns no blocking reject code.","`TST-041, TST-048, TST-049` / `GATE-16`","Rejected: a heading, row count, file hash, generic checklist, target policy or maker self-check alone satisfies the requirement.","`TST-041, TST-048, TST-049` / `GATE-16`","`TST-041, TST-048, TST-049` / `GATE-16`",EvidenceEnvelope + checker receipt + rollback receipt,NOT_RUN
COV-05-07,ACC-056,"All child obligations are present; `#pub-12-h2-00-00-capability-provider-adapter-semantics` resolves; TST-009, TST-037, TST-048 have matching fixtures/oracles; GATE-12 returns no blocking reject code.","`TST-009, TST-037, TST-048` / `GATE-12`","Rejected: a heading, row count, file hash, generic checklist, target policy or maker self-check alone satisfies the requirement.","`TST-009, TST-037, TST-048` / `GATE-12`","`TST-009, TST-037, TST-048` / `GATE-12`",EvidenceEnvelope + checker receipt + rollback receipt,NOT_RUN
COV-05-08,ACC-003,"All child obligations are present; `#pub-00-h2-02-02-mounted-source-manifest` resolves; TST-002, TST-012, TST-037 have matching fixtures/oracles; GATE-00 returns no blocking reject code.","`TST-002, TST-012, TST-037` / `GATE-00`","Rejected: a heading, row count, file hash, generic checklist, target policy or maker self-check alone satisfies the requirement.","`TST-002, TST-012, TST-037` / `GATE-00`","`TST-002, TST-012, TST-037` / `GATE-00`",EvidenceEnvelope + checker receipt + rollback receipt,NOT_RUN
COV-06-01,ACC-010,"All child obligations are present; `#pub-02-h2-02-02-canonical-shared-spine` resolves; TST-009, TST-037, TST-041 have matching fixtures/oracles; GATE-02 returns no blocking reject code.","`TST-009, TST-037, TST-041` / `GATE-02`","Rejected: a heading, row count, file hash, generic checklist, target policy or maker self-check alone satisfies the requirement.","`TST-009, TST-037, TST-041` / `GATE-02`","`TST-009, TST-037, TST-041` / `GATE-02`",EvidenceEnvelope + checker receipt + rollback receipt,NOT_RUN
COV-06-02,ACC-003,"All child obligations are present; `#pub-00-h2-02-02-mounted-source-manifest` resolves; TST-002, TST-004, TST-008 have matching fixtures/oracles; GATE-00 returns no blocking reject code.","`TST-002, TST-004, TST-008` / `GATE-00`","Rejected: a heading, row count, file hash, generic checklist, target policy or maker self-check alone satisfies the requirement.","`TST-002, TST-004, TST-008` / `GATE-00`","`TST-002, TST-004, TST-008` / `GATE-00`",EvidenceEnvelope + checker receipt + rollback receipt,NOT_RUN
COV-06-03,ACC-010,"All child obligations are present; `#pub-02-h2-02-02-canonical-shared-spine` resolves; TST-013, TST-025 have matching fixtures/oracles; GATE-02 returns no blocking reject code.","`TST-013, TST-025` / `GATE-02`","Rejected: a heading, row count, file hash, generic checklist, target policy or maker self-check alone satisfies the requirement.","`TST-013, TST-025` / `GATE-02`","`TST-013, TST-025` / `GATE-02`",EvidenceEnvelope + checker receipt + rollback receipt,NOT_RUN
COV-06-04,ACC-056,All child obligations are present; `#pub-12-h2-00-00-capability-provider-adapter-semantics` resolves; TST-037 have matching fixtures/oracles; GATE-12 returns no blocking reject code.,`TST-037` / `GATE-12`,"Rejected: a heading, row count, file hash, generic checklist, target policy or maker self-check alone satisfies the requirement.",`TST-037` / `GATE-12`,`TST-037` / `GATE-12`,EvidenceEnvelope + checker receipt + rollback receipt,NOT_RUN
COV-06-05,ACC-011,All child obligations are present; `#pub-02-h2-04-04-typed-artifact-lifecycle` resolves; TST-011 have matching fixtures/oracles; GATE-02 returns no blocking reject code.,`TST-011` / `GATE-02`,"Rejected: a heading, row count, file hash, generic checklist, target policy or maker self-check alone satisfies the requirement.",`TST-011` / `GATE-02`,`TST-011` / `GATE-02`,EvidenceEnvelope + checker receipt + rollback receipt,NOT_RUN
COV-06-06,ACC-019,"All child obligations are present; `#pub-08-h2-04-04-interface-schema` resolves; TST-041, TST-011 have matching fixtures/oracles; GATE-08 returns no blocking reject code.","`TST-041, TST-011` / `GATE-08`","Rejected: a heading, row count, file hash, generic checklist, target policy or maker self-check alone satisfies the requirement.","`TST-041, TST-011` / `GATE-08`","`TST-041, TST-011` / `GATE-08`",EvidenceEnvelope + checker receipt + rollback receipt,NOT_RUN
COV-06-07,ACC-001,"All child obligations are present; `#pub-03-h2-05-05-token-scope-ttl-revocation` resolves; TST-010, TST-015, TST-040 have matching fixtures/oracles; GATE-03 returns no blocking reject code.","`TST-010, TST-015, TST-040` / `GATE-03`","Rejected: a heading, row count, file hash, generic checklist, target policy or maker self-check alone satisfies the requirement.","`TST-010, TST-015, TST-040` / `GATE-03`","`TST-010, TST-015, TST-040` / `GATE-03`",EvidenceEnvelope + checker receipt + rollback receipt,NOT_RUN
COV-06-08,ACC-095,"All child obligations are present; `#pub-19-h2-06-06-release-transaction` resolves; TST-015, TST-048, TST-049 have matching fixtures/oracles; GATE-19 returns no blocking reject code.","`TST-015, TST-048, TST-049` / `GATE-19`","Rejected: a heading, row count, file hash, generic checklist, target policy or maker self-check alone satisfies the requirement.","`TST-015, TST-048, TST-049` / `GATE-19`","`TST-015, TST-048, TST-049` / `GATE-19`",EvidenceEnvelope + checker receipt + rollback receipt,NOT_RUN
COV-06-09,ACC-011,"All child obligations are present; `#pub-02-h2-02-02-canonical-shared-spine` resolves; TST-025, TST-048 have matching fixtures/oracles; GATE-02 returns no blocking reject code.","`TST-025, TST-048` / `GATE-02`","Rejected: a heading, row count, file hash, generic checklist, target policy or maker self-check alone satisfies the requirement.","`TST-025, TST-048` / `GATE-02`","`TST-025, TST-048` / `GATE-02`",EvidenceEnvelope + checker receipt + rollback receipt,NOT_RUN
COV-06-10,ACC-017,"All child obligations are present; `#pub-01-h2-00-00-product-identity-freeze` resolves; TST-006, TST-014, TST-026 have matching fixtures/oracles; GATE-01 returns no blocking reject code.","`TST-006, TST-014, TST-026` / `GATE-01`","Rejected: a heading, row count, file hash, generic checklist, target policy or maker self-check alone satisfies the requirement.","`TST-006, TST-014, TST-026` / `GATE-01`","`TST-006, TST-014, TST-026` / `GATE-01`",EvidenceEnvelope + checker receipt + rollback receipt,NOT_RUN
COV-07-01,ACC-092,"All child obligations are present; `#pub-19-h2-00-00-gate-and-claim-constitution` resolves; TST-048, TST-009, TST-013 have matching fixtures/oracles; GATE-19 returns no blocking reject code.","`TST-048, TST-009, TST-013` / `GATE-19`","Rejected: a heading, row count, file hash, generic checklist, target policy or maker self-check alone satisfies the requirement.","`TST-048, TST-009, TST-013` / `GATE-19`","`TST-048, TST-009, TST-013` / `GATE-19`",EvidenceEnvelope + checker receipt + rollback receipt,NOT_RUN
COV-07-02,ACC-011,"All child obligations are present; `#pub-02-h2-03-03-project-graph-nodes-and-edges` resolves; TST-012, TST-037 have matching fixtures/oracles; GATE-02 returns no blocking reject code.","`TST-012, TST-037` / `GATE-02`","Rejected: a heading, row count, file hash, generic checklist, target policy or maker self-check alone satisfies the requirement.","`TST-012, TST-037` / `GATE-02`","`TST-012, TST-037` / `GATE-02`",EvidenceEnvelope + checker receipt + rollback receipt,NOT_RUN
COV-07-03,ACC-017,"All child obligations are present; `#pub-01-h2-04-04-intent-preservation-card` resolves; TST-029, TST-048, TST-002 have matching fixtures/oracles; GATE-01 returns no blocking reject code.","`TST-029, TST-048, TST-002` / `GATE-01`","Rejected: a heading, row count, file hash, generic checklist, target policy or maker self-check alone satisfies the requirement.","`TST-029, TST-048, TST-002` / `GATE-01`","`TST-029, TST-048, TST-002` / `GATE-01`",EvidenceEnvelope + checker receipt + rollback receipt,NOT_RUN
COV-07-04,ACC-092,All child obligations are present; `#pub-00-h2-00-00-cover-metadata-read-order` resolves; TST-012 have matching fixtures/oracles; GATE-00 returns no blocking reject code.,`TST-012` / `GATE-00`,"Rejected: a heading, row count, file hash, generic checklist, target policy or maker self-check alone satisfies the requirement.",`TST-012` / `GATE-00`,`TST-012` / `GATE-00`,EvidenceEnvelope + checker receipt + rollback receipt,NOT_RUN
COV-07-05,ACC-092,"All child obligations are present; `#pub-00-h2-02-02-mounted-source-manifest` resolves; TST-011, TST-002, TST-004 have matching fixtures/oracles; GATE-00 returns no blocking reject code.","`TST-011, TST-002, TST-004` / `GATE-00`","Rejected: a heading, row count, file hash, generic checklist, target policy or maker self-check alone satisfies the requirement.","`TST-011, TST-002, TST-004` / `GATE-00`","`TST-011, TST-002, TST-004` / `GATE-00`",EvidenceEnvelope + checker receipt + rollback receipt,NOT_RUN
COV-07-06,ACC-092,"All child obligations are present; `#pub-18-h2-00-00-legacy-inventory` resolves; TST-013, TST-025 have matching fixtures/oracles; GATE-18 returns no blocking reject code.","`TST-013, TST-025` / `GATE-18`","Rejected: a heading, row count, file hash, generic checklist, target policy or maker self-check alone satisfies the requirement.","`TST-013, TST-025` / `GATE-18`","`TST-013, TST-025` / `GATE-18`",EvidenceEnvelope + checker receipt + rollback receipt,NOT_RUN
COV-07-07,ACC-013,"All child obligations are present; `#pub-02-h2-03-03-project-graph-nodes-and-edges` resolves; TST-012, TST-020, TST-047 have matching fixtures/oracles; GATE-02 returns no blocking reject code.","`TST-012, TST-020, TST-047` / `GATE-02`","Rejected: a heading, row count, file hash, generic checklist, target policy or maker self-check alone satisfies the requirement.","`TST-012, TST-020, TST-047` / `GATE-02`","`TST-012, TST-020, TST-047` / `GATE-02`",EvidenceEnvelope + checker receipt + rollback receipt,NOT_RUN
COV-07-08,ACC-093,"All child obligations are present; `#pub-00-h2-04-04-conflict-resolution-procedure` resolves; TST-011, TST-002, TST-005 have matching fixtures/oracles; GATE-00 returns no blocking reject code.","`TST-011, TST-002, TST-005` / `GATE-00`","Rejected: a heading, row count, file hash, generic checklist, target policy or maker self-check alone satisfies the requirement.","`TST-011, TST-002, TST-005` / `GATE-00`","`TST-011, TST-002, TST-005` / `GATE-00`",EvidenceEnvelope + checker receipt + rollback receipt,NOT_RUN
COV-07-09,ACC-013,"All child obligations are present; `#pub-02-h2-01-01-root-carrier-projection` resolves; TST-037, TST-041 have matching fixtures/oracles; GATE-02 returns no blocking reject code.","`TST-037, TST-041` / `GATE-02`","Rejected: a heading, row count, file hash, generic checklist, target policy or maker self-check alone satisfies the requirement.","`TST-037, TST-041` / `GATE-02`","`TST-037, TST-041` / `GATE-02`",EvidenceEnvelope + checker receipt + rollback receipt,NOT_RUN
COV-07-10,ACC-009,All child obligations are present; `#pub-02-h2-00-00-architecture-context` resolves; TST-026 have matching fixtures/oracles; GATE-02 returns no blocking reject code.,`TST-026` / `GATE-02`,"Rejected: a heading, row count, file hash, generic checklist, target policy or maker self-check alone satisfies the requirement.",`TST-026` / `GATE-02`,`TST-026` / `GATE-02`,EvidenceEnvelope + checker receipt + rollback receipt,NOT_RUN
COV-08-01,ACC-003,"All child obligations are present; `#pub-00-h2-01-01-authority-stack-a0-a7` resolves; TST-001, TST-002, TST-003 have matching fixtures/oracles; GATE-00 returns no blocking reject code.","`TST-001, TST-002, TST-003` / `GATE-00`","Rejected: a heading, row count, file hash, generic checklist, target policy or maker self-check alone satisfies the requirement.","`TST-001, TST-002, TST-003` / `GATE-00`","`TST-001, TST-002, TST-003` / `GATE-00`",EvidenceEnvelope + checker receipt + rollback receipt,NOT_RUN
COV-08-02,ACC-092,All child obligations are present; `#pub-00-h2-02-02-mounted-source-manifest` resolves; TST-002 have matching fixtures/oracles; GATE-00 returns no blocking reject code.,`TST-002` / `GATE-00`,"Rejected: a heading, row count, file hash, generic checklist, target policy or maker self-check alone satisfies the requirement.",`TST-002` / `GATE-00`,`TST-002` / `GATE-00`,EvidenceEnvelope + checker receipt + rollback receipt,NOT_RUN
COV-08-03,ACC-019,"All child obligations are present; `#pub-08-h2-04-04-interface-schema` resolves; TST-004, TST-011, TST-041 have matching fixtures/oracles; GATE-08 returns no blocking reject code.","`TST-004, TST-011, TST-041` / `GATE-08`","Rejected: a heading, row count, file hash, generic checklist, target policy or maker self-check alone satisfies the requirement.","`TST-004, TST-011, TST-041` / `GATE-08`","`TST-004, TST-011, TST-041` / `GATE-08`",EvidenceEnvelope + checker receipt + rollback receipt,NOT_RUN
COV-08-04,ACC-003,"All child obligations are present; `#pub-00-h2-00-00-cover-metadata-read-order` resolves; TST-001, TST-004, TST-010 have matching fixtures/oracles; GATE-00 returns no blocking reject code.","`TST-001, TST-004, TST-010` / `GATE-00`","Rejected: a heading, row count, file hash, generic checklist, target policy or maker self-check alone satisfies the requirement.","`TST-001, TST-004, TST-010` / `GATE-00`","`TST-001, TST-004, TST-010` / `GATE-00`",EvidenceEnvelope + checker receipt + rollback receipt,NOT_RUN
COV-08-05,ACC-004,"All child obligations are present; `#pub-00-h2-06-06-claim-vocabulary-and-ceiling` resolves; TST-002, TST-023 have matching fixtures/oracles; GATE-00 returns no blocking reject code.","`TST-002, TST-023` / `GATE-00`","Rejected: a heading, row count, file hash, generic checklist, target policy or maker self-check alone satisfies the requirement.","`TST-002, TST-023` / `GATE-00`","`TST-002, TST-023` / `GATE-00`",EvidenceEnvelope + checker receipt + rollback receipt,NOT_RUN
COV-08-06,ACC-038,"All child obligations are present; `#pub-07-h2-07-07-published-git-markdown-wiki-skill` resolves; TST-019, TST-020, TST-021 have matching fixtures/oracles; GATE-07 returns no blocking reject code.","`TST-019, TST-020, TST-021` / `GATE-07`","Rejected: a heading, row count, file hash, generic checklist, target policy or maker self-check alone satisfies the requirement.","`TST-019, TST-020, TST-021` / `GATE-07`","`TST-019, TST-020, TST-021` / `GATE-07`",EvidenceEnvelope + checker receipt + rollback receipt,NOT_RUN
COV-08-07,ACC-087,"All child obligations are present; `#pub-10-h2-03-03-skill-candidate-lifecycle` resolves; TST-012, TST-029, TST-030 have matching fixtures/oracles; GATE-10 returns no blocking reject code.","`TST-012, TST-029, TST-030` / `GATE-10`","Rejected: a heading, row count, file hash, generic checklist, target policy or maker self-check alone satisfies the requirement.","`TST-012, TST-029, TST-030` / `GATE-10`","`TST-012, TST-029, TST-030` / `GATE-10`",EvidenceEnvelope + checker receipt + rollback receipt,NOT_RUN
COV-08-08,ACC-011,All child obligations are present; `#pub-02-h2-03-03-project-graph-nodes-and-edges` resolves; TST-012 have matching fixtures/oracles; GATE-02 returns no blocking reject code.,`TST-012` / `GATE-02`,"Rejected: a heading, row count, file hash, generic checklist, target policy or maker self-check alone satisfies the requirement.",`TST-012` / `GATE-02`,`TST-012` / `GATE-02`,EvidenceEnvelope + checker receipt + rollback receipt,NOT_RUN
COV-08-09,ACC-003,"All child obligations are present; `#pub-00-h2-02-02-mounted-source-manifest` resolves; TST-001, TST-002, TST-012 have matching fixtures/oracles; GATE-00 returns no blocking reject code.","`TST-001, TST-002, TST-012` / `GATE-00`","Rejected: a heading, row count, file hash, generic checklist, target policy or maker self-check alone satisfies the requirement.","`TST-001, TST-002, TST-012` / `GATE-00`","`TST-001, TST-002, TST-012` / `GATE-00`",EvidenceEnvelope + checker receipt + rollback receipt,NOT_RUN
COV-08-10,ACC-014,"All child obligations are present; `#pub-01-h2-05-05-22-coverage-domains` resolves; TST-002, TST-008, TST-042 have matching fixtures/oracles; GATE-01 returns no blocking reject code.","`TST-002, TST-008, TST-042` / `GATE-01`","Rejected: a heading, row count, file hash, generic checklist, target policy or maker self-check alone satisfies the requirement.","`TST-002, TST-008, TST-042` / `GATE-01`","`TST-002, TST-008, TST-042` / `GATE-01`",EvidenceEnvelope + checker receipt + rollback receipt,NOT_RUN
COV-08-11,ACC-003,All child obligations are present; `#pub-00-h2-00-00-cover-metadata-read-order` resolves; TST-002 have matching fixtures/oracles; GATE-00 returns no blocking reject code.,`TST-002` / `GATE-00`,"Rejected: a heading, row count, file hash, generic checklist, target policy or maker self-check alone satisfies the requirement.",`TST-002` / `GATE-00`,`TST-002` / `GATE-00`,EvidenceEnvelope + checker receipt + rollback receipt,NOT_RUN
COV-08-12,ACC-038,"All child obligations are present; `#pub-07-h2-07-07-published-git-markdown-wiki-skill` resolves; TST-012, TST-047 have matching fixtures/oracles; GATE-07 returns no blocking reject code.","`TST-012, TST-047` / `GATE-07`","Rejected: a heading, row count, file hash, generic checklist, target policy or maker self-check alone satisfies the requirement.","`TST-012, TST-047` / `GATE-07`","`TST-012, TST-047` / `GATE-07`",EvidenceEnvelope + checker receipt + rollback receipt,NOT_RUN
COV-09-01,ACC-002,"All child obligations are present; `#pub-00-h2-00-00-cover-metadata-read-order` resolves; TST-010, TST-045 have matching fixtures/oracles; GATE-00 returns no blocking reject code.","`TST-010, TST-045` / `GATE-00`","Rejected: a heading, row count, file hash, generic checklist, target policy or maker self-check alone satisfies the requirement.","`TST-010, TST-045` / `GATE-00`","`TST-010, TST-045` / `GATE-00`",EvidenceEnvelope + checker receipt + rollback receipt,NOT_RUN
COV-09-02,ACC-014,All child obligations are present; `#pub-01-h2-04-04-intent-preservation-card` resolves; TST-006 have matching fixtures/oracles; GATE-01 returns no blocking reject code.,`TST-006` / `GATE-01`,"Rejected: a heading, row count, file hash, generic checklist, target policy or maker self-check alone satisfies the requirement.",`TST-006` / `GATE-01`,`TST-006` / `GATE-01`,EvidenceEnvelope + checker receipt + rollback receipt,NOT_RUN
COV-09-03,ACC-014,"All child obligations are present; `#pub-01-h2-06-06-223-inherited-requirements` resolves; TST-006, TST-007, TST-008 have matching fixtures/oracles; GATE-01 returns no blocking reject code.","`TST-006, TST-007, TST-008` / `GATE-01`","Rejected: a heading, row count, file hash, generic checklist, target policy or maker self-check alone satisfies the requirement.","`TST-006, TST-007, TST-008` / `GATE-01`","`TST-006, TST-007, TST-008` / `GATE-01`",EvidenceEnvelope + checker receipt + rollback receipt,NOT_RUN
COV-09-04,ACC-093,All child obligations are present; `#pub-00-h2-02-02-mounted-source-manifest` resolves; TST-002 have matching fixtures/oracles; GATE-00 returns no blocking reject code.,`TST-002` / `GATE-00`,"Rejected: a heading, row count, file hash, generic checklist, target policy or maker self-check alone satisfies the requirement.",`TST-002` / `GATE-00`,`TST-002` / `GATE-00`,EvidenceEnvelope + checker receipt + rollback receipt,NOT_RUN
COV-09-05,ACC-015,"All child obligations are present; `#pub-01-h2-00-00-product-identity-freeze` resolves; TST-009, TST-050 have matching fixtures/oracles; GATE-01 returns no blocking reject code.","`TST-009, TST-050` / `GATE-01`","Rejected: a heading, row count, file hash, generic checklist, target policy or maker self-check alone satisfies the requirement.","`TST-009, TST-050` / `GATE-01`","`TST-009, TST-050` / `GATE-01`",EvidenceEnvelope + checker receipt + rollback receipt,NOT_RUN
COV-09-06,ACC-021,"All child obligations are present; `#pub-08-h2-01-01-prd-srs-inputs` resolves; TST-013, TST-024, TST-025 have matching fixtures/oracles; GATE-08 returns no blocking reject code.","`TST-013, TST-024, TST-025` / `GATE-08`","Rejected: a heading, row count, file hash, generic checklist, target policy or maker self-check alone satisfies the requirement.","`TST-013, TST-024, TST-025` / `GATE-08`","`TST-013, TST-024, TST-025` / `GATE-08`",EvidenceEnvelope + checker receipt + rollback receipt,NOT_RUN
COV-09-07,ACC-095,"All child obligations are present; `#pub-00-h2-05-05-version-alias-supersession-law` resolves; TST-024, TST-049 have matching fixtures/oracles; GATE-00 returns no blocking reject code.","`TST-024, TST-049` / `GATE-00`","Rejected: a heading, row count, file hash, generic checklist, target policy or maker self-check alone satisfies the requirement.","`TST-024, TST-049` / `GATE-00`","`TST-024, TST-049` / `GATE-00`",EvidenceEnvelope + checker receipt + rollback receipt,NOT_RUN
COV-09-08,ACC-020,"All child obligations are present; `#pub-08-h2-06-06-taskspec-decomposition` resolves; TST-010, TST-024, TST-033 have matching fixtures/oracles; GATE-08 returns no blocking reject code.","`TST-010, TST-024, TST-033` / `GATE-08`","Rejected: a heading, row count, file hash, generic checklist, target policy or maker self-check alone satisfies the requirement.","`TST-010, TST-024, TST-033` / `GATE-08`","`TST-010, TST-024, TST-033` / `GATE-08`",EvidenceEnvelope + checker receipt + rollback receipt,NOT_RUN
COV-09-09,ACC-046,"All child obligations are present; `#pub-16-h2-02-02-positive-negative-edge-adversarial` resolves; TST-012, TST-045 have matching fixtures/oracles; GATE-16 returns no blocking reject code.","`TST-012, TST-045` / `GATE-16`","Rejected: a heading, row count, file hash, generic checklist, target policy or maker self-check alone satisfies the requirement.","`TST-012, TST-045` / `GATE-16`","`TST-012, TST-045` / `GATE-16`",EvidenceEnvelope + checker receipt + rollback receipt,NOT_RUN
COV-09-10,ACC-068,"All child obligations are present; `#pub-15-h2-03-03-permission-token-ttl` resolves; TST-010, TST-040, TST-050 have matching fixtures/oracles; GATE-15 returns no blocking reject code.","`TST-010, TST-040, TST-050` / `GATE-15`","Rejected: a heading, row count, file hash, generic checklist, target policy or maker self-check alone satisfies the requirement.","`TST-010, TST-040, TST-050` / `GATE-15`","`TST-010, TST-040, TST-050` / `GATE-15`",EvidenceEnvelope + checker receipt + rollback receipt,NOT_RUN
COV-09-11,ACC-092,"All child obligations are present; `#pub-03-h2-05-05-token-scope-ttl-revocation` resolves; TST-015, TST-050, TST-002 have matching fixtures/oracles; GATE-03 returns no blocking reject code.","`TST-015, TST-050, TST-002` / `GATE-03`","Rejected: a heading, row count, file hash, generic checklist, target policy or maker self-check alone satisfies the requirement.","`TST-015, TST-050, TST-002` / `GATE-03`","`TST-015, TST-050, TST-002` / `GATE-03`",EvidenceEnvelope + checker receipt + rollback receipt,NOT_RUN
COV-09-12,ACC-014,All child obligations are present; `#pub-01-h2-00-00-product-identity-freeze` resolves; TST-050 have matching fixtures/oracles; GATE-01 returns no blocking reject code.,`TST-050` / `GATE-01`,"Rejected: a heading, row count, file hash, generic checklist, target policy or maker self-check alone satisfies the requirement.",`TST-050` / `GATE-01`,`TST-050` / `GATE-01`,EvidenceEnvelope + checker receipt + rollback receipt,NOT_RUN
COV-10-01,ACC-019,"All child obligations are present; `#pub-08-h2-05-05-state-machines` resolves; TST-013, TST-024, TST-026 have matching fixtures/oracles; GATE-08 returns no blocking reject code.","`TST-013, TST-024, TST-026` / `GATE-08`","Rejected: a heading, row count, file hash, generic checklist, target policy or maker self-check alone satisfies the requirement.","`TST-013, TST-024, TST-026` / `GATE-08`","`TST-013, TST-024, TST-026` / `GATE-08`",EvidenceEnvelope + checker receipt + rollback receipt,NOT_RUN
COV-10-02,ACC-031,"All child obligations are present; `#pub-09-h2-02-02-worktree-branch-isolation` resolves; TST-027, TST-010, TST-015 have matching fixtures/oracles; GATE-09 returns no blocking reject code.","`TST-027, TST-010, TST-015` / `GATE-09`","Rejected: a heading, row count, file hash, generic checklist, target policy or maker self-check alone satisfies the requirement.","`TST-027, TST-010, TST-015` / `GATE-09`","`TST-027, TST-010, TST-015` / `GATE-09`",EvidenceEnvelope + checker receipt + rollback receipt,NOT_RUN
COV-10-03,ACC-075,"All child obligations are present; `#pub-16-h2-01-01-50-test-classes` resolves; TST-028, TST-041, TST-049 have matching fixtures/oracles; GATE-16 returns no blocking reject code.","`TST-028, TST-041, TST-049` / `GATE-16`","Rejected: a heading, row count, file hash, generic checklist, target policy or maker self-check alone satisfies the requirement.","`TST-028, TST-041, TST-049` / `GATE-16`","`TST-028, TST-041, TST-049` / `GATE-16`",EvidenceEnvelope + checker receipt + rollback receipt,NOT_RUN
COV-10-04,ACC-030,"All child obligations are present; `#pub-09-h2-00-00-coding-plane-boundary` resolves; TST-026, TST-036, TST-048 have matching fixtures/oracles; GATE-09 returns no blocking reject code.","`TST-026, TST-036, TST-048` / `GATE-09`","Rejected: a heading, row count, file hash, generic checklist, target policy or maker self-check alone satisfies the requirement.","`TST-026, TST-036, TST-048` / `GATE-09`","`TST-026, TST-036, TST-048` / `GATE-09`",EvidenceEnvelope + checker receipt + rollback receipt,NOT_RUN
COV-10-05,ACC-004,"All child obligations are present; `#pub-00-h2-00-00-cover-metadata-read-order` resolves; TST-001, TST-004 have matching fixtures/oracles; GATE-00 returns no blocking reject code.","`TST-001, TST-004` / `GATE-00`","Rejected: a heading, row count, file hash, generic checklist, target policy or maker self-check alone satisfies the requirement.","`TST-001, TST-004` / `GATE-00`","`TST-001, TST-004` / `GATE-00`",EvidenceEnvelope + checker receipt + rollback receipt,NOT_RUN
COV-10-06,ACC-075,"All child obligations are present; `#pub-16-h2-01-01-50-test-classes` resolves; TST-005, TST-008, TST-011 have matching fixtures/oracles; GATE-16 returns no blocking reject code.","`TST-005, TST-008, TST-011` / `GATE-16`","Rejected: a heading, row count, file hash, generic checklist, target policy or maker self-check alone satisfies the requirement.","`TST-005, TST-008, TST-011` / `GATE-16`","`TST-005, TST-008, TST-011` / `GATE-16`",EvidenceEnvelope + checker receipt + rollback receipt,NOT_RUN
COV-10-07,ACC-032,All child obligations are present; `#pub-09-h2-07-07-diff-tests-evidence` resolves; TST-028 have matching fixtures/oracles; GATE-09 returns no blocking reject code.,`TST-028` / `GATE-09`,"Rejected: a heading, row count, file hash, generic checklist, target policy or maker self-check alone satisfies the requirement.",`TST-028` / `GATE-09`,`TST-028` / `GATE-09`,EvidenceEnvelope + checker receipt + rollback receipt,NOT_RUN
COV-10-08,ACC-095,"All child obligations are present; `#pub-03-h2-05-05-token-scope-ttl-revocation` resolves; TST-013, TST-015, TST-026 have matching fixtures/oracles; GATE-03 returns no blocking reject code.","`TST-013, TST-015, TST-026` / `GATE-03`","Rejected: a heading, row count, file hash, generic checklist, target policy or maker self-check alone satisfies the requirement.","`TST-013, TST-015, TST-026` / `GATE-03`","`TST-013, TST-015, TST-026` / `GATE-03`",EvidenceEnvelope + checker receipt + rollback receipt,NOT_RUN
COV-10-09,ACC-009,"All child obligations are present; `#pub-02-h2-03-03-project-graph-nodes-and-edges` resolves; TST-008, TST-009, TST-012 have matching fixtures/oracles; GATE-02 returns no blocking reject code.","`TST-008, TST-009, TST-012` / `GATE-02`","Rejected: a heading, row count, file hash, generic checklist, target policy or maker self-check alone satisfies the requirement.","`TST-008, TST-009, TST-012` / `GATE-02`","`TST-008, TST-009, TST-012` / `GATE-02`",EvidenceEnvelope + checker receipt + rollback receipt,NOT_RUN
COV-10-10,ACC-095,"All child obligations are present; `#pub-19-h2-00-00-gate-and-claim-constitution` resolves; TST-048, TST-015 have matching fixtures/oracles; GATE-19 returns no blocking reject code.","`TST-048, TST-015` / `GATE-19`","Rejected: a heading, row count, file hash, generic checklist, target policy or maker self-check alone satisfies the requirement.","`TST-048, TST-015` / `GATE-19`","`TST-048, TST-015` / `GATE-19`",EvidenceEnvelope + checker receipt + rollback receipt,NOT_RUN
COV-11-01,ACC-087,"All child obligations are present; `#pub-10-h2-00-00-memory-authority` resolves; TST-014, TST-018, TST-029 have matching fixtures/oracles; GATE-10 returns no blocking reject code.","`TST-014, TST-018, TST-029` / `GATE-10`","Rejected: a heading, row count, file hash, generic checklist, target policy or maker self-check alone satisfies the requirement.","`TST-014, TST-018, TST-029` / `GATE-10`","`TST-014, TST-018, TST-029` / `GATE-10`",EvidenceEnvelope + checker receipt + rollback receipt,NOT_RUN
COV-11-02,ACC-019,"All child obligations are present; `#pub-04-h2-06-06-entry-exit-handoff` resolves; TST-016, TST-018 have matching fixtures/oracles; GATE-04 returns no blocking reject code.","`TST-016, TST-018` / `GATE-04`","Rejected: a heading, row count, file hash, generic checklist, target policy or maker self-check alone satisfies the requirement.","`TST-016, TST-018` / `GATE-04`","`TST-016, TST-018` / `GATE-04`",EvidenceEnvelope + checker receipt + rollback receipt,NOT_RUN
COV-11-03,ACC-075,"All child obligations are present; `#pub-16-h2-03-03-golden-regression-nrtv` resolves; TST-041, TST-042 have matching fixtures/oracles; GATE-16 returns no blocking reject code.","`TST-041, TST-042` / `GATE-16`","Rejected: a heading, row count, file hash, generic checklist, target policy or maker self-check alone satisfies the requirement.","`TST-041, TST-042` / `GATE-16`","`TST-041, TST-042` / `GATE-16`",EvidenceEnvelope + checker receipt + rollback receipt,NOT_RUN
COV-11-04,ACC-087,"All child obligations are present; `#pub-10-h2-03-03-skill-candidate-lifecycle` resolves; TST-029, TST-009, TST-039 have matching fixtures/oracles; GATE-10 returns no blocking reject code.","`TST-029, TST-009, TST-039` / `GATE-10`","Rejected: a heading, row count, file hash, generic checklist, target policy or maker self-check alone satisfies the requirement.","`TST-029, TST-009, TST-039` / `GATE-10`","`TST-029, TST-009, TST-039` / `GATE-10`",EvidenceEnvelope + checker receipt + rollback receipt,NOT_RUN
COV-11-05,ACC-086,"All child obligations are present; `#pub-10-h2-05-05-experiment-sandbox` resolves; TST-049, TST-050 have matching fixtures/oracles; GATE-10 returns no blocking reject code.","`TST-049, TST-050` / `GATE-10`","Rejected: a heading, row count, file hash, generic checklist, target policy or maker self-check alone satisfies the requirement.","`TST-049, TST-050` / `GATE-10`","`TST-049, TST-050` / `GATE-10`",EvidenceEnvelope + checker receipt + rollback receipt,NOT_RUN
COV-11-06,ACC-095,All child obligations are present; `#pub-03-h2-00-00-role-family-readback` resolves; TST-030 have matching fixtures/oracles; GATE-03 returns no blocking reject code.,`TST-030` / `GATE-03`,"Rejected: a heading, row count, file hash, generic checklist, target policy or maker self-check alone satisfies the requirement.",`TST-030` / `GATE-03`,`TST-030` / `GATE-03`,EvidenceEnvelope + checker receipt + rollback receipt,NOT_RUN
COV-11-07,ACC-095,"All child obligations are present; `#pub-00-h2-05-05-version-alias-supersession-law` resolves; TST-015, TST-029, TST-050 have matching fixtures/oracles; GATE-00 returns no blocking reject code.","`TST-015, TST-029, TST-050` / `GATE-00`","Rejected: a heading, row count, file hash, generic checklist, target policy or maker self-check alone satisfies the requirement.","`TST-015, TST-029, TST-050` / `GATE-00`","`TST-015, TST-029, TST-050` / `GATE-00`",EvidenceEnvelope + checker receipt + rollback receipt,NOT_RUN
COV-11-08,ACC-086,"All child obligations are present; `#pub-10-h2-00-00-memory-authority` resolves; TST-013, TST-029, TST-037 have matching fixtures/oracles; GATE-10 returns no blocking reject code.","`TST-013, TST-029, TST-037` / `GATE-10`","Rejected: a heading, row count, file hash, generic checklist, target policy or maker self-check alone satisfies the requirement.","`TST-013, TST-029, TST-037` / `GATE-10`","`TST-013, TST-029, TST-037` / `GATE-10`",EvidenceEnvelope + checker receipt + rollback receipt,NOT_RUN
COV-11-09,ACC-087,"All child obligations are present; `#pub-10-h2-05-05-experiment-sandbox` resolves; TST-012, TST-045, TST-047 have matching fixtures/oracles; GATE-10 returns no blocking reject code.","`TST-012, TST-045, TST-047` / `GATE-10`","Rejected: a heading, row count, file hash, generic checklist, target policy or maker self-check alone satisfies the requirement.","`TST-012, TST-045, TST-047` / `GATE-10`","`TST-012, TST-045, TST-047` / `GATE-10`",EvidenceEnvelope + checker receipt + rollback receipt,NOT_RUN
COV-12-01,ACC-010,"All child obligations are present; `#pub-02-h2-02-02-canonical-shared-spine` resolves; TST-010, TST-013, TST-040 have matching fixtures/oracles; GATE-02 returns no blocking reject code.","`TST-010, TST-013, TST-040` / `GATE-02`","Rejected: a heading, row count, file hash, generic checklist, target policy or maker self-check alone satisfies the requirement.","`TST-010, TST-013, TST-040` / `GATE-02`","`TST-010, TST-013, TST-040` / `GATE-02`",EvidenceEnvelope + checker receipt + rollback receipt,NOT_RUN
COV-12-02,ACC-057,"All child obligations are present; `#pub-12-h2-00-00-capability-provider-adapter-semantics` resolves; TST-010, TST-013, TST-026 have matching fixtures/oracles; GATE-12 returns no blocking reject code.","`TST-010, TST-013, TST-026` / `GATE-12`","Rejected: a heading, row count, file hash, generic checklist, target policy or maker self-check alone satisfies the requirement.","`TST-010, TST-013, TST-026` / `GATE-12`","`TST-010, TST-013, TST-026` / `GATE-12`",EvidenceEnvelope + checker receipt + rollback receipt,NOT_RUN
COV-12-03,ACC-092,"All child obligations are present; `#pub-00-h2-02-02-mounted-source-manifest` resolves; TST-002, TST-047, TST-050 have matching fixtures/oracles; GATE-00 returns no blocking reject code.","`TST-002, TST-047, TST-050` / `GATE-00`","Rejected: a heading, row count, file hash, generic checklist, target policy or maker self-check alone satisfies the requirement.","`TST-002, TST-047, TST-050` / `GATE-00`","`TST-002, TST-047, TST-050` / `GATE-00`",EvidenceEnvelope + checker receipt + rollback receipt,NOT_RUN
COV-12-04,ACC-009,All child obligations are present; `#pub-02-h2-02-02-canonical-shared-spine` resolves; TST-025 have matching fixtures/oracles; GATE-02 returns no blocking reject code.,`TST-025` / `GATE-02`,"Rejected: a heading, row count, file hash, generic checklist, target policy or maker self-check alone satisfies the requirement.",`TST-025` / `GATE-02`,`TST-025` / `GATE-02`,EvidenceEnvelope + checker receipt + rollback receipt,NOT_RUN
COV-12-05,ACC-011,"All child obligations are present; `#pub-02-h2-01-01-root-carrier-projection` resolves; TST-048, TST-050 have matching fixtures/oracles; GATE-02 returns no blocking reject code.","`TST-048, TST-050` / `GATE-02`","Rejected: a heading, row count, file hash, generic checklist, target policy or maker self-check alone satisfies the requirement.","`TST-048, TST-050` / `GATE-02`","`TST-048, TST-050` / `GATE-02`",EvidenceEnvelope + checker receipt + rollback receipt,NOT_RUN
COV-12-06,ACC-038,All child obligations are present; `#pub-07-h2-00-00-factory-mission` resolves; TST-012 have matching fixtures/oracles; GATE-07 returns no blocking reject code.,`TST-012` / `GATE-07`,"Rejected: a heading, row count, file hash, generic checklist, target policy or maker self-check alone satisfies the requirement.",`TST-012` / `GATE-07`,`TST-012` / `GATE-07`,EvidenceEnvelope + checker receipt + rollback receipt,NOT_RUN
COV-12-07,ACC-056,"All child obligations are present; `#pub-12-h2-00-00-capability-provider-adapter-semantics` resolves; TST-037, TST-019, TST-034 have matching fixtures/oracles; GATE-12 returns no blocking reject code.","`TST-037, TST-019, TST-034` / `GATE-12`","Rejected: a heading, row count, file hash, generic checklist, target policy or maker self-check alone satisfies the requirement.","`TST-037, TST-019, TST-034` / `GATE-12`","`TST-037, TST-019, TST-034` / `GATE-12`",EvidenceEnvelope + checker receipt + rollback receipt,NOT_RUN
COV-12-08,ACC-010,"All child obligations are present; `#pub-02-h2-02-02-canonical-shared-spine` resolves; TST-026, TST-049 have matching fixtures/oracles; GATE-02 returns no blocking reject code.","`TST-026, TST-049` / `GATE-02`","Rejected: a heading, row count, file hash, generic checklist, target policy or maker self-check alone satisfies the requirement.","`TST-026, TST-049` / `GATE-02`","`TST-026, TST-049` / `GATE-02`",EvidenceEnvelope + checker receipt + rollback receipt,NOT_RUN
COV-13-01,ACC-017,"All child obligations are present; `#pub-01-h2-00-00-product-identity-freeze` resolves; TST-007, TST-041 have matching fixtures/oracles; GATE-01 returns no blocking reject code.","`TST-007, TST-041` / `GATE-01`","Rejected: a heading, row count, file hash, generic checklist, target policy or maker self-check alone satisfies the requirement.","`TST-007, TST-041` / `GATE-01`","`TST-007, TST-041` / `GATE-01`",EvidenceEnvelope + checker receipt + rollback receipt,NOT_RUN
COV-13-02,ACC-004,All child obligations are present; `#pub-03-h2-00-00-role-family-readback` resolves; TST-028 have matching fixtures/oracles; GATE-03 returns no blocking reject code.,`TST-028` / `GATE-03`,"Rejected: a heading, row count, file hash, generic checklist, target policy or maker self-check alone satisfies the requirement.",`TST-028` / `GATE-03`,`TST-028` / `GATE-03`,EvidenceEnvelope + checker receipt + rollback receipt,NOT_RUN
COV-13-03,ACC-030,All child obligations are present; `#pub-09-h2-00-00-coding-plane-boundary` resolves; TST-003 have matching fixtures/oracles; GATE-09 returns no blocking reject code.,`TST-003` / `GATE-09`,"Rejected: a heading, row count, file hash, generic checklist, target policy or maker self-check alone satisfies the requirement.",`TST-003` / `GATE-09`,`TST-003` / `GATE-09`,EvidenceEnvelope + checker receipt + rollback receipt,NOT_RUN
COV-13-04,ACC-001,"All child obligations are present; `#pub-03-h2-05-05-token-scope-ttl-revocation` resolves; TST-013, TST-015, TST-028 have matching fixtures/oracles; GATE-03 returns no blocking reject code.","`TST-013, TST-015, TST-028` / `GATE-03`","Rejected: a heading, row count, file hash, generic checklist, target policy or maker self-check alone satisfies the requirement.","`TST-013, TST-015, TST-028` / `GATE-03`","`TST-013, TST-015, TST-028` / `GATE-03`",EvidenceEnvelope + checker receipt + rollback receipt,NOT_RUN
COV-13-05,ACC-001,"All child obligations are present; `#pub-00-h2-00-00-cover-metadata-read-order` resolves; TST-001, TST-004 have matching fixtures/oracles; GATE-00 returns no blocking reject code.","`TST-001, TST-004` / `GATE-00`","Rejected: a heading, row count, file hash, generic checklist, target policy or maker self-check alone satisfies the requirement.","`TST-001, TST-004` / `GATE-00`","`TST-001, TST-004` / `GATE-00`",EvidenceEnvelope + checker receipt + rollback receipt,NOT_RUN
COV-13-06,ACC-021,"All child obligations are present; `#pub-04-h2-08-08-dependency-graph` resolves; TST-013, TST-015, TST-017 have matching fixtures/oracles; GATE-04 returns no blocking reject code.","`TST-013, TST-015, TST-017` / `GATE-04`","Rejected: a heading, row count, file hash, generic checklist, target policy or maker self-check alone satisfies the requirement.","`TST-013, TST-015, TST-017` / `GATE-04`","`TST-013, TST-015, TST-017` / `GATE-04`",EvidenceEnvelope + checker receipt + rollback receipt,NOT_RUN
COV-13-07,ACC-030,All child obligations are present; `#pub-09-h2-02-02-worktree-branch-isolation` resolves; TST-026 have matching fixtures/oracles; GATE-09 returns no blocking reject code.,`TST-026` / `GATE-09`,"Rejected: a heading, row count, file hash, generic checklist, target policy or maker self-check alone satisfies the requirement.",`TST-026` / `GATE-09`,`TST-026` / `GATE-09`,EvidenceEnvelope + checker receipt + rollback receipt,NOT_RUN
COV-13-08,ACC-014,"All child obligations are present; `#pub-01-h2-01-01-mission-positioning-non-goals` resolves; TST-010, TST-015, TST-040 have matching fixtures/oracles; GATE-01 returns no blocking reject code.","`TST-010, TST-015, TST-040` / `GATE-01`","Rejected: a heading, row count, file hash, generic checklist, target policy or maker self-check alone satisfies the requirement.","`TST-010, TST-015, TST-040` / `GATE-01`","`TST-010, TST-015, TST-040` / `GATE-01`",EvidenceEnvelope + checker receipt + rollback receipt,NOT_RUN
COV-13-09,ACC-014,"All child obligations are present; `#pub-01-h2-01-01-mission-positioning-non-goals` resolves; TST-010, TST-013, TST-016 have matching fixtures/oracles; GATE-01 returns no blocking reject code.","`TST-010, TST-013, TST-016` / `GATE-01`","Rejected: a heading, row count, file hash, generic checklist, target policy or maker self-check alone satisfies the requirement.","`TST-010, TST-013, TST-016` / `GATE-01`","`TST-010, TST-013, TST-016` / `GATE-01`",EvidenceEnvelope + checker receipt + rollback receipt,NOT_RUN
COV-13-10,ACC-051,All child obligations are present; `#pub-06-h2-03-03-checkpoint-and-resume` resolves; TST-018 have matching fixtures/oracles; GATE-06 returns no blocking reject code.,`TST-018` / `GATE-06`,"Rejected: a heading, row count, file hash, generic checklist, target policy or maker self-check alone satisfies the requirement.",`TST-018` / `GATE-06`,`TST-018` / `GATE-06`,EvidenceEnvelope + checker receipt + rollback receipt,NOT_RUN
COV-14-01,ACC-009,"All child obligations are present; `#pub-02-h2-01-01-root-carrier-projection` resolves; TST-001, TST-009, TST-025 have matching fixtures/oracles; GATE-02 returns no blocking reject code.","`TST-001, TST-009, TST-025` / `GATE-02`","Rejected: a heading, row count, file hash, generic checklist, target policy or maker self-check alone satisfies the requirement.","`TST-001, TST-009, TST-025` / `GATE-02`","`TST-001, TST-009, TST-025` / `GATE-02`",EvidenceEnvelope + checker receipt + rollback receipt,NOT_RUN
COV-14-02,ACC-014,"All child obligations are present; `#pub-01-h2-04-04-intent-preservation-card` resolves; TST-047, TST-002, TST-006 have matching fixtures/oracles; GATE-01 returns no blocking reject code.","`TST-047, TST-002, TST-006` / `GATE-01`","Rejected: a heading, row count, file hash, generic checklist, target policy or maker self-check alone satisfies the requirement.","`TST-047, TST-002, TST-006` / `GATE-01`","`TST-047, TST-002, TST-006` / `GATE-01`",EvidenceEnvelope + checker receipt + rollback receipt,NOT_RUN
COV-14-03,ACC-009,All child obligations are present; `#pub-02-h2-01-01-root-carrier-projection` resolves; TST-009 have matching fixtures/oracles; GATE-02 returns no blocking reject code.,`TST-009` / `GATE-02`,"Rejected: a heading, row count, file hash, generic checklist, target policy or maker self-check alone satisfies the requirement.",`TST-009` / `GATE-02`,`TST-009` / `GATE-02`,EvidenceEnvelope + checker receipt + rollback receipt,NOT_RUN
COV-14-04,ACC-019,"All child obligations are present; `#pub-04-h2-01-01-a00-m-a08` resolves; TST-006, TST-048 have matching fixtures/oracles; GATE-04 returns no blocking reject code.","`TST-006, TST-048` / `GATE-04`","Rejected: a heading, row count, file hash, generic checklist, target policy or maker self-check alone satisfies the requirement.","`TST-006, TST-048` / `GATE-04`","`TST-006, TST-048` / `GATE-04`",EvidenceEnvelope + checker receipt + rollback receipt,NOT_RUN
COV-14-05,ACC-014,"All child obligations are present; `#pub-01-h2-04-04-intent-preservation-card` resolves; TST-002, TST-006, TST-044 have matching fixtures/oracles; GATE-01 returns no blocking reject code.","`TST-002, TST-006, TST-044` / `GATE-01`","Rejected: a heading, row count, file hash, generic checklist, target policy or maker self-check alone satisfies the requirement.","`TST-002, TST-006, TST-044` / `GATE-01`","`TST-002, TST-006, TST-044` / `GATE-01`",EvidenceEnvelope + checker receipt + rollback receipt,NOT_RUN
COV-14-06,ACC-021,"All child obligations are present; `#pub-04-h2-03-03-doc-00-14-lineage` resolves; TST-016, TST-008 have matching fixtures/oracles; GATE-04 returns no blocking reject code.","`TST-016, TST-008` / `GATE-04`","Rejected: a heading, row count, file hash, generic checklist, target policy or maker self-check alone satisfies the requirement.","`TST-016, TST-008` / `GATE-04`","`TST-016, TST-008` / `GATE-04`",EvidenceEnvelope + checker receipt + rollback receipt,NOT_RUN
COV-14-07,ACC-021,"All child obligations are present; `#pub-04-h2-06-06-entry-exit-handoff` resolves; TST-016, TST-028, TST-041 have matching fixtures/oracles; GATE-04 returns no blocking reject code.","`TST-016, TST-028, TST-041` / `GATE-04`","Rejected: a heading, row count, file hash, generic checklist, target policy or maker self-check alone satisfies the requirement.","`TST-016, TST-028, TST-041` / `GATE-04`","`TST-016, TST-028, TST-041` / `GATE-04`",EvidenceEnvelope + checker receipt + rollback receipt,NOT_RUN
COV-14-08,ACC-093,"All child obligations are present; `#pub-20-h2-10-10-next-handoff` resolves; TST-050, TST-002, TST-004 have matching fixtures/oracles; GATE-19 returns no blocking reject code.","`TST-050, TST-002, TST-004` / `GATE-19`","Rejected: a heading, row count, file hash, generic checklist, target policy or maker self-check alone satisfies the requirement.","`TST-050, TST-002, TST-004` / `GATE-19`","`TST-050, TST-002, TST-004` / `GATE-19`",EvidenceEnvelope + checker receipt + rollback receipt,NOT_RUN
COV-14-09,ACC-092,"All child obligations are present; `#pub-19-h2-04-04-gate-19-production-admission` resolves; TST-009, TST-048 have matching fixtures/oracles; GATE-19 returns no blocking reject code.","`TST-009, TST-048` / `GATE-19`","Rejected: a heading, row count, file hash, generic checklist, target policy or maker self-check alone satisfies the requirement.","`TST-009, TST-048` / `GATE-19`","`TST-009, TST-048` / `GATE-19`",EvidenceEnvelope + checker receipt + rollback receipt,NOT_RUN
COV-15-01,ACC-030,All child obligations are present; `#pub-09-h2-04-04-codex-primary-contract` resolves; TST-027 have matching fixtures/oracles; GATE-09 returns no blocking reject code.,`TST-027` / `GATE-09`,"Rejected: a heading, row count, file hash, generic checklist, target policy or maker self-check alone satisfies the requirement.",`TST-027` / `GATE-09`,`TST-027` / `GATE-09`,EvidenceEnvelope + checker receipt + rollback receipt,NOT_RUN
COV-15-02,ACC-039,"All child obligations are present; `#pub-07-h2-04-04-docetl-semantic-etl` resolves; TST-002, TST-012, TST-022 have matching fixtures/oracles; GATE-07 returns no blocking reject code.","`TST-002, TST-012, TST-022` / `GATE-07`","Rejected: a heading, row count, file hash, generic checklist, target policy or maker self-check alone satisfies the requirement.","`TST-002, TST-012, TST-022` / `GATE-07`","`TST-002, TST-012, TST-022` / `GATE-07`",EvidenceEnvelope + checker receipt + rollback receipt,NOT_RUN
COV-15-03,ACC-001,"All child obligations are present; `#pub-03-h2-00-00-role-family-readback` resolves; TST-015, TST-048 have matching fixtures/oracles; GATE-03 returns no blocking reject code.","`TST-015, TST-048` / `GATE-03`","Rejected: a heading, row count, file hash, generic checklist, target policy or maker self-check alone satisfies the requirement.","`TST-015, TST-048` / `GATE-03`","`TST-015, TST-048` / `GATE-03`",EvidenceEnvelope + checker receipt + rollback receipt,NOT_RUN
COV-15-04,ACC-003,"All child obligations are present; `#pub-00-h2-01-01-authority-stack-a0-a7` resolves; TST-001, TST-036, TST-050 have matching fixtures/oracles; GATE-00 returns no blocking reject code.","`TST-001, TST-036, TST-050` / `GATE-00`","Rejected: a heading, row count, file hash, generic checklist, target policy or maker self-check alone satisfies the requirement.","`TST-001, TST-036, TST-050` / `GATE-00`","`TST-001, TST-036, TST-050` / `GATE-00`",EvidenceEnvelope + checker receipt + rollback receipt,NOT_RUN
COV-15-05,ACC-034,"All child obligations are present; `#pub-05-h2-00-00-hermes-legal-position` resolves; TST-017, TST-027 have matching fixtures/oracles; GATE-05 returns no blocking reject code.","`TST-017, TST-027` / `GATE-05`","Rejected: a heading, row count, file hash, generic checklist, target policy or maker self-check alone satisfies the requirement.","`TST-017, TST-027` / `GATE-05`","`TST-017, TST-027` / `GATE-05`",EvidenceEnvelope + checker receipt + rollback receipt,NOT_RUN
COV-15-06,ACC-093,All child obligations are present; `#pub-20-h2-00-00-risk-governance` resolves; TST-050 have matching fixtures/oracles; GATE-19 returns no blocking reject code.,`TST-050` / `GATE-19`,"Rejected: a heading, row count, file hash, generic checklist, target policy or maker self-check alone satisfies the requirement.",`TST-050` / `GATE-19`,`TST-050` / `GATE-19`,EvidenceEnvelope + checker receipt + rollback receipt,NOT_RUN
COV-15-07,ACC-052,All child obligations are present; `#pub-13-h2-05-05-trigger-context-output-schema` resolves; TST-039 have matching fixtures/oracles; GATE-13 returns no blocking reject code.,`TST-039` / `GATE-13`,"Rejected: a heading, row count, file hash, generic checklist, target policy or maker self-check alone satisfies the requirement.",`TST-039` / `GATE-13`,`TST-039` / `GATE-13`,EvidenceEnvelope + checker receipt + rollback receipt,NOT_RUN
COV-15-08,ACC-009,"All child obligations are present; `#pub-02-h2-01-01-root-carrier-projection` resolves; TST-012, TST-013, TST-047 have matching fixtures/oracles; GATE-02 returns no blocking reject code.","`TST-012, TST-013, TST-047` / `GATE-02`","Rejected: a heading, row count, file hash, generic checklist, target policy or maker self-check alone satisfies the requirement.","`TST-012, TST-013, TST-047` / `GATE-02`","`TST-012, TST-013, TST-047` / `GATE-02`",EvidenceEnvelope + checker receipt + rollback receipt,NOT_RUN
COV-15-09,ACC-011,"All child obligations are present; `#pub-02-h2-03-03-project-graph-nodes-and-edges` resolves; TST-012, TST-037 have matching fixtures/oracles; GATE-02 returns no blocking reject code.","`TST-012, TST-037` / `GATE-02`","Rejected: a heading, row count, file hash, generic checklist, target policy or maker self-check alone satisfies the requirement.","`TST-012, TST-037` / `GATE-02`","`TST-012, TST-037` / `GATE-02`",EvidenceEnvelope + checker receipt + rollback receipt,NOT_RUN
COV-15-10,ACC-030,"All child obligations are present; `#pub-09-h2-02-02-worktree-branch-isolation` resolves; TST-043, TST-026, TST-041 have matching fixtures/oracles; GATE-09 returns no blocking reject code.","`TST-043, TST-026, TST-041` / `GATE-09`","Rejected: a heading, row count, file hash, generic checklist, target policy or maker self-check alone satisfies the requirement.","`TST-043, TST-026, TST-041` / `GATE-09`","`TST-043, TST-026, TST-041` / `GATE-09`",EvidenceEnvelope + checker receipt + rollback receipt,NOT_RUN
COV-15-11,ACC-095,"All child obligations are present; `#pub-00-h2-05-05-version-alias-supersession-law` resolves; TST-005, TST-011, TST-041 have matching fixtures/oracles; GATE-00 returns no blocking reject code.","`TST-005, TST-011, TST-041` / `GATE-00`","Rejected: a heading, row count, file hash, generic checklist, target policy or maker self-check alone satisfies the requirement.","`TST-005, TST-011, TST-041` / `GATE-00`","`TST-005, TST-011, TST-041` / `GATE-00`",EvidenceEnvelope + checker receipt + rollback receipt,NOT_RUN
COV-15-12,ACC-052,"All child obligations are present; `#pub-13-h2-08-08-role-profile-binding` resolves; TST-039, TST-040 have matching fixtures/oracles; GATE-13 returns no blocking reject code.","`TST-039, TST-040` / `GATE-13`","Rejected: a heading, row count, file hash, generic checklist, target policy or maker self-check alone satisfies the requirement.","`TST-039, TST-040` / `GATE-13`","`TST-039, TST-040` / `GATE-13`",EvidenceEnvelope + checker receipt + rollback receipt,NOT_RUN
COV-16-01,ACC-056,"All child obligations are present; `#pub-12-h2-00-00-capability-provider-adapter-semantics` resolves; TST-010, TST-037, TST-038 have matching fixtures/oracles; GATE-12 returns no blocking reject code.","`TST-010, TST-037, TST-038` / `GATE-12`","Rejected: a heading, row count, file hash, generic checklist, target policy or maker self-check alone satisfies the requirement.","`TST-010, TST-037, TST-038` / `GATE-12`","`TST-010, TST-037, TST-038` / `GATE-12`",EvidenceEnvelope + checker receipt + rollback receipt,NOT_RUN
COV-16-02,ACC-001,"All child obligations are present; `#pub-00-h2-00-00-cover-metadata-read-order` resolves; TST-001, TST-004 have matching fixtures/oracles; GATE-00 returns no blocking reject code.","`TST-001, TST-004` / `GATE-00`","Rejected: a heading, row count, file hash, generic checklist, target policy or maker self-check alone satisfies the requirement.","`TST-001, TST-004` / `GATE-00`","`TST-001, TST-004` / `GATE-00`",EvidenceEnvelope + checker receipt + rollback receipt,NOT_RUN
COV-16-03,ACC-096,"All child obligations are present; `#pub-12-h2-08-08-pilot-evidence-approval` resolves; TST-029, TST-037, TST-039 have matching fixtures/oracles; GATE-12 returns no blocking reject code.","`TST-029, TST-037, TST-039` / `GATE-12`","Rejected: a heading, row count, file hash, generic checklist, target policy or maker self-check alone satisfies the requirement.","`TST-029, TST-037, TST-039` / `GATE-12`","`TST-029, TST-037, TST-039` / `GATE-12`",EvidenceEnvelope + checker receipt + rollback receipt,NOT_RUN
COV-16-04,ACC-094,"All child obligations are present; `#pub-00-h2-08-08-failure-rollback-tt` resolves; TST-005, TST-019, TST-034 have matching fixtures/oracles; GATE-00 returns no blocking reject code.","`TST-005, TST-019, TST-034` / `GATE-00`","Rejected: a heading, row count, file hash, generic checklist, target policy or maker self-check alone satisfies the requirement.","`TST-005, TST-019, TST-034` / `GATE-00`","`TST-005, TST-019, TST-034` / `GATE-00`",EvidenceEnvelope + checker receipt + rollback receipt,NOT_RUN
COV-16-05,ACC-056,"All child obligations are present; `#pub-12-h2-00-00-capability-provider-adapter-semantics` resolves; TST-009, TST-037 have matching fixtures/oracles; GATE-12 returns no blocking reject code.","`TST-009, TST-037` / `GATE-12`","Rejected: a heading, row count, file hash, generic checklist, target policy or maker self-check alone satisfies the requirement.","`TST-009, TST-037` / `GATE-12`","`TST-009, TST-037` / `GATE-12`",EvidenceEnvelope + checker receipt + rollback receipt,NOT_RUN
COV-16-06,ACC-056,"All child obligations are present; `#pub-12-h2-00-00-capability-provider-adapter-semantics` resolves; TST-037, TST-038, TST-048 have matching fixtures/oracles; GATE-12 returns no blocking reject code.","`TST-037, TST-038, TST-048` / `GATE-12`","Rejected: a heading, row count, file hash, generic checklist, target policy or maker self-check alone satisfies the requirement.","`TST-037, TST-038, TST-048` / `GATE-12`","`TST-037, TST-038, TST-048` / `GATE-12`",EvidenceEnvelope + checker receipt + rollback receipt,NOT_RUN
COV-16-07,ACC-057,"All child obligations are present; `#pub-12-h2-08-08-pilot-evidence-approval` resolves; TST-034, TST-037, TST-041 have matching fixtures/oracles; GATE-12 returns no blocking reject code.","`TST-034, TST-037, TST-041` / `GATE-12`","Rejected: a heading, row count, file hash, generic checklist, target policy or maker self-check alone satisfies the requirement.","`TST-034, TST-037, TST-041` / `GATE-12`","`TST-034, TST-037, TST-041` / `GATE-12`",EvidenceEnvelope + checker receipt + rollback receipt,NOT_RUN
COV-16-08,ACC-088,"All child obligations are present; `#pub-10-h2-03-03-skill-candidate-lifecycle` resolves; TST-040, TST-005, TST-010 have matching fixtures/oracles; GATE-10 returns no blocking reject code.","`TST-040, TST-005, TST-010` / `GATE-10`","Rejected: a heading, row count, file hash, generic checklist, target policy or maker self-check alone satisfies the requirement.","`TST-040, TST-005, TST-010` / `GATE-10`","`TST-040, TST-005, TST-010` / `GATE-10`",EvidenceEnvelope + checker receipt + rollback receipt,NOT_RUN
COV-16-09,ACC-094,"All child obligations are present; `#pub-00-h2-01-01-authority-stack-a0-a7` resolves; TST-001, TST-005, TST-009 have matching fixtures/oracles; GATE-00 returns no blocking reject code.","`TST-001, TST-005, TST-009` / `GATE-00`","Rejected: a heading, row count, file hash, generic checklist, target policy or maker self-check alone satisfies the requirement.","`TST-001, TST-005, TST-009` / `GATE-00`","`TST-001, TST-005, TST-009` / `GATE-00`",EvidenceEnvelope + checker receipt + rollback receipt,NOT_RUN
COV-16-10,ACC-019,"All child obligations are present; `#pub-08-h2-00-00-engineering-definition-boundary` resolves; TST-027, TST-017, TST-022 have matching fixtures/oracles; GATE-08 returns no blocking reject code.","`TST-027, TST-017, TST-022` / `GATE-08`","Rejected: a heading, row count, file hash, generic checklist, target policy or maker self-check alone satisfies the requirement.","`TST-027, TST-017, TST-022` / `GATE-08`","`TST-027, TST-017, TST-022` / `GATE-08`",EvidenceEnvelope + checker receipt + rollback receipt,NOT_RUN
COV-16-11,ACC-013,"All child obligations are present; `#pub-02-h2-03-03-project-graph-nodes-and-edges` resolves; TST-012, TST-029, TST-037 have matching fixtures/oracles; GATE-02 returns no blocking reject code.","`TST-012, TST-029, TST-037` / `GATE-02`","Rejected: a heading, row count, file hash, generic checklist, target policy or maker self-check alone satisfies the requirement.","`TST-012, TST-029, TST-037` / `GATE-02`","`TST-012, TST-029, TST-037` / `GATE-02`",EvidenceEnvelope + checker receipt + rollback receipt,NOT_RUN
COV-16-12,ACC-095,"All child obligations are present; `#pub-03-h2-06-06-decision-state-machine` resolves; TST-014, TST-015 have matching fixtures/oracles; GATE-03 returns no blocking reject code.","`TST-014, TST-015` / `GATE-03`","Rejected: a heading, row count, file hash, generic checklist, target policy or maker self-check alone satisfies the requirement.","`TST-014, TST-015` / `GATE-03`","`TST-014, TST-015` / `GATE-03`",EvidenceEnvelope + checker receipt + rollback receipt,NOT_RUN
COV-17-01,ACC-003,"All child obligations are present; `#pub-00-h2-00-00-cover-metadata-read-order` resolves; TST-001, TST-002 have matching fixtures/oracles; GATE-00 returns no blocking reject code.","`TST-001, TST-002` / `GATE-00`","Rejected: a heading, row count, file hash, generic checklist, target policy or maker self-check alone satisfies the requirement.","`TST-001, TST-002` / `GATE-00`","`TST-001, TST-002` / `GATE-00`",EvidenceEnvelope + checker receipt + rollback receipt,NOT_RUN
COV-17-02,ACC-054,"All child obligations are present; `#pub-13-h2-00-00-prompt-skill-authority` resolves; TST-036, TST-015, TST-039 have matching fixtures/oracles; GATE-13 returns no blocking reject code.","`TST-036, TST-015, TST-039` / `GATE-13`","Rejected: a heading, row count, file hash, generic checklist, target policy or maker self-check alone satisfies the requirement.","`TST-036, TST-015, TST-039` / `GATE-13`","`TST-036, TST-015, TST-039` / `GATE-13`",EvidenceEnvelope + checker receipt + rollback receipt,NOT_RUN
COV-17-03,ACC-092,"All child obligations are present; `#pub-20-h2-00-00-risk-governance` resolves; TST-050, TST-015, TST-035 have matching fixtures/oracles; GATE-19 returns no blocking reject code.","`TST-050, TST-015, TST-035` / `GATE-19`","Rejected: a heading, row count, file hash, generic checklist, target policy or maker self-check alone satisfies the requirement.","`TST-050, TST-015, TST-035` / `GATE-19`","`TST-050, TST-015, TST-035` / `GATE-19`",EvidenceEnvelope + checker receipt + rollback receipt,NOT_RUN
COV-17-04,ACC-003,"All child obligations are present; `#pub-00-h2-02-02-mounted-source-manifest` resolves; TST-002, TST-034, TST-039 have matching fixtures/oracles; GATE-00 returns no blocking reject code.","`TST-002, TST-034, TST-039` / `GATE-00`","Rejected: a heading, row count, file hash, generic checklist, target policy or maker self-check alone satisfies the requirement.","`TST-002, TST-034, TST-039` / `GATE-00`","`TST-002, TST-034, TST-039` / `GATE-00`",EvidenceEnvelope + checker receipt + rollback receipt,NOT_RUN
COV-17-05,ACC-095,"All child obligations are present; `#pub-19-h2-00-00-gate-and-claim-constitution` resolves; TST-005, TST-011, TST-035 have matching fixtures/oracles; GATE-19 returns no blocking reject code.","`TST-005, TST-011, TST-035` / `GATE-19`","Rejected: a heading, row count, file hash, generic checklist, target policy or maker self-check alone satisfies the requirement.","`TST-005, TST-011, TST-035` / `GATE-19`","`TST-005, TST-011, TST-035` / `GATE-19`",EvidenceEnvelope + checker receipt + rollback receipt,NOT_RUN
COV-17-06,ACC-095,"All child obligations are present; `#pub-03-h2-05-05-token-scope-ttl-revocation` resolves; TST-015, TST-001, TST-037 have matching fixtures/oracles; GATE-03 returns no blocking reject code.","`TST-015, TST-001, TST-037` / `GATE-03`","Rejected: a heading, row count, file hash, generic checklist, target policy or maker self-check alone satisfies the requirement.","`TST-015, TST-001, TST-037` / `GATE-03`","`TST-015, TST-001, TST-037` / `GATE-03`",EvidenceEnvelope + checker receipt + rollback receipt,NOT_RUN
COV-17-07,ACC-095,"All child obligations are present; `#pub-03-h2-05-05-token-scope-ttl-revocation` resolves; TST-041, TST-015 have matching fixtures/oracles; GATE-03 returns no blocking reject code.","`TST-041, TST-015` / `GATE-03`","Rejected: a heading, row count, file hash, generic checklist, target policy or maker self-check alone satisfies the requirement.","`TST-041, TST-015` / `GATE-03`","`TST-041, TST-015` / `GATE-03`",EvidenceEnvelope + checker receipt + rollback receipt,NOT_RUN
COV-17-08,ACC-001,All child obligations are present; `#pub-03-h2-00-00-role-family-readback` resolves; TST-035 have matching fixtures/oracles; GATE-03 returns no blocking reject code.,`TST-035` / `GATE-03`,"Rejected: a heading, row count, file hash, generic checklist, target policy or maker self-check alone satisfies the requirement.",`TST-035` / `GATE-03`,`TST-035` / `GATE-03`,EvidenceEnvelope + checker receipt + rollback receipt,NOT_RUN
COV-17-09,ACC-001,"All child obligations are present; `#pub-03-h2-04-04-sod-rules` resolves; TST-014, TST-028, TST-034 have matching fixtures/oracles; GATE-03 returns no blocking reject code.","`TST-014, TST-028, TST-034` / `GATE-03`","Rejected: a heading, row count, file hash, generic checklist, target policy or maker self-check alone satisfies the requirement.","`TST-014, TST-028, TST-034` / `GATE-03`","`TST-014, TST-028, TST-034` / `GATE-03`",EvidenceEnvelope + checker receipt + rollback receipt,NOT_RUN
COV-17-10,ACC-001,"All child obligations are present; `#pub-03-h2-05-05-token-scope-ttl-revocation` resolves; TST-015, TST-034, TST-048 have matching fixtures/oracles; GATE-03 returns no blocking reject code.","`TST-015, TST-034, TST-048` / `GATE-03`","Rejected: a heading, row count, file hash, generic checklist, target policy or maker self-check alone satisfies the requirement.","`TST-015, TST-034, TST-048` / `GATE-03`","`TST-015, TST-034, TST-048` / `GATE-03`",EvidenceEnvelope + checker receipt + rollback receipt,NOT_RUN
COV-17-11,ACC-071,"All child obligations are present; `#pub-15-h2-04-04-prompt-injection` resolves; TST-013, TST-034, TST-035 have matching fixtures/oracles; GATE-15 returns no blocking reject code.","`TST-013, TST-034, TST-035` / `GATE-15`","Rejected: a heading, row count, file hash, generic checklist, target policy or maker self-check alone satisfies the requirement.","`TST-013, TST-034, TST-035` / `GATE-15`","`TST-013, TST-034, TST-035` / `GATE-15`",EvidenceEnvelope + checker receipt + rollback receipt,NOT_RUN
COV-17-12,ACC-011,"All child obligations are present; `#pub-02-h2-04-04-typed-artifact-lifecycle` resolves; TST-015, TST-043 have matching fixtures/oracles; GATE-02 returns no blocking reject code.","`TST-015, TST-043` / `GATE-02`","Rejected: a heading, row count, file hash, generic checklist, target policy or maker self-check alone satisfies the requirement.","`TST-015, TST-043` / `GATE-02`","`TST-015, TST-043` / `GATE-02`",EvidenceEnvelope + checker receipt + rollback receipt,NOT_RUN
COV-17-13,ACC-093,"All child obligations are present; `#pub-00-h2-08-08-failure-rollback-tt` resolves; TST-002, TST-005, TST-019 have matching fixtures/oracles; GATE-00 returns no blocking reject code.","`TST-002, TST-005, TST-019` / `GATE-00`","Rejected: a heading, row count, file hash, generic checklist, target policy or maker self-check alone satisfies the requirement.","`TST-002, TST-005, TST-019` / `GATE-00`","`TST-002, TST-005, TST-019` / `GATE-00`",EvidenceEnvelope + checker receipt + rollback receipt,NOT_RUN
COV-18-01,ACC-017,All child obligations are present; `#pub-01-h2-00-00-product-identity-freeze` resolves; TST-012 have matching fixtures/oracles; GATE-01 returns no blocking reject code.,`TST-012` / `GATE-01`,"Rejected: a heading, row count, file hash, generic checklist, target policy or maker self-check alone satisfies the requirement.",`TST-012` / `GATE-01`,`TST-012` / `GATE-01`,EvidenceEnvelope + checker receipt + rollback receipt,NOT_RUN
COV-18-02,ACC-073,All child obligations are present; `#pub-16-h2-03-03-golden-regression-nrtv` resolves; TST-005 have matching fixtures/oracles; GATE-16 returns no blocking reject code.,`TST-005` / `GATE-16`,"Rejected: a heading, row count, file hash, generic checklist, target policy or maker self-check alone satisfies the requirement.",`TST-005` / `GATE-16`,`TST-005` / `GATE-16`,EvidenceEnvelope + checker receipt + rollback receipt,NOT_RUN
COV-18-03,ACC-074,All child obligations are present; `#pub-16-h2-04-04-llm-judge-calibration` resolves; TST-041 have matching fixtures/oracles; GATE-16 returns no blocking reject code.,`TST-041` / `GATE-16`,"Rejected: a heading, row count, file hash, generic checklist, target policy or maker self-check alone satisfies the requirement.",`TST-041` / `GATE-16`,`TST-041` / `GATE-16`,EvidenceEnvelope + checker receipt + rollback receipt,NOT_RUN
COV-18-04,ACC-003,"All child obligations are present; `#pub-00-h2-00-00-cover-metadata-read-order` resolves; TST-002, TST-026, TST-048 have matching fixtures/oracles; GATE-00 returns no blocking reject code.","`TST-002, TST-026, TST-048` / `GATE-00`","Rejected: a heading, row count, file hash, generic checklist, target policy or maker self-check alone satisfies the requirement.","`TST-002, TST-026, TST-048` / `GATE-00`","`TST-002, TST-026, TST-048` / `GATE-00`",EvidenceEnvelope + checker receipt + rollback receipt,NOT_RUN
COV-18-05,ACC-011,All child obligations are present; `#pub-02-h2-04-04-typed-artifact-lifecycle` resolves; TST-041 have matching fixtures/oracles; GATE-02 returns no blocking reject code.,`TST-041` / `GATE-02`,"Rejected: a heading, row count, file hash, generic checklist, target policy or maker self-check alone satisfies the requirement.",`TST-041` / `GATE-02`,`TST-041` / `GATE-02`,EvidenceEnvelope + checker receipt + rollback receipt,NOT_RUN
COV-18-06,ACC-075,"All child obligations are present; `#pub-16-h2-05-05-evidence-schema-hash-expiry` resolves; TST-016, TST-041, TST-048 have matching fixtures/oracles; GATE-16 returns no blocking reject code.","`TST-016, TST-041, TST-048` / `GATE-16`","Rejected: a heading, row count, file hash, generic checklist, target policy or maker self-check alone satisfies the requirement.","`TST-016, TST-041, TST-048` / `GATE-16`","`TST-016, TST-041, TST-048` / `GATE-16`",EvidenceEnvelope + checker receipt + rollback receipt,NOT_RUN
COV-18-07,ACC-093,"All child obligations are present; `#pub-19-h2-03-03-gate-18-runtime-pilot` resolves; TST-009, TST-049 have matching fixtures/oracles; GATE-19 returns no blocking reject code.","`TST-009, TST-049` / `GATE-19`","Rejected: a heading, row count, file hash, generic checklist, target policy or maker self-check alone satisfies the requirement.","`TST-009, TST-049` / `GATE-19`","`TST-009, TST-049` / `GATE-19`",EvidenceEnvelope + checker receipt + rollback receipt,NOT_RUN
COV-18-08,ACC-092,"All child obligations are present; `#pub-00-h2-02-02-mounted-source-manifest` resolves; TST-002, TST-050, TST-012 have matching fixtures/oracles; GATE-00 returns no blocking reject code.","`TST-002, TST-050, TST-012` / `GATE-00`","Rejected: a heading, row count, file hash, generic checklist, target policy or maker self-check alone satisfies the requirement.","`TST-002, TST-050, TST-012` / `GATE-00`","`TST-002, TST-050, TST-012` / `GATE-00`",EvidenceEnvelope + checker receipt + rollback receipt,NOT_RUN
COV-18-09,ACC-092,"All child obligations are present; `#pub-19-h2-00-00-gate-and-claim-constitution` resolves; TST-009, TST-048, TST-050 have matching fixtures/oracles; GATE-19 returns no blocking reject code.","`TST-009, TST-048, TST-050` / `GATE-19`","Rejected: a heading, row count, file hash, generic checklist, target policy or maker self-check alone satisfies the requirement.","`TST-009, TST-048, TST-050` / `GATE-19`","`TST-009, TST-048, TST-050` / `GATE-19`",EvidenceEnvelope + checker receipt + rollback receipt,NOT_RUN
COV-18-10,ACC-092,"All child obligations are present; `#pub-19-h2-03-03-gate-18-runtime-pilot` resolves; TST-009, TST-015, TST-028 have matching fixtures/oracles; GATE-19 returns no blocking reject code.","`TST-009, TST-015, TST-028` / `GATE-19`","Rejected: a heading, row count, file hash, generic checklist, target policy or maker self-check alone satisfies the requirement.","`TST-009, TST-015, TST-028` / `GATE-19`","`TST-009, TST-015, TST-028` / `GATE-19`",EvidenceEnvelope + checker receipt + rollback receipt,NOT_RUN
COV-18-11,ACC-095,"All child obligations are present; `#pub-19-h2-06-06-release-transaction` resolves; TST-049, TST-050, TST-034 have matching fixtures/oracles; GATE-19 returns no blocking reject code.","`TST-049, TST-050, TST-034` / `GATE-19`","Rejected: a heading, row count, file hash, generic checklist, target policy or maker self-check alone satisfies the requirement.","`TST-049, TST-050, TST-034` / `GATE-19`","`TST-049, TST-050, TST-034` / `GATE-19`",EvidenceEnvelope + checker receipt + rollback receipt,NOT_RUN
COV-18-12,ACC-093,All child obligations are present; `#pub-20-h2-06-06-close-reopen-criteria` resolves; TST-050 have matching fixtures/oracles; GATE-19 returns no blocking reject code.,`TST-050` / `GATE-19`,"Rejected: a heading, row count, file hash, generic checklist, target policy or maker self-check alone satisfies the requirement.",`TST-050` / `GATE-19`,`TST-050` / `GATE-19`,EvidenceEnvelope + checker receipt + rollback receipt,NOT_RUN
COV-19-01,ACC-095,"All child obligations are present; `#pub-19-h2-03-03-gate-18-runtime-pilot` resolves; TST-009, TST-049 have matching fixtures/oracles; GATE-19 returns no blocking reject code.","`TST-009, TST-049` / `GATE-19`","Rejected: a heading, row count, file hash, generic checklist, target policy or maker self-check alone satisfies the requirement.","`TST-009, TST-049` / `GATE-19`","`TST-009, TST-049` / `GATE-19`",EvidenceEnvelope + checker receipt + rollback receipt,NOT_RUN
COV-19-02,ACC-019,"All child obligations are present; `#pub-08-h2-02-02-sdd-architecture` resolves; TST-024, TST-010, TST-040 have matching fixtures/oracles; GATE-08 returns no blocking reject code.","`TST-024, TST-010, TST-040` / `GATE-08`","Rejected: a heading, row count, file hash, generic checklist, target policy or maker self-check alone satisfies the requirement.","`TST-024, TST-010, TST-040` / `GATE-08`","`TST-024, TST-010, TST-040` / `GATE-08`",EvidenceEnvelope + checker receipt + rollback receipt,NOT_RUN
COV-19-03,ACC-095,"All child obligations are present; `#pub-19-h2-00-00-gate-and-claim-constitution` resolves; TST-015, TST-048, TST-050 have matching fixtures/oracles; GATE-19 returns no blocking reject code.","`TST-015, TST-048, TST-050` / `GATE-19`","Rejected: a heading, row count, file hash, generic checklist, target policy or maker self-check alone satisfies the requirement.","`TST-015, TST-048, TST-050` / `GATE-19`","`TST-015, TST-048, TST-050` / `GATE-19`",EvidenceEnvelope + checker receipt + rollback receipt,NOT_RUN
COV-19-04,ACC-003,"All child obligations are present; `#pub-00-h2-02-02-mounted-source-manifest` resolves; TST-011, TST-002, TST-004 have matching fixtures/oracles; GATE-00 returns no blocking reject code.","`TST-011, TST-002, TST-004` / `GATE-00`","Rejected: a heading, row count, file hash, generic checklist, target policy or maker self-check alone satisfies the requirement.","`TST-011, TST-002, TST-004` / `GATE-00`","`TST-011, TST-002, TST-004` / `GATE-00`",EvidenceEnvelope + checker receipt + rollback receipt,NOT_RUN
COV-19-05,ACC-031,"All child obligations are present; `#pub-09-h2-02-02-worktree-branch-isolation` resolves; TST-026, TST-018, TST-036 have matching fixtures/oracles; GATE-09 returns no blocking reject code.","`TST-026, TST-018, TST-036` / `GATE-09`","Rejected: a heading, row count, file hash, generic checklist, target policy or maker self-check alone satisfies the requirement.","`TST-026, TST-018, TST-036` / `GATE-09`","`TST-026, TST-018, TST-036` / `GATE-09`",EvidenceEnvelope + checker receipt + rollback receipt,NOT_RUN
COV-19-06,ACC-072,"All child obligations are present; `#pub-16-h2-05-05-evidence-schema-hash-expiry` resolves; TST-041, TST-028, TST-034 have matching fixtures/oracles; GATE-16 returns no blocking reject code.","`TST-041, TST-028, TST-034` / `GATE-16`","Rejected: a heading, row count, file hash, generic checklist, target policy or maker self-check alone satisfies the requirement.","`TST-041, TST-028, TST-034` / `GATE-16`","`TST-041, TST-028, TST-034` / `GATE-16`",EvidenceEnvelope + checker receipt + rollback receipt,NOT_RUN
COV-19-07,ACC-046,"All child obligations are present; `#pub-16-h2-05-05-evidence-schema-hash-expiry` resolves; TST-028, TST-041, TST-049 have matching fixtures/oracles; GATE-16 returns no blocking reject code.","`TST-028, TST-041, TST-049` / `GATE-16`","Rejected: a heading, row count, file hash, generic checklist, target policy or maker self-check alone satisfies the requirement.","`TST-028, TST-041, TST-049` / `GATE-16`","`TST-028, TST-041, TST-049` / `GATE-16`",EvidenceEnvelope + checker receipt + rollback receipt,NOT_RUN
COV-19-08,ACC-017,"All child obligations are present; `#pub-01-h2-01-01-mission-positioning-non-goals` resolves; TST-010, TST-040, TST-041 have matching fixtures/oracles; GATE-01 returns no blocking reject code.","`TST-010, TST-040, TST-041` / `GATE-01`","Rejected: a heading, row count, file hash, generic checklist, target policy or maker self-check alone satisfies the requirement.","`TST-010, TST-040, TST-041` / `GATE-01`","`TST-010, TST-040, TST-041` / `GATE-01`",EvidenceEnvelope + checker receipt + rollback receipt,NOT_RUN
COV-19-09,ACC-012,All child obligations are present; `#pub-02-h2-02-02-canonical-shared-spine` resolves; TST-041 have matching fixtures/oracles; GATE-02 returns no blocking reject code.,`TST-041` / `GATE-02`,"Rejected: a heading, row count, file hash, generic checklist, target policy or maker self-check alone satisfies the requirement.",`TST-041` / `GATE-02`,`TST-041` / `GATE-02`,EvidenceEnvelope + checker receipt + rollback receipt,NOT_RUN
COV-19-10,ACC-010,"All child obligations are present; `#pub-02-h2-02-02-canonical-shared-spine` resolves; TST-013, TST-025, TST-041 have matching fixtures/oracles; GATE-02 returns no blocking reject code.","`TST-013, TST-025, TST-041` / `GATE-02`","Rejected: a heading, row count, file hash, generic checklist, target policy or maker self-check alone satisfies the requirement.","`TST-013, TST-025, TST-041` / `GATE-02`","`TST-013, TST-025, TST-041` / `GATE-02`",EvidenceEnvelope + checker receipt + rollback receipt,NOT_RUN
COV-19-11,ACC-051,"All child obligations are present; `#pub-06-h2-08-08-recovery-and-rollback` resolves; TST-018, TST-044, TST-045 have matching fixtures/oracles; GATE-06 returns no blocking reject code.","`TST-018, TST-044, TST-045` / `GATE-06`","Rejected: a heading, row count, file hash, generic checklist, target policy or maker self-check alone satisfies the requirement.","`TST-018, TST-044, TST-045` / `GATE-06`","`TST-018, TST-044, TST-045` / `GATE-06`",EvidenceEnvelope + checker receipt + rollback receipt,NOT_RUN
COV-20-01,ACC-019,All child obligations are present; `#pub-04-h2-02-02-g01-g08` resolves; TST-009 have matching fixtures/oracles; GATE-04 returns no blocking reject code.,`TST-009` / `GATE-04`,"Rejected: a heading, row count, file hash, generic checklist, target policy or maker self-check alone satisfies the requirement.",`TST-009` / `GATE-04`,`TST-009` / `GATE-04`,EvidenceEnvelope + checker receipt + rollback receipt,NOT_RUN
COV-20-02,ACC-011,"All child obligations are present; `#pub-02-h2-04-04-typed-artifact-lifecycle` resolves; TST-026, TST-037 have matching fixtures/oracles; GATE-02 returns no blocking reject code.","`TST-026, TST-037` / `GATE-02`","Rejected: a heading, row count, file hash, generic checklist, target policy or maker self-check alone satisfies the requirement.","`TST-026, TST-037` / `GATE-02`","`TST-026, TST-037` / `GATE-02`",EvidenceEnvelope + checker receipt + rollback receipt,NOT_RUN
COV-20-03,ACC-003,"All child obligations are present; `#pub-00-h2-01-01-authority-stack-a0-a7` resolves; TST-001, TST-013, TST-048 have matching fixtures/oracles; GATE-00 returns no blocking reject code.","`TST-001, TST-013, TST-048` / `GATE-00`","Rejected: a heading, row count, file hash, generic checklist, target policy or maker self-check alone satisfies the requirement.","`TST-001, TST-013, TST-048` / `GATE-00`","`TST-001, TST-013, TST-048` / `GATE-00`",EvidenceEnvelope + checker receipt + rollback receipt,NOT_RUN
COV-20-04,ACC-089,"All child obligations are present; `#pub-17-h2-00-00-route-out-boundary` resolves; TST-041, TST-044 have matching fixtures/oracles; GATE-17 returns no blocking reject code.","`TST-041, TST-044` / `GATE-17`","Rejected: a heading, row count, file hash, generic checklist, target policy or maker self-check alone satisfies the requirement.","`TST-041, TST-044` / `GATE-17`","`TST-041, TST-044` / `GATE-17`",EvidenceEnvelope + checker receipt + rollback receipt,NOT_RUN
COV-20-05,ACC-010,All child obligations are present; `#pub-02-h2-02-02-canonical-shared-spine` resolves; TST-001 have matching fixtures/oracles; GATE-02 returns no blocking reject code.,`TST-001` / `GATE-02`,"Rejected: a heading, row count, file hash, generic checklist, target policy or maker self-check alone satisfies the requirement.",`TST-001` / `GATE-02`,`TST-001` / `GATE-02`,EvidenceEnvelope + checker receipt + rollback receipt,NOT_RUN
COV-20-06,ACC-096,"All child obligations are present; `#pub-12-h2-00-00-capability-provider-adapter-semantics` resolves; TST-037, TST-045 have matching fixtures/oracles; GATE-12 returns no blocking reject code.","`TST-037, TST-045` / `GATE-12`","Rejected: a heading, row count, file hash, generic checklist, target policy or maker self-check alone satisfies the requirement.","`TST-037, TST-045` / `GATE-12`","`TST-037, TST-045` / `GATE-12`",EvidenceEnvelope + checker receipt + rollback receipt,NOT_RUN
COV-20-07,ACC-017,"All child obligations are present; `#pub-01-h2-00-00-product-identity-freeze` resolves; TST-009, TST-012, TST-014 have matching fixtures/oracles; GATE-01 returns no blocking reject code.","`TST-009, TST-012, TST-014` / `GATE-01`","Rejected: a heading, row count, file hash, generic checklist, target policy or maker self-check alone satisfies the requirement.","`TST-009, TST-012, TST-014` / `GATE-01`","`TST-009, TST-012, TST-014` / `GATE-01`",EvidenceEnvelope + checker receipt + rollback receipt,NOT_RUN
COV-20-08,ACC-092,"All child obligations are present; `#pub-00-h2-05-05-version-alias-supersession-law` resolves; TST-005, TST-048 have matching fixtures/oracles; GATE-00 returns no blocking reject code.","`TST-005, TST-048` / `GATE-00`","Rejected: a heading, row count, file hash, generic checklist, target policy or maker self-check alone satisfies the requirement.","`TST-005, TST-048` / `GATE-00`","`TST-005, TST-048` / `GATE-00`",EvidenceEnvelope + checker receipt + rollback receipt,NOT_RUN
COV-20-09,ACC-055,All child obligations are present; `#pub-12-h2-08-08-pilot-evidence-approval` resolves; TST-037 have matching fixtures/oracles; GATE-12 returns no blocking reject code.,`TST-037` / `GATE-12`,"Rejected: a heading, row count, file hash, generic checklist, target policy or maker self-check alone satisfies the requirement.",`TST-037` / `GATE-12`,`TST-037` / `GATE-12`,EvidenceEnvelope + checker receipt + rollback receipt,NOT_RUN
COV-20-10,ACC-094,All child obligations are present; `#pub-00-h2-05-05-version-alias-supersession-law` resolves; TST-049 have matching fixtures/oracles; GATE-00 returns no blocking reject code.,`TST-049` / `GATE-00`,"Rejected: a heading, row count, file hash, generic checklist, target policy or maker self-check alone satisfies the requirement.",`TST-049` / `GATE-00`,`TST-049` / `GATE-00`,EvidenceEnvelope + checker receipt + rollback receipt,NOT_RUN
COV-20-11,ACC-046,"All child obligations are present; `#pub-16-h2-03-03-golden-regression-nrtv` resolves; TST-041, TST-046 have matching fixtures/oracles; GATE-16 returns no blocking reject code.","`TST-041, TST-046` / `GATE-16`","Rejected: a heading, row count, file hash, generic checklist, target policy or maker self-check alone satisfies the requirement.","`TST-041, TST-046` / `GATE-16`","`TST-041, TST-046` / `GATE-16`",EvidenceEnvelope + checker receipt + rollback receipt,NOT_RUN
COV-21-01,ACC-038,"All child obligations are present; `#pub-07-h2-00-00-factory-mission` resolves; TST-019, TST-020, TST-021 have matching fixtures/oracles; GATE-07 returns no blocking reject code.","`TST-019, TST-020, TST-021` / `GATE-07`","Rejected: a heading, row count, file hash, generic checklist, target policy or maker self-check alone satisfies the requirement.","`TST-019, TST-020, TST-021` / `GATE-07`","`TST-019, TST-020, TST-021` / `GATE-07`",EvidenceEnvelope + checker receipt + rollback receipt,NOT_RUN
COV-21-02,ACC-001,"All child obligations are present; `#pub-00-h2-00-00-cover-metadata-read-order` resolves; TST-001, TST-004 have matching fixtures/oracles; GATE-00 returns no blocking reject code.","`TST-001, TST-004` / `GATE-00`","Rejected: a heading, row count, file hash, generic checklist, target policy or maker self-check alone satisfies the requirement.","`TST-001, TST-004` / `GATE-00`","`TST-001, TST-004` / `GATE-00`",EvidenceEnvelope + checker receipt + rollback receipt,NOT_RUN
COV-21-03,ACC-052,"All child obligations are present; `#pub-13-h2-08-08-role-profile-binding` resolves; TST-036, TST-050 have matching fixtures/oracles; GATE-13 returns no blocking reject code.","`TST-036, TST-050` / `GATE-13`","Rejected: a heading, row count, file hash, generic checklist, target policy or maker self-check alone satisfies the requirement.","`TST-036, TST-050` / `GATE-13`","`TST-036, TST-050` / `GATE-13`",EvidenceEnvelope + checker receipt + rollback receipt,NOT_RUN
COV-21-04,ACC-033,"All child obligations are present; `#pub-05-h2-00-00-hermes-legal-position` resolves; TST-017, TST-027 have matching fixtures/oracles; GATE-05 returns no blocking reject code.","`TST-017, TST-027` / `GATE-05`","Rejected: a heading, row count, file hash, generic checklist, target policy or maker self-check alone satisfies the requirement.","`TST-017, TST-027` / `GATE-05`","`TST-017, TST-027` / `GATE-05`",EvidenceEnvelope + checker receipt + rollback receipt,NOT_RUN
COV-21-05,ACC-009,"All child obligations are present; `#pub-02-h2-03-03-project-graph-nodes-and-edges` resolves; TST-012, TST-029 have matching fixtures/oracles; GATE-02 returns no blocking reject code.","`TST-012, TST-029` / `GATE-02`","Rejected: a heading, row count, file hash, generic checklist, target policy or maker self-check alone satisfies the requirement.","`TST-012, TST-029` / `GATE-02`","`TST-012, TST-029` / `GATE-02`",EvidenceEnvelope + checker receipt + rollback receipt,NOT_RUN
COV-21-06,ACC-009,"All child obligations are present; `#pub-02-h2-02-02-canonical-shared-spine` resolves; TST-012, TST-029 have matching fixtures/oracles; GATE-02 returns no blocking reject code.","`TST-012, TST-029` / `GATE-02`","Rejected: a heading, row count, file hash, generic checklist, target policy or maker self-check alone satisfies the requirement.","`TST-012, TST-029` / `GATE-02`","`TST-012, TST-029` / `GATE-02`",EvidenceEnvelope + checker receipt + rollback receipt,NOT_RUN
COV-21-07,ACC-003,"All child obligations are present; `#pub-00-h2-00-00-cover-metadata-read-order` resolves; TST-002, TST-050 have matching fixtures/oracles; GATE-00 returns no blocking reject code.","`TST-002, TST-050` / `GATE-00`","Rejected: a heading, row count, file hash, generic checklist, target policy or maker self-check alone satisfies the requirement.","`TST-002, TST-050` / `GATE-00`","`TST-002, TST-050` / `GATE-00`",EvidenceEnvelope + checker receipt + rollback receipt,NOT_RUN
COV-21-08,ACC-092,"All child obligations are present; `#pub-19-h2-03-03-gate-18-runtime-pilot` resolves; TST-009, TST-041, TST-049 have matching fixtures/oracles; GATE-19 returns no blocking reject code.","`TST-009, TST-041, TST-049` / `GATE-19`","Rejected: a heading, row count, file hash, generic checklist, target policy or maker self-check alone satisfies the requirement.","`TST-009, TST-041, TST-049` / `GATE-19`","`TST-009, TST-041, TST-049` / `GATE-19`",EvidenceEnvelope + checker receipt + rollback receipt,NOT_RUN
COV-21-09,ACC-014,All child obligations are present; `#pub-01-h2-05-05-22-coverage-domains` resolves; TST-003 have matching fixtures/oracles; GATE-01 returns no blocking reject code.,`TST-003` / `GATE-01`,"Rejected: a heading, row count, file hash, generic checklist, target policy or maker self-check alone satisfies the requirement.",`TST-003` / `GATE-01`,`TST-003` / `GATE-01`,EvidenceEnvelope + checker receipt + rollback receipt,NOT_RUN
COV-21-10,ACC-086,"All child obligations are present; `#pub-10-h2-00-00-memory-authority` resolves; TST-029, TST-009, TST-028 have matching fixtures/oracles; GATE-10 returns no blocking reject code.","`TST-029, TST-009, TST-028` / `GATE-10`","Rejected: a heading, row count, file hash, generic checklist, target policy or maker self-check alone satisfies the requirement.","`TST-029, TST-009, TST-028` / `GATE-10`","`TST-029, TST-009, TST-028` / `GATE-10`",EvidenceEnvelope + checker receipt + rollback receipt,NOT_RUN
COV-21-11,ACC-094,"All child obligations are present; `#pub-20-h2-05-05-blocked-actions` resolves; TST-005, TST-050 have matching fixtures/oracles; GATE-19 returns no blocking reject code.","`TST-005, TST-050` / `GATE-19`","Rejected: a heading, row count, file hash, generic checklist, target policy or maker self-check alone satisfies the requirement.","`TST-005, TST-050` / `GATE-19`","`TST-005, TST-050` / `GATE-19`",EvidenceEnvelope + checker receipt + rollback receipt,NOT_RUN
COV-22-01,ACC-014,"All child obligations are present; `#pub-01-h2-01-01-mission-positioning-non-goals` resolves; TST-010, TST-001, TST-009 have matching fixtures/oracles; GATE-01 returns no blocking reject code.","`TST-010, TST-001, TST-009` / `GATE-01`","Rejected: a heading, row count, file hash, generic checklist, target policy or maker self-check alone satisfies the requirement.","`TST-010, TST-001, TST-009` / `GATE-01`","`TST-010, TST-001, TST-009` / `GATE-01`",EvidenceEnvelope + checker receipt + rollback receipt,NOT_RUN
COV-22-02,ACC-014,"All child obligations are present; `#pub-01-h2-00-00-product-identity-freeze` resolves; TST-002, TST-004, TST-048 have matching fixtures/oracles; GATE-01 returns no blocking reject code.","`TST-002, TST-004, TST-048` / `GATE-01`","Rejected: a heading, row count, file hash, generic checklist, target policy or maker self-check alone satisfies the requirement.","`TST-002, TST-004, TST-048` / `GATE-01`","`TST-002, TST-004, TST-048` / `GATE-01`",EvidenceEnvelope + checker receipt + rollback receipt,NOT_RUN
COV-22-03,ACC-011,"All child obligations are present; `#pub-02-h2-03-03-project-graph-nodes-and-edges` resolves; TST-008, TST-026, TST-044 have matching fixtures/oracles; GATE-02 returns no blocking reject code.","`TST-008, TST-026, TST-044` / `GATE-02`","Rejected: a heading, row count, file hash, generic checklist, target policy or maker self-check alone satisfies the requirement.","`TST-008, TST-026, TST-044` / `GATE-02`","`TST-008, TST-026, TST-044` / `GATE-02`",EvidenceEnvelope + checker receipt + rollback receipt,NOT_RUN
COV-22-04,ACC-010,"All child obligations are present; `#pub-02-h2-02-02-canonical-shared-spine` resolves; TST-009, TST-012, TST-026 have matching fixtures/oracles; GATE-02 returns no blocking reject code.","`TST-009, TST-012, TST-026` / `GATE-02`","Rejected: a heading, row count, file hash, generic checklist, target policy or maker self-check alone satisfies the requirement.","`TST-009, TST-012, TST-026` / `GATE-02`","`TST-009, TST-012, TST-026` / `GATE-02`",EvidenceEnvelope + checker receipt + rollback receipt,NOT_RUN
COV-22-05,ACC-087,"All child obligations are present; `#pub-10-h2-00-00-memory-authority` resolves; TST-007, TST-012, TST-013 have matching fixtures/oracles; GATE-10 returns no blocking reject code.","`TST-007, TST-012, TST-013` / `GATE-10`","Rejected: a heading, row count, file hash, generic checklist, target policy or maker self-check alone satisfies the requirement.","`TST-007, TST-012, TST-013` / `GATE-10`","`TST-007, TST-012, TST-013` / `GATE-10`",EvidenceEnvelope + checker receipt + rollback receipt,NOT_RUN
COV-22-06,ACC-019,All child obligations are present; `#pub-04-h2-01-01-a00-m-a08` resolves; TST-050 have matching fixtures/oracles; GATE-04 returns no blocking reject code.,`TST-050` / `GATE-04`,"Rejected: a heading, row count, file hash, generic checklist, target policy or maker self-check alone satisfies the requirement.",`TST-050` / `GATE-04`,`TST-050` / `GATE-04`,EvidenceEnvelope + checker receipt + rollback receipt,NOT_RUN
COV-22-07,ACC-054,"All child obligations are present; `#pub-13-h2-00-00-prompt-skill-authority` resolves; TST-014, TST-029, TST-039 have matching fixtures/oracles; GATE-13 returns no blocking reject code.","`TST-014, TST-029, TST-039` / `GATE-13`","Rejected: a heading, row count, file hash, generic checklist, target policy or maker self-check alone satisfies the requirement.","`TST-014, TST-029, TST-039` / `GATE-13`","`TST-014, TST-029, TST-039` / `GATE-13`",EvidenceEnvelope + checker receipt + rollback receipt,NOT_RUN
COV-22-08,ACC-070,"All child obligations are present; `#pub-15-h2-04-04-prompt-injection` resolves; TST-034, TST-010, TST-035 have matching fixtures/oracles; GATE-15 returns no blocking reject code.","`TST-034, TST-010, TST-035` / `GATE-15`","Rejected: a heading, row count, file hash, generic checklist, target policy or maker self-check alone satisfies the requirement.","`TST-034, TST-010, TST-035` / `GATE-15`","`TST-034, TST-010, TST-035` / `GATE-15`",EvidenceEnvelope + checker receipt + rollback receipt,NOT_RUN
COV-22-09,ACC-024,"All child obligations are present; `#pub-11-h2-08-08-backup-restore` resolves; TST-043, TST-005, TST-011 have matching fixtures/oracles; GATE-11 returns no blocking reject code.","`TST-043, TST-005, TST-011` / `GATE-11`","Rejected: a heading, row count, file hash, generic checklist, target policy or maker self-check alone satisfies the requirement.","`TST-043, TST-005, TST-011` / `GATE-11`","`TST-043, TST-005, TST-011` / `GATE-11`",EvidenceEnvelope + checker receipt + rollback receipt,NOT_RUN
COV-22-10,ACC-095,"All child obligations are present; `#pub-19-h2-00-00-gate-and-claim-constitution` resolves; TST-041, TST-049, TST-002 have matching fixtures/oracles; GATE-19 returns no blocking reject code.","`TST-041, TST-049, TST-002` / `GATE-19`","Rejected: a heading, row count, file hash, generic checklist, target policy or maker self-check alone satisfies the requirement.","`TST-041, TST-049, TST-002` / `GATE-19`","`TST-041, TST-049, TST-002` / `GATE-19`",EvidenceEnvelope + checker receipt + rollback receipt,NOT_RUN
COV-22-11,ACC-019,"All child obligations are present; `#pub-08-h2-02-02-sdd-architecture` resolves; TST-024, TST-048, TST-006 have matching fixtures/oracles; GATE-08 returns no blocking reject code.","`TST-024, TST-048, TST-006` / `GATE-08`","Rejected: a heading, row count, file hash, generic checklist, target policy or maker self-check alone satisfies the requirement.","`TST-024, TST-048, TST-006` / `GATE-08`","`TST-024, TST-048, TST-006` / `GATE-08`",EvidenceEnvelope + checker receipt + rollback receipt,NOT_RUN
COV-22-12,ACC-014,"All child obligations are present; `#pub-01-h2-00-00-product-identity-freeze` resolves; TST-009, TST-050 have matching fixtures/oracles; GATE-01 returns no blocking reject code.","`TST-009, TST-050` / `GATE-01`","Rejected: a heading, row count, file hash, generic checklist, target policy or maker self-check alone satisfies the requirement.","`TST-009, TST-050` / `GATE-01`","`TST-009, TST-050` / `GATE-01`",EvidenceEnvelope + checker receipt + rollback receipt,NOT_RUN
SQS-REQ-001,ACC-003,"All child obligations are present; `#pub-00-h2-00-00-cover-metadata-read-order` resolves; TST-002, TST-031 have matching fixtures/oracles; GATE-00 returns no blocking reject code.","`TST-002, TST-031` / `GATE-00`","Rejected: a heading, row count, file hash, generic checklist, target policy or maker self-check alone satisfies the requirement.","`TST-002, TST-031` / `GATE-00`","`TST-002, TST-031` / `GATE-00`",EvidenceEnvelope + checker receipt + rollback receipt,NOT_RUN
SQS-REQ-002,ACC-095,"All child obligations are present; `#pub-00-h2-02-02-mounted-source-manifest` resolves; TST-002, TST-028, TST-048 have matching fixtures/oracles; GATE-00 returns no blocking reject code.","`TST-002, TST-028, TST-048` / `GATE-00`","Rejected: a heading, row count, file hash, generic checklist, target policy or maker self-check alone satisfies the requirement.","`TST-002, TST-028, TST-048` / `GATE-00`","`TST-002, TST-028, TST-048` / `GATE-00`",EvidenceEnvelope + checker receipt + rollback receipt,NOT_RUN
SQS-REQ-003,ACC-052,"All child obligations are present; `#pub-13-h2-00-00-prompt-skill-authority` resolves; TST-002, TST-029, TST-034 have matching fixtures/oracles; GATE-13 returns no blocking reject code.","`TST-002, TST-029, TST-034` / `GATE-13`","Rejected: a heading, row count, file hash, generic checklist, target policy or maker self-check alone satisfies the requirement.","`TST-002, TST-029, TST-034` / `GATE-13`","`TST-002, TST-029, TST-034` / `GATE-13`",EvidenceEnvelope + checker receipt + rollback receipt,NOT_RUN
SQS-REQ-004,ACC-010,"All child obligations are present; `#pub-02-h2-02-02-canonical-shared-spine` resolves; TST-031, TST-032, TST-050 have matching fixtures/oracles; GATE-02 returns no blocking reject code.","`TST-031, TST-032, TST-050` / `GATE-02`","Rejected: a heading, row count, file hash, generic checklist, target policy or maker self-check alone satisfies the requirement.","`TST-031, TST-032, TST-050` / `GATE-02`","`TST-031, TST-032, TST-050` / `GATE-02`",EvidenceEnvelope + checker receipt + rollback receipt,NOT_RUN
SQS-REQ-005,ACC-014,"All child obligations are present; `#pub-14-h2-02-02-source-market-data-provenance` resolves; TST-019, TST-002, TST-009 have matching fixtures/oracles; GATE-14 returns no blocking reject code.","`TST-019, TST-002, TST-009` / `GATE-14`","Rejected: a heading, row count, file hash, generic checklist, target policy or maker self-check alone satisfies the requirement.","`TST-019, TST-002, TST-009` / `GATE-14`","`TST-019, TST-002, TST-009` / `GATE-14`",EvidenceEnvelope + checker receipt + rollback receipt,NOT_RUN
SQS-REQ-006,ACC-014,"All child obligations are present; `#pub-14-h2-02-02-source-market-data-provenance` resolves; TST-031, TST-032 have matching fixtures/oracles; GATE-14 returns no blocking reject code.","`TST-031, TST-032` / `GATE-14`","Rejected: a heading, row count, file hash, generic checklist, target policy or maker self-check alone satisfies the requirement.","`TST-031, TST-032` / `GATE-14`","`TST-031, TST-032` / `GATE-14`",EvidenceEnvelope + checker receipt + rollback receipt,NOT_RUN
SQS-REQ-007,ACC-014,All child obligations are present; `#pub-14-h2-03-03-calendar-corporate-actions-quality` resolves; TST-020 have matching fixtures/oracles; GATE-14 returns no blocking reject code.,`TST-020` / `GATE-14`,"Rejected: a heading, row count, file hash, generic checklist, target policy or maker self-check alone satisfies the requirement.",`TST-020` / `GATE-14`,`TST-020` / `GATE-14`,EvidenceEnvelope + checker receipt + rollback receipt,NOT_RUN
SQS-REQ-008,ACC-003,"All child obligations are present; `#pub-00-h2-02-02-mounted-source-manifest` resolves; TST-002, TST-048 have matching fixtures/oracles; GATE-00 returns no blocking reject code.","`TST-002, TST-048` / `GATE-00`","Rejected: a heading, row count, file hash, generic checklist, target policy or maker self-check alone satisfies the requirement.","`TST-002, TST-048` / `GATE-00`","`TST-002, TST-048` / `GATE-00`",EvidenceEnvelope + checker receipt + rollback receipt,NOT_RUN
SQS-REQ-009,ACC-014,All child obligations are present; `#pub-14-h2-00-00-provisional-legal-position` resolves; TST-049 have matching fixtures/oracles; GATE-14 returns no blocking reject code.,`TST-049` / `GATE-14`,"Rejected: a heading, row count, file hash, generic checklist, target policy or maker self-check alone satisfies the requirement.",`TST-049` / `GATE-14`,`TST-049` / `GATE-14`,EvidenceEnvelope + checker receipt + rollback receipt,NOT_RUN
SQS-REQ-010,ACC-014,All child obligations are present; `#pub-14-h2-00-00-provisional-legal-position` resolves; TST-005 have matching fixtures/oracles; GATE-14 returns no blocking reject code.,`TST-005` / `GATE-14`,"Rejected: a heading, row count, file hash, generic checklist, target policy or maker self-check alone satisfies the requirement.",`TST-005` / `GATE-14`,`TST-005` / `GATE-14`,EvidenceEnvelope + checker receipt + rollback receipt,NOT_RUN
SQS-REQ-011,ACC-014,All child obligations are present; `#pub-14-h2-02-02-source-market-data-provenance` resolves; TST-002 have matching fixtures/oracles; GATE-14 returns no blocking reject code.,`TST-002` / `GATE-14`,"Rejected: a heading, row count, file hash, generic checklist, target policy or maker self-check alone satisfies the requirement.",`TST-002` / `GATE-14`,`TST-002` / `GATE-14`,EvidenceEnvelope + checker receipt + rollback receipt,NOT_RUN
SQS-REQ-012,ACC-017,"All child obligations are present; `#pub-14-h2-06-06-backtest-snapshot-version` resolves; TST-032, TST-041, TST-047 have matching fixtures/oracles; GATE-14 returns no blocking reject code.","`TST-032, TST-041, TST-047` / `GATE-14`","Rejected: a heading, row count, file hash, generic checklist, target policy or maker self-check alone satisfies the requirement.","`TST-032, TST-041, TST-047` / `GATE-14`","`TST-032, TST-041, TST-047` / `GATE-14`",EvidenceEnvelope + checker receipt + rollback receipt,NOT_RUN
SQS-REQ-013,ACC-001,"All child obligations are present; `#pub-00-h2-05-05-version-alias-supersession-law` resolves; TST-005, TST-011 have matching fixtures/oracles; GATE-00 returns no blocking reject code.","`TST-005, TST-011` / `GATE-00`","Rejected: a heading, row count, file hash, generic checklist, target policy or maker self-check alone satisfies the requirement.","`TST-005, TST-011` / `GATE-00`","`TST-005, TST-011` / `GATE-00`",EvidenceEnvelope + checker receipt + rollback receipt,NOT_RUN
SQS-REQ-014,ACC-016,All child obligations are present; `#pub-14-h2-05-05-hypothesis-baseline-counter-metric` resolves; TST-003 have matching fixtures/oracles; GATE-14 returns no blocking reject code.,`TST-003` / `GATE-14`,"Rejected: a heading, row count, file hash, generic checklist, target policy or maker self-check alone satisfies the requirement.",`TST-003` / `GATE-14`,`TST-003` / `GATE-14`,EvidenceEnvelope + checker receipt + rollback receipt,NOT_RUN
SQS-REQ-015,ACC-014,"All child obligations are present; `#pub-14-h2-04-04-ontology-feature-indicator` resolves; TST-002, TST-005, TST-011 have matching fixtures/oracles; GATE-14 returns no blocking reject code.","`TST-002, TST-005, TST-011` / `GATE-14`","Rejected: a heading, row count, file hash, generic checklist, target policy or maker self-check alone satisfies the requirement.","`TST-002, TST-005, TST-011` / `GATE-14`","`TST-002, TST-005, TST-011` / `GATE-14`",EvidenceEnvelope + checker receipt + rollback receipt,NOT_RUN
SQS-REQ-016,ACC-055,"All child obligations are present; `#pub-12-h2-00-00-capability-provider-adapter-semantics` resolves; TST-037, TST-038 have matching fixtures/oracles; GATE-12 returns no blocking reject code.","`TST-037, TST-038` / `GATE-12`","Rejected: a heading, row count, file hash, generic checklist, target policy or maker self-check alone satisfies the requirement.","`TST-037, TST-038` / `GATE-12`","`TST-037, TST-038` / `GATE-12`",EvidenceEnvelope + checker receipt + rollback receipt,NOT_RUN
SQS-REQ-017,ACC-093,"All child obligations are present; `#pub-00-h2-00-00-cover-metadata-read-order` resolves; TST-005, TST-029, TST-039 have matching fixtures/oracles; GATE-00 returns no blocking reject code.","`TST-005, TST-029, TST-039` / `GATE-00`","Rejected: a heading, row count, file hash, generic checklist, target policy or maker self-check alone satisfies the requirement.","`TST-005, TST-029, TST-039` / `GATE-00`","`TST-005, TST-029, TST-039` / `GATE-00`",EvidenceEnvelope + checker receipt + rollback receipt,NOT_RUN
SQS-REQ-018,ACC-017,All child obligations are present; `#pub-14-h2-08-08-cost-slippage-liquidity` resolves; TST-028 have matching fixtures/oracles; GATE-14 returns no blocking reject code.,`TST-028` / `GATE-14`,"Rejected: a heading, row count, file hash, generic checklist, target policy or maker self-check alone satisfies the requirement.",`TST-028` / `GATE-14`,`TST-028` / `GATE-14`,EvidenceEnvelope + checker receipt + rollback receipt,NOT_RUN
SQS-REQ-019,ACC-017,All child obligations are present; `#pub-14-h2-07-07-leakage-survivorship-revision` resolves; TST-020 have matching fixtures/oracles; GATE-14 returns no blocking reject code.,`TST-020` / `GATE-14`,"Rejected: a heading, row count, file hash, generic checklist, target policy or maker self-check alone satisfies the requirement.",`TST-020` / `GATE-14`,`TST-020` / `GATE-14`,EvidenceEnvelope + checker receipt + rollback receipt,NOT_RUN
SQS-REQ-020,ACC-014,"All child obligations are present; `#pub-14-h2-00-00-provisional-legal-position` resolves; TST-001, TST-004 have matching fixtures/oracles; GATE-14 returns no blocking reject code.","`TST-001, TST-004` / `GATE-14`","Rejected: a heading, row count, file hash, generic checklist, target policy or maker self-check alone satisfies the requirement.","`TST-001, TST-004` / `GATE-14`","`TST-001, TST-004` / `GATE-14`",EvidenceEnvelope + checker receipt + rollback receipt,NOT_RUN
SQS-REQ-021,ACC-014,"All child obligations are present; `#pub-01-h2-00-00-product-identity-freeze` resolves; TST-006, TST-007, TST-008 have matching fixtures/oracles; GATE-01 returns no blocking reject code.","`TST-006, TST-007, TST-008` / `GATE-01`","Rejected: a heading, row count, file hash, generic checklist, target policy or maker self-check alone satisfies the requirement.","`TST-006, TST-007, TST-008` / `GATE-01`","`TST-006, TST-007, TST-008` / `GATE-01`",EvidenceEnvelope + checker receipt + rollback receipt,NOT_RUN
SQS-REQ-022,ACC-015,"All child obligations are present; `#pub-14-h2-00-00-provisional-legal-position` resolves; TST-031, TST-032 have matching fixtures/oracles; GATE-14 returns no blocking reject code.","`TST-031, TST-032` / `GATE-14`","Rejected: a heading, row count, file hash, generic checklist, target policy or maker self-check alone satisfies the requirement.","`TST-031, TST-032` / `GATE-14`","`TST-031, TST-032` / `GATE-14`",EvidenceEnvelope + checker receipt + rollback receipt,NOT_RUN
SQS-REQ-023,ACC-001,"All child obligations are present; `#pub-00-h2-00-00-cover-metadata-read-order` resolves; TST-001, TST-004 have matching fixtures/oracles; GATE-00 returns no blocking reject code.","`TST-001, TST-004` / `GATE-00`","Rejected: a heading, row count, file hash, generic checklist, target policy or maker self-check alone satisfies the requirement.","`TST-001, TST-004` / `GATE-00`","`TST-001, TST-004` / `GATE-00`",EvidenceEnvelope + checker receipt + rollback receipt,NOT_RUN
SQS-REQ-024,ACC-014,"All child obligations are present; `#pub-14-h2-10-10-simulation-paper-live-isolation` resolves; TST-032, TST-048, TST-015 have matching fixtures/oracles; GATE-14 returns no blocking reject code.","`TST-032, TST-048, TST-015` / `GATE-14`","Rejected: a heading, row count, file hash, generic checklist, target policy or maker self-check alone satisfies the requirement.","`TST-032, TST-048, TST-015` / `GATE-14`","`TST-032, TST-048, TST-015` / `GATE-14`",EvidenceEnvelope + checker receipt + rollback receipt,NOT_RUN
SQS-REQ-025,ACC-001,"All child obligations are present; `#pub-03-h2-05-05-token-scope-ttl-revocation` resolves; TST-033, TST-011, TST-049 have matching fixtures/oracles; GATE-03 returns no blocking reject code.","`TST-033, TST-011, TST-049` / `GATE-03`","Rejected: a heading, row count, file hash, generic checklist, target policy or maker self-check alone satisfies the requirement.","`TST-033, TST-011, TST-049` / `GATE-03`","`TST-033, TST-011, TST-049` / `GATE-03`",EvidenceEnvelope + checker receipt + rollback receipt,NOT_RUN
SQS-REQ-026,ACC-014,"All child obligations are present; `#pub-01-h2-04-04-intent-preservation-card` resolves; TST-006, TST-012, TST-045 have matching fixtures/oracles; GATE-01 returns no blocking reject code.","`TST-006, TST-012, TST-045` / `GATE-01`","Rejected: a heading, row count, file hash, generic checklist, target policy or maker self-check alone satisfies the requirement.","`TST-006, TST-012, TST-045` / `GATE-01`","`TST-006, TST-012, TST-045` / `GATE-01`",EvidenceEnvelope + checker receipt + rollback receipt,NOT_RUN
SQS-REQ-027,ACC-095,"All child obligations are present; `#pub-20-h2-00-00-risk-governance` resolves; TST-041, TST-015, TST-050 have matching fixtures/oracles; GATE-19 returns no blocking reject code.","`TST-041, TST-015, TST-050` / `GATE-19`","Rejected: a heading, row count, file hash, generic checklist, target policy or maker self-check alone satisfies the requirement.","`TST-041, TST-015, TST-050` / `GATE-19`","`TST-041, TST-015, TST-050` / `GATE-19`",EvidenceEnvelope + checker receipt + rollback receipt,NOT_RUN
SQS-REQ-028,ACC-017,"All child obligations are present; `#pub-14-h2-12-12-independent-review-not-executed` resolves; TST-028, TST-048 have matching fixtures/oracles; GATE-14 returns no blocking reject code.","`TST-028, TST-048` / `GATE-14`","Rejected: a heading, row count, file hash, generic checklist, target policy or maker self-check alone satisfies the requirement.","`TST-028, TST-048` / `GATE-14`","`TST-028, TST-048` / `GATE-14`",EvidenceEnvelope + checker receipt + rollback receipt,NOT_RUN
SQS-REQ-029,ACC-015,"All child obligations are present; `#pub-14-h2-02-02-source-market-data-provenance` resolves; TST-008, TST-032, TST-042 have matching fixtures/oracles; GATE-14 returns no blocking reject code.","`TST-008, TST-032, TST-042` / `GATE-14`","Rejected: a heading, row count, file hash, generic checklist, target policy or maker self-check alone satisfies the requirement.","`TST-008, TST-032, TST-042` / `GATE-14`","`TST-008, TST-032, TST-042` / `GATE-14`",EvidenceEnvelope + checker receipt + rollback receipt,NOT_RUN
SQS-REQ-030,ACC-095,"All child obligations are present; `#pub-00-h2-05-05-version-alias-supersession-law` resolves; TST-005, TST-011, TST-041 have matching fixtures/oracles; GATE-00 returns no blocking reject code.","`TST-005, TST-011, TST-041` / `GATE-00`","Rejected: a heading, row count, file hash, generic checklist, target policy or maker self-check alone satisfies the requirement.","`TST-005, TST-011, TST-041` / `GATE-00`","`TST-005, TST-011, TST-041` / `GATE-00`",EvidenceEnvelope + checker receipt + rollback receipt,NOT_RUN
SQS-REQ-031,ACC-001,"All child obligations are present; `#pub-03-h2-00-00-role-family-readback` resolves; TST-037, TST-043 have matching fixtures/oracles; GATE-03 returns no blocking reject code.","`TST-037, TST-043` / `GATE-03`","Rejected: a heading, row count, file hash, generic checklist, target policy or maker self-check alone satisfies the requirement.","`TST-037, TST-043` / `GATE-03`","`TST-037, TST-043` / `GATE-03`",EvidenceEnvelope + checker receipt + rollback receipt,NOT_RUN
SQS-REQ-032,ACC-014,All child obligations are present; `#pub-14-h2-00-00-provisional-legal-position` resolves; TST-050 have matching fixtures/oracles; GATE-14 returns no blocking reject code.,`TST-050` / `GATE-14`,"Rejected: a heading, row count, file hash, generic checklist, target policy or maker self-check alone satisfies the requirement.",`TST-050` / `GATE-14`,`TST-050` / `GATE-14`,EvidenceEnvelope + checker receipt + rollback receipt,NOT_RUN
SQS-REQ-033,ACC-030,"All child obligations are present; `#pub-09-h2-04-04-codex-primary-contract` resolves; TST-027, TST-011, TST-017 have matching fixtures/oracles; GATE-09 returns no blocking reject code.","`TST-027, TST-011, TST-017` / `GATE-09`","Rejected: a heading, row count, file hash, generic checklist, target policy or maker self-check alone satisfies the requirement.","`TST-027, TST-011, TST-017` / `GATE-09`","`TST-027, TST-011, TST-017` / `GATE-09`",EvidenceEnvelope + checker receipt + rollback receipt,NOT_RUN
SQS-REQ-034,ACC-057,"All child obligations are present; `#pub-12-h2-08-08-pilot-evidence-approval` resolves; TST-012, TST-037, TST-042 have matching fixtures/oracles; GATE-12 returns no blocking reject code.","`TST-012, TST-037, TST-042` / `GATE-12`","Rejected: a heading, row count, file hash, generic checklist, target policy or maker self-check alone satisfies the requirement.","`TST-012, TST-037, TST-042` / `GATE-12`","`TST-012, TST-037, TST-042` / `GATE-12`",EvidenceEnvelope + checker receipt + rollback receipt,NOT_RUN
SQS-REQ-035,ACC-014,"All child obligations are present; `#pub-14-h2-02-02-source-market-data-provenance` resolves; TST-002, TST-031, TST-032 have matching fixtures/oracles; GATE-14 returns no blocking reject code.","`TST-002, TST-031, TST-032` / `GATE-14`","Rejected: a heading, row count, file hash, generic checklist, target policy or maker self-check alone satisfies the requirement.","`TST-002, TST-031, TST-032` / `GATE-14`","`TST-002, TST-031, TST-032` / `GATE-14`",EvidenceEnvelope + checker receipt + rollback receipt,NOT_RUN
SQS-REQ-036,ACC-017,"All child obligations are present; `#pub-14-h2-02-02-source-market-data-provenance` resolves; TST-037, TST-009, TST-031 have matching fixtures/oracles; GATE-14 returns no blocking reject code.","`TST-037, TST-009, TST-031` / `GATE-14`","Rejected: a heading, row count, file hash, generic checklist, target policy or maker self-check alone satisfies the requirement.","`TST-037, TST-009, TST-031` / `GATE-14`","`TST-037, TST-009, TST-031` / `GATE-14`",EvidenceEnvelope + checker receipt + rollback receipt,NOT_RUN
