REQ,direct_source_locator,source_alias,dimension,requirement,priority,semantic_owner,semantic_checker,upstream_owner_doc,supporting_upper_docs,accepted_interpretation,rejected_interpretation,target_execution_owner,ownership_transfer,transfer_class,target_doc,target_h1,WP,RBWI,CA,SPEC,ACC,fixture,oracle,threshold,evidence,Gate,rollback_reopen,status,blocking_TT
REQ-001,HG-KSEOS_實作前開發文檔包_必須涵蓋的設計規劃_設計原意_用戶需求_預期解決痛點_預期目標_功能表現_目的_定位_v2026.08.06-r1.md#COV-01/COV-01-PLAN,COV-01-PLAN,PLAN,建立 one-liner、產品憲章、in-scope/out-of-scope、target users、替代方案、差異化、why-now 與術語排除表，並用 regression probes 阻止後續工具或 runtime 重新定義產品。,P0,F01-01,F15-02,PRE-01,PRE-02/PRE-03,PRESERVE_UPSTREAM_ITEM_WORDING_AND_ORACLE,NEG-REQ-001: alter the decisive meaning `建立 one-liner、產品憲章、in-scope/out-of-scope、target users、替代方案、差異化、why-now…` while retaining valid shape; expect ERR-REQ-001-PLAN-SEMANTIC and zero canonical mutation,F01-01,NONE_OWNER_PRESERVED,VALID_OWNER_PRESERVATION,DOC-01,DOC-01-H08,WP-00,RBWI-00,"CA-01,CA-02,CA-05,CA-27,CA-30",SPEC-004,ACC-004,fixtures/requirements/req-001-one-liner-in-scope-out-of-scope-targ.yaml,"ORACLE-REQ-001-PLAN: required object set equals source-enumerated set; no extra product root; verify fixture-specific expected fields and reject semantic mutation, not merely missing metadata",coverage_ratio=1.00; prohibited_root_count=0,"evidence/requirements/req-001/{input,measurement,negative,checker,rollback}.json",GATE-REQ-001-PLAN,"REOPEN on source change, failed negative fixture, metric drift or owner reassignment",FINAL_R2_AUTHOR_SIDE_OWNER_LINEAGE_REBUILT / INDEPENDENT_SEMANTIC_REAUDIT_REQUIRED,TT-INDEPENDENT-NRTV-001
REQ-002,HG-KSEOS_實作前開發文檔包_必須涵蓋的設計規劃_設計原意_用戶需求_預期解決痛點_預期目標_功能表現_目的_定位_v2026.08.06-r1.md#COV-01/COV-01-INTENT,COV-01-INTENT,INTENT,一個平台、單一 Shared Spine、多工廠、Human Authority、Knowledge-to-Software、可證據化演進。,P0,F01-01,F15-02,PRE-01,PRE-02/PRE-03,PRESERVE_UPSTREAM_ITEM_WORDING_AND_ORACLE,NEG-REQ-002: alter the decisive meaning `一個平台、單一 Shared Spine、多工廠、Human Authority、Knowledge-to-Software、可證據化演進。` while retaining valid shape; expect ERR-REQ-002-INTENT-SEMANTIC and zero canonical mutation,F01-01,NONE_OWNER_PRESERVED,VALID_OWNER_PRESERVATION,DOC-01,DOC-01-H03,WP-00,RBWI-00,"CA-01,CA-02,CA-05,CA-27,CA-30",SPEC-003,ACC-003,fixtures/requirements/req-002-shared-spine-human-authority-knowled.yaml,"ORACLE-REQ-002-INTENT: semantic entailment holds for accepted interpretation and fails for mutation; verify fixture-specific expected fields and reject semantic mutation, not merely missing metadata",accepted_assertions=1/1; rejected_mutation=1/1; authority_violation=0,"evidence/requirements/req-002/{input,measurement,negative,checker,rollback}.json",GATE-REQ-002-INTENT,"REOPEN on source change, failed negative fixture, metric drift or owner reassignment",FINAL_R2_AUTHOR_SIDE_OWNER_LINEAGE_REBUILT / INDEPENDENT_SEMANTIC_REAUDIT_REQUIRED,TT-INDEPENDENT-NRTV-001
REQ-003,HG-KSEOS_實作前開發文檔包_必須涵蓋的設計規劃_設計原意_用戶需求_預期解決痛點_預期目標_功能表現_目的_定位_v2026.08.06-r1.md#COV-01/COV-01-NEED,COV-01-NEED,NEED,其他 AI、產品負責人與工程師在不回查 60 份來源的情況下，能立即理解產品做什麼、不做什麼、由誰裁決。,P0,F01-01,F15-02,PRE-01,PRE-02/PRE-03,PRESERVE_UPSTREAM_ITEM_WORDING_AND_ORACLE,NEG-REQ-003: alter the decisive meaning `其他 AI、產品負責人與工程師在不回查 60 份來源的情況下，能立即理解產品做什麼、不做什麼、由誰裁決。` while retaining valid shape; expect ERR-REQ-003-NEED-SEMANTIC and zero canonical mutation,F01-01,NONE_OWNER_PRESERVED,VALID_OWNER_PRESERVATION,DOC-01,DOC-01-H01,WP-00,RBWI-00,"CA-01,CA-02,CA-05,CA-27,CA-30",SPEC-003,ACC-003,fixtures/requirements/req-003-ai-60.yaml,"ORACLE-REQ-003-NEED: consumer returns deterministic ACK or field-specific NACK without consulting donor corpus; verify fixture-specific expected fields and reject semantic mutation, not merely missing metadata",required_field_recall=1.00; raw_volume_reads=0,"evidence/requirements/req-003/{input,measurement,negative,checker,rollback}.json",GATE-REQ-003-NEED,"REOPEN on source change, failed negative fixture, metric drift or owner reassignment",FINAL_R2_AUTHOR_SIDE_OWNER_LINEAGE_REBUILT / INDEPENDENT_SEMANTIC_REAUDIT_REQUIRED,TT-INDEPENDENT-NRTV-001
REQ-004,HG-KSEOS_實作前開發文檔包_必須涵蓋的設計規劃_設計原意_用戶需求_預期解決痛點_預期目標_功能表現_目的_定位_v2026.08.06-r1.md#COV-01/COV-01-PAIN,COV-01-PAIN,PAIN,來源龐大且名詞密集，容易被誤讀為 Hermes Agent OS、RAG/KG 系統、多智能體聊天群或文件生成器。,P0,F01-01,F15-02,PRE-01,PRE-02/PRE-03,PRESERVE_UPSTREAM_ITEM_WORDING_AND_ORACLE,NEG-REQ-004: alter the decisive meaning `來源龐大且名詞密集，容易被誤讀為 Hermes Agent OS、RAG/KG 系統、多智能體聊天群或文件生成器。` while retaining valid shape; expect ERR-REQ-004-PAIN-SEMANTIC and zero canonical mutation,F01-01,NONE_OWNER_PRESERVED,VALID_OWNER_PRESERVATION,DOC-01,DOC-01-H01,WP-00,RBWI-00,"CA-01,CA-02,CA-05,CA-27,CA-30",SPEC-003,ACC-003,fixtures/requirements/req-004-hermes-agent-os-rag-kg.yaml,"ORACLE-REQ-004-PAIN: typed detector identifies the named defect and blocks promotion without false acceptance; verify fixture-specific expected fields and reject semantic mutation, not merely missing metadata",named_failure_detected=1; canonical_mutations=0; false_accepts=0,"evidence/requirements/req-004/{input,measurement,negative,checker,rollback}.json",GATE-REQ-004-PAIN,"REOPEN on source change, failed negative fixture, metric drift or owner reassignment",FINAL_R2_AUTHOR_SIDE_OWNER_LINEAGE_REBUILT / INDEPENDENT_SEMANTIC_REAUDIT_REQUIRED,TT-INDEPENDENT-NRTV-001
REQ-005,HG-KSEOS_實作前開發文檔包_必須涵蓋的設計規劃_設計原意_用戶需求_預期解決痛點_預期目標_功能表現_目的_定位_v2026.08.06-r1.md#COV-01/COV-01-TARGET,COV-01-TARGET,TARGET,形成唯一、穩定、可引用且不受 Provider 變動影響的產品 identity baseline。,P0,F01-01,F15-02,PRE-01,PRE-02/PRE-03,PRESERVE_UPSTREAM_ITEM_WORDING_AND_ORACLE,NEG-REQ-005: alter the decisive meaning `形成唯一、穩定、可引用且不受 Provider 變動影響的產品 identity baseline。` while retaining valid shape; expect ERR-REQ-005-TARGET-SEMANTIC and zero canonical mutation,F01-01,NONE_OWNER_PRESERVED,VALID_OWNER_PRESERVATION,DOC-01,DOC-01-H01,WP-00,RBWI-00,"CA-01,CA-02,CA-05,CA-27,CA-30",SPEC-001,ACC-001,fixtures/requirements/req-005-provider-identity-baseline.yaml,"ORACLE-REQ-005-TARGET: target metric, measurement method and counter-metric are all reported and thresholded; verify fixture-specific expected fields and reject semantic mutation, not merely missing metadata",measurement_fields=100%; target_met=true or BLOCKED; counter_metric_regression=0,"evidence/requirements/req-005/{input,measurement,negative,checker,rollback}.json",GATE-REQ-005-TARGET,"REOPEN on source change, failed negative fixture, metric drift or owner reassignment",FINAL_R2_AUTHOR_SIDE_OWNER_LINEAGE_REBUILT / INDEPENDENT_SEMANTIC_REAUDIT_REQUIRED,TT-INDEPENDENT-NRTV-001
REQ-006,HG-KSEOS_實作前開發文檔包_必須涵蓋的設計規劃_設計原意_用戶需求_預期解決痛點_預期目標_功能表現_目的_定位_v2026.08.06-r1.md#COV-01/COV-01-FUNCTION,COV-01-FUNCTION,FUNCTION,對任何新需求先判斷是否屬知識編譯、工程定義、受限執行、證據發布或受控演進；不屬者 route-out 或拒絕擴使命。,P0,F01-01,F15-02,PRE-01,PRE-02/PRE-03,PRESERVE_UPSTREAM_ITEM_WORDING_AND_ORACLE,NEG-REQ-006: alter the decisive meaning `對任何新需求先判斷是否屬知識編譯、工程定義、受限執行、證據發布或受控演進；不屬者 route-out 或拒絕擴使命。` while retaining valid shape; expect ERR-REQ-006-FUNCTION-SEMANTIC and zero canonical mutation,F01-01,NONE_OWNER_PRESERVED,VALID_OWNER_PRESERVATION,DOC-01,DOC-01-H01,WP-00,RBWI-00,"CA-01,CA-02,CA-05,CA-27,CA-30",SPEC-001,ACC-001,fixtures/requirements/req-006-route-out.yaml,"ORACLE-REQ-006-FUNCTION: positive produces typed output; negative/edge produce specified error or bounded degraded result; verify fixture-specific expected fields and reject semantic mutation, not merely missing metadata",positive_pass=1; negative_reject=1; edge_bounded=1,"evidence/requirements/req-006/{input,measurement,negative,checker,rollback}.json",GATE-REQ-006-FUNCTION,"REOPEN on source change, failed negative fixture, metric drift or owner reassignment",FINAL_R2_AUTHOR_SIDE_OWNER_LINEAGE_REBUILT / INDEPENDENT_SEMANTIC_REAUDIT_REQUIRED,TT-INDEPENDENT-NRTV-001
REQ-007,HG-KSEOS_實作前開發文檔包_必須涵蓋的設計規劃_設計原意_用戶需求_預期解決痛點_預期目標_功能表現_目的_定位_v2026.08.06-r1.md#COV-01/COV-01-PURPOSE,COV-01-PURPOSE,PURPOSE,提供全包最高語義錨點，使後續架構、流程、工具、角色與 Gate 都能回到產品理由。,P0,F01-01,F15-02,PRE-01,PRE-02/PRE-03,PRESERVE_UPSTREAM_ITEM_WORDING_AND_ORACLE,NEG-REQ-007: alter the decisive meaning `提供全包最高語義錨點，使後續架構、流程、工具、角色與 Gate 都能回到產品理由。` while retaining valid shape; expect ERR-REQ-007-PURPOSE-SEMANTIC and zero canonical mutation,F01-01,NONE_OWNER_PRESERVED,VALID_OWNER_PRESERVATION,DOC-01,DOC-01-H01,WP-00,RBWI-00,"CA-01,CA-02,CA-05,CA-27,CA-30",SPEC-001,ACC-001,fixtures/requirements/req-007-gate.yaml,"ORACLE-REQ-007-PURPOSE: purpose chain is complete and no governance/tool detail replaces the core user outcome; verify fixture-specific expected fields and reject semantic mutation, not merely missing metadata",pain_to_mechanism_edges>=1; mechanism_to_evidence_edges>=1; purpose_orphans=0,"evidence/requirements/req-007/{input,measurement,negative,checker,rollback}.json",GATE-REQ-007-PURPOSE,"REOPEN on source change, failed negative fixture, metric drift or owner reassignment",FINAL_R2_AUTHOR_SIDE_OWNER_LINEAGE_REBUILT / INDEPENDENT_SEMANTIC_REAUDIT_REQUIRED,TT-INDEPENDENT-NRTV-001
REQ-008,HG-KSEOS_實作前開發文檔包_必須涵蓋的設計規劃_設計原意_用戶需求_預期解決痛點_預期目標_功能表現_目的_定位_v2026.08.06-r1.md#COV-01/COV-01-POSITION,COV-01-POSITION,POSITION,HG-KSEOS 是產品級工程 OS；Hermes、DocETL、Codex、OpenSpec、GStack、Skills 與 RAG/KG 是可替換能力層。,P0,F01-01,F15-02,PRE-01,PRE-02/PRE-03,PRESERVE_UPSTREAM_ITEM_WORDING_AND_ORACLE,NEG-REQ-008: alter the decisive meaning `HG-KSEOS 是產品級工程 OS；Hermes、DocETL、Codex、OpenSpec、GStack、Skills 與 RAG/K…` while retaining valid shape; expect ERR-REQ-008-POSITION-SEMANTIC and zero canonical mutation,F01-01,NONE_OWNER_PRESERVED,VALID_OWNER_PRESERVATION,DOC-01,DOC-01-H01,WP-00,RBWI-00,"CA-01,CA-02,CA-05,CA-27,CA-30",SPEC-001,ACC-001,fixtures/requirements/req-008-hg-kseos-os-hermes-docetl-codex-open.yaml,"ORACLE-REQ-008-POSITION: boundary checker rejects the substitution and preserves the canonical owner; verify fixture-specific expected fields and reject semantic mutation, not merely missing metadata",owner_substitution_rejected=1; foreign_writer_count=0; second_root_count=0,"evidence/requirements/req-008/{input,measurement,negative,checker,rollback}.json",GATE-REQ-008-POSITION,"REOPEN on source change, failed negative fixture, metric drift or owner reassignment",FINAL_R2_AUTHOR_SIDE_OWNER_LINEAGE_REBUILT / INDEPENDENT_SEMANTIC_REAUDIT_REQUIRED,TT-INDEPENDENT-NRTV-001
REQ-009,HG-KSEOS_實作前開發文檔包_必須涵蓋的設計規劃_設計原意_用戶需求_預期解決痛點_預期目標_功能表現_目的_定位_v2026.08.06-r1.md#COV-02/COV-02-PLAN,COV-02-PLAN,PLAN,建立 Original Intent Pack、Upgrade Intent Delta、Rejected Interpretations、Assumption Ledger、Intent Freeze、semantic hash 與 CR 流程；要求 A01 先於 A02/A03/A04。,P0,F01-01,F15-02,PRE-01,PRE-04/PRE-28/PRE-31,PRESERVE_UPSTREAM_ITEM_WORDING_AND_ORACLE,NEG-REQ-009: alter the decisive meaning `建立 Original Intent Pack、Upgrade Intent Delta、Rejected Interpretations…` while retaining valid shape; expect ERR-REQ-009-PLAN-SEMANTIC and zero canonical mutation,F01-01,NONE_OWNER_PRESERVED,VALID_OWNER_PRESERVATION,DOC-01,DOC-01-H04,WP-00,RBWI-00,"CA-01,CA-02,CA-05,CA-27,CA-30",SPEC-002,ACC-002,fixtures/requirements/req-009-original-intent-pack-upgrade-intent-.yaml,"ORACLE-REQ-009-PLAN: required object set equals source-enumerated set; no extra product root; verify fixture-specific expected fields and reject semantic mutation, not merely missing metadata",coverage_ratio=1.00; prohibited_root_count=0,"evidence/requirements/req-009/{input,measurement,negative,checker,rollback}.json",GATE-REQ-009-PLAN,"REOPEN on source change, failed negative fixture, metric drift or owner reassignment",FINAL_R2_AUTHOR_SIDE_OWNER_LINEAGE_REBUILT / INDEPENDENT_SEMANTIC_REAUDIT_REQUIRED,TT-INDEPENDENT-NRTV-001
REQ-010,HG-KSEOS_實作前開發文檔包_必須涵蓋的設計規劃_設計原意_用戶需求_預期解決痛點_預期目標_功能表現_目的_定位_v2026.08.06-r1.md#COV-02/COV-02-INTENT,COV-02-INTENT,INTENT,先保存「為何建立」與「不可失去什麼」，再討論工具、架構與升級；升級只能擴展，不能靜默改寫 founding intent。,P0,F01-01,F15-02,PRE-01,PRE-04/PRE-28/PRE-31,PRESERVE_UPSTREAM_ITEM_WORDING_AND_ORACLE,NEG-REQ-010: alter the decisive meaning `先保存「為何建立」與「不可失去什麼」，再討論工具、架構與升級；升級只能擴展，不能靜默改寫 founding intent。` while retaining valid shape; expect ERR-REQ-010-INTENT-SEMANTIC and zero canonical mutation,F01-01,NONE_OWNER_PRESERVED,VALID_OWNER_PRESERVATION,DOC-01,DOC-01-H08,WP-00,RBWI-00,"CA-01,CA-02,CA-05,CA-27,CA-30",SPEC-002,ACC-002,fixtures/requirements/req-010-founding-intent.yaml,"ORACLE-REQ-010-INTENT: semantic entailment holds for accepted interpretation and fails for mutation; verify fixture-specific expected fields and reject semantic mutation, not merely missing metadata",accepted_assertions=1/1; rejected_mutation=1/1; authority_violation=0,"evidence/requirements/req-010/{input,measurement,negative,checker,rollback}.json",GATE-REQ-010-INTENT,"REOPEN on source change, failed negative fixture, metric drift or owner reassignment",FINAL_R2_AUTHOR_SIDE_OWNER_LINEAGE_REBUILT / INDEPENDENT_SEMANTIC_REAUDIT_REQUIRED,TT-INDEPENDENT-NRTV-001
REQ-011,HG-KSEOS_實作前開發文檔包_必須涵蓋的設計規劃_設計原意_用戶需求_預期解決痛點_預期目標_功能表現_目的_定位_v2026.08.06-r1.md#COV-02/COV-02-NEED,COV-02-NEED,NEED,使用者可追查每個新功能是原始需求、升級需求、推論、工具建議或待確認事項。,P0,F01-01,F15-02,PRE-01,PRE-04/PRE-28/PRE-31,PRESERVE_UPSTREAM_ITEM_WORDING_AND_ORACLE,NEG-REQ-011: alter the decisive meaning `使用者可追查每個新功能是原始需求、升級需求、推論、工具建議或待確認事項。` while retaining valid shape; expect ERR-REQ-011-NEED-SEMANTIC and zero canonical mutation,F01-01,NONE_OWNER_PRESERVED,VALID_OWNER_PRESERVATION,DOC-01,DOC-01-H01,WP-00,RBWI-00,"CA-01,CA-02,CA-05,CA-27,CA-30",SPEC-002,ACC-002,fixtures/requirements/req-011-artifact.yaml,"ORACLE-REQ-011-NEED: consumer returns deterministic ACK or field-specific NACK without consulting donor corpus; verify fixture-specific expected fields and reject semantic mutation, not merely missing metadata",required_field_recall=1.00; raw_volume_reads=0,"evidence/requirements/req-011/{input,measurement,negative,checker,rollback}.json",GATE-REQ-011-NEED,"REOPEN on source change, failed negative fixture, metric drift or owner reassignment",FINAL_R2_AUTHOR_SIDE_OWNER_LINEAGE_REBUILT / INDEPENDENT_SEMANTIC_REAUDIT_REQUIRED,TT-INDEPENDENT-NRTV-001
REQ-012,HG-KSEOS_實作前開發文檔包_必須涵蓋的設計規劃_設計原意_用戶需求_預期解決痛點_預期目標_功能表現_目的_定位_v2026.08.06-r1.md#COV-02/COV-02-PAIN,COV-02-PAIN,PAIN,口語需求被工程術語壓平；舊案例被誤升格為核心使命；新工具便利性反向覆蓋原意。,P0,F01-01,F15-02,PRE-01,PRE-04/PRE-28/PRE-31,PRESERVE_UPSTREAM_ITEM_WORDING_AND_ORACLE,NEG-REQ-012: alter the decisive meaning `口語需求被工程術語壓平；舊案例被誤升格為核心使命；新工具便利性反向覆蓋原意。` while retaining valid shape; expect ERR-REQ-012-PAIN-SEMANTIC and zero canonical mutation,F01-01,NONE_OWNER_PRESERVED,VALID_OWNER_PRESERVATION,DOC-01,DOC-01-H01,WP-00,RBWI-00,"CA-01,CA-02,CA-05,CA-27,CA-30",SPEC-001,ACC-001,fixtures/requirements/req-012-artifact.yaml,"ORACLE-REQ-012-PAIN: typed detector identifies the named defect and blocks promotion without false acceptance; verify fixture-specific expected fields and reject semantic mutation, not merely missing metadata",named_failure_detected=1; canonical_mutations=0; false_accepts=0,"evidence/requirements/req-012/{input,measurement,negative,checker,rollback}.json",GATE-REQ-012-PAIN,"REOPEN on source change, failed negative fixture, metric drift or owner reassignment",FINAL_R2_AUTHOR_SIDE_OWNER_LINEAGE_REBUILT / INDEPENDENT_SEMANTIC_REAUDIT_REQUIRED,TT-INDEPENDENT-NRTV-001
REQ-013,HG-KSEOS_實作前開發文檔包_必須涵蓋的設計規劃_設計原意_用戶需求_預期解決痛點_預期目標_功能表現_目的_定位_v2026.08.06-r1.md#COV-02/COV-02-TARGET,COV-02-TARGET,TARGET,任何 requirement、TaskSpec、ChangeSet 與 ReleaseDecision 都能雙向回指原始語句與 intent state。,P0,F01-01,F15-02,PRE-01,PRE-04/PRE-28/PRE-31,PRESERVE_UPSTREAM_ITEM_WORDING_AND_ORACLE,NEG-REQ-013: alter the decisive meaning `任何 requirement、TaskSpec、ChangeSet 與 ReleaseDecision 都能雙向回指原始語句與 inten…` while retaining valid shape; expect ERR-REQ-013-TARGET-SEMANTIC and zero canonical mutation,F01-01,NONE_OWNER_PRESERVED,VALID_OWNER_PRESERVATION,DOC-01,DOC-01-H08,WP-00,RBWI-00,"CA-01,CA-02,CA-05,CA-27,CA-30",SPEC-002,ACC-002,fixtures/requirements/req-013-requirement-taskspec-changeset-relea.yaml,"ORACLE-REQ-013-TARGET: target metric, measurement method and counter-metric are all reported and thresholded; verify fixture-specific expected fields and reject semantic mutation, not merely missing metadata",measurement_fields=100%; target_met=true or BLOCKED; counter_metric_regression=0,"evidence/requirements/req-013/{input,measurement,negative,checker,rollback}.json",GATE-REQ-013-TARGET,"REOPEN on source change, failed negative fixture, metric drift or owner reassignment",FINAL_R2_AUTHOR_SIDE_OWNER_LINEAGE_REBUILT / INDEPENDENT_SEMANTIC_REAUDIT_REQUIRED,TT-INDEPENDENT-NRTV-001
REQ-014,HG-KSEOS_實作前開發文檔包_必須涵蓋的設計規劃_設計原意_用戶需求_預期解決痛點_預期目標_功能表現_目的_定位_v2026.08.06-r1.md#COV-02/COV-02-FUNCTION,COV-02-FUNCTION,FUNCTION,提供 quote-preserving intake、ambiguity ledger、delta classification、freeze/supersede/reject states 與 negative interpretation tests。,P0,F01-01,F15-02,PRE-01,PRE-04/PRE-28/PRE-31,PRESERVE_UPSTREAM_ITEM_WORDING_AND_ORACLE,NEG-REQ-014: alter the decisive meaning `提供 quote-preserving intake、ambiguity ledger、delta classification、free…` while retaining valid shape; expect ERR-REQ-014-FUNCTION-SEMANTIC and zero canonical mutation,F01-01,NONE_OWNER_PRESERVED,VALID_OWNER_PRESERVATION,DOC-01,DOC-01-H01,WP-00,RBWI-00,"CA-01,CA-02,CA-05,CA-27,CA-30",SPEC-001,ACC-001,fixtures/requirements/req-014-quote-preserving-intake-ambiguity-le.yaml,"ORACLE-REQ-014-FUNCTION: positive produces typed output; negative/edge produce specified error or bounded degraded result; verify fixture-specific expected fields and reject semantic mutation, not merely missing metadata",positive_pass=1; negative_reject=1; edge_bounded=1,"evidence/requirements/req-014/{input,measurement,negative,checker,rollback}.json",GATE-REQ-014-FUNCTION,"REOPEN on source change, failed negative fixture, metric drift or owner reassignment",FINAL_R2_AUTHOR_SIDE_OWNER_LINEAGE_REBUILT / INDEPENDENT_SEMANTIC_REAUDIT_REQUIRED,TT-INDEPENDENT-NRTV-001
REQ-015,HG-KSEOS_實作前開發文檔包_必須涵蓋的設計規劃_設計原意_用戶需求_預期解決痛點_預期目標_功能表現_目的_定位_v2026.08.06-r1.md#COV-02/COV-02-PURPOSE,COV-02-PURPOSE,PURPOSE,防止 Spec Translation Drift，建立從 Raw Voice 到可施工規格的合法轉換鏈。,P0,F01-01,F15-02,PRE-01,PRE-04/PRE-28/PRE-31,PRESERVE_UPSTREAM_ITEM_WORDING_AND_ORACLE,NEG-REQ-015: alter the decisive meaning `防止 Spec Translation Drift，建立從 Raw Voice 到可施工規格的合法轉換鏈。` while retaining valid shape; expect ERR-REQ-015-PURPOSE-SEMANTIC and zero canonical mutation,F01-01,NONE_OWNER_PRESERVED,VALID_OWNER_PRESERVATION,DOC-01,DOC-01-H01,WP-00,RBWI-00,"CA-01,CA-02,CA-05,CA-27,CA-30",SPEC-001,ACC-001,fixtures/requirements/req-015-spec-translation-drift-raw-voice.yaml,"ORACLE-REQ-015-PURPOSE: purpose chain is complete and no governance/tool detail replaces the core user outcome; verify fixture-specific expected fields and reject semantic mutation, not merely missing metadata",pain_to_mechanism_edges>=1; mechanism_to_evidence_edges>=1; purpose_orphans=0,"evidence/requirements/req-015/{input,measurement,negative,checker,rollback}.json",GATE-REQ-015-PURPOSE,"REOPEN on source change, failed negative fixture, metric drift or owner reassignment",FINAL_R2_AUTHOR_SIDE_OWNER_LINEAGE_REBUILT / INDEPENDENT_SEMANTIC_REAUDIT_REQUIRED,TT-INDEPENDENT-NRTV-001
REQ-016,HG-KSEOS_實作前開發文檔包_必須涵蓋的設計規劃_設計原意_用戶需求_預期解決痛點_預期目標_功能表現_目的_定位_v2026.08.06-r1.md#COV-02/COV-02-POSITION,COV-02-POSITION,POSITION,Intent 是最高層產品工件，不是 prompt 片段，也不是可由 Agent 自動修正的記憶。,P0,F01-01,F15-02,PRE-01,PRE-04/PRE-28/PRE-31,PRESERVE_UPSTREAM_ITEM_WORDING_AND_ORACLE,NEG-REQ-016: alter the decisive meaning `Intent 是最高層產品工件，不是 prompt 片段，也不是可由 Agent 自動修正的記憶。` while retaining valid shape; expect ERR-REQ-016-POSITION-SEMANTIC and zero canonical mutation,F01-01,NONE_OWNER_PRESERVED,VALID_OWNER_PRESERVATION,DOC-01,DOC-01-H08,WP-00,RBWI-00,"CA-01,CA-02,CA-05,CA-27,CA-30",SPEC-002,ACC-002,fixtures/requirements/req-016-intent-prompt-agent.yaml,"ORACLE-REQ-016-POSITION: boundary checker rejects the substitution and preserves the canonical owner; verify fixture-specific expected fields and reject semantic mutation, not merely missing metadata",owner_substitution_rejected=1; foreign_writer_count=0; second_root_count=0,"evidence/requirements/req-016/{input,measurement,negative,checker,rollback}.json",GATE-REQ-016-POSITION,"REOPEN on source change, failed negative fixture, metric drift or owner reassignment",FINAL_R2_AUTHOR_SIDE_OWNER_LINEAGE_REBUILT / INDEPENDENT_SEMANTIC_REAUDIT_REQUIRED,TT-INDEPENDENT-NRTV-001
REQ-017,HG-KSEOS_實作前開發文檔包_必須涵蓋的設計規劃_設計原意_用戶需求_預期解決痛點_預期目標_功能表現_目的_定位_v2026.08.06-r1.md#COV-03/COV-03-PLAN,COV-03-PLAN,PLAN,建立 User Segment Card、JUNRESOLVED、authority/needs matrix、RACI、consumer read order 與同一人多帽但同一變更 producer/final verifier 分離規則。,P0,F01-01,F15-02,PRE-01,PRE-02/PRE-16/PRE-30,PRESERVE_UPSTREAM_ITEM_WORDING_AND_ORACLE,NEG-REQ-017: alter the decisive meaning `建立 User Segment Card、JUNRESOLVED、authority/needs matrix、RACI、consumer read o…` while retaining valid shape; expect ERR-REQ-017-PLAN-SEMANTIC and zero canonical mutation,F01-01,NONE_OWNER_PRESERVED,VALID_OWNER_PRESERVATION,DOC-01,DOC-01-H02,WP-00,RBWI-00,"CA-01,CA-02,CA-05,CA-27,CA-30",SPEC-004,ACC-004,fixtures/requirements/req-017-user-segment-card-jUNRESOLVED-authority-nee.yaml,"ORACLE-REQ-017-PLAN: required object set equals source-enumerated set; no extra product root; verify fixture-specific expected fields and reject semantic mutation, not merely missing metadata",coverage_ratio=1.00; prohibited_root_count=0,"evidence/requirements/req-017/{input,measurement,negative,checker,rollback}.json",GATE-REQ-017-PLAN,"REOPEN on source change, failed negative fixture, metric drift or owner reassignment",FINAL_R2_AUTHOR_SIDE_OWNER_LINEAGE_REBUILT / INDEPENDENT_SEMANTIC_REAUDIT_REQUIRED,TT-INDEPENDENT-NRTV-001
REQ-018,HG-KSEOS_實作前開發文檔包_必須涵蓋的設計規劃_設計原意_用戶需求_預期解決痛點_預期目標_功能表現_目的_定位_v2026.08.06-r1.md#COV-03/COV-03-INTENT,COV-03-INTENT,INTENT,產品不是服務「抽象 Agent」；它服務需要把大量知識與需求可靠轉成工程成果的人類與受治理執行者。,P0,F01-01,F15-02,PRE-01,PRE-02/PRE-16/PRE-30,PRESERVE_UPSTREAM_ITEM_WORDING_AND_ORACLE,NEG-REQ-018: alter the decisive meaning `產品不是服務「抽象 Agent」；它服務需要把大量知識與需求可靠轉成工程成果的人類與受治理執行者。` while retaining valid shape; expect ERR-REQ-018-INTENT-SEMANTIC and zero canonical mutation,F01-01,NONE_OWNER_PRESERVED,VALID_OWNER_PRESERVATION,DOC-01,DOC-01-H01,WP-00,RBWI-00,"CA-01,CA-02,CA-05,CA-27,CA-30",SPEC-002,ACC-002,fixtures/requirements/req-018-agent.yaml,"ORACLE-REQ-018-INTENT: semantic entailment holds for accepted interpretation and fails for mutation; verify fixture-specific expected fields and reject semantic mutation, not merely missing metadata",accepted_assertions=1/1; rejected_mutation=1/1; authority_violation=0,"evidence/requirements/req-018/{input,measurement,negative,checker,rollback}.json",GATE-REQ-018-INTENT,"REOPEN on source change, failed negative fixture, metric drift or owner reassignment",FINAL_R2_AUTHOR_SIDE_OWNER_LINEAGE_REBUILT / INDEPENDENT_SEMANTIC_REAUDIT_REQUIRED,TT-INDEPENDENT-NRTV-001
REQ-019,HG-KSEOS_實作前開發文檔包_必須涵蓋的設計規劃_設計原意_用戶需求_預期解決痛點_預期目標_功能表現_目的_定位_v2026.08.06-r1.md#COV-03/COV-03-NEED,COV-03-NEED,NEED,每類使用者獲得符合其工作階段的可讀入口、決策資訊、工件與操作邊界。,P0,F01-01,F15-02,PRE-01,PRE-02/PRE-16/PRE-30,PRESERVE_UPSTREAM_ITEM_WORDING_AND_ORACLE,NEG-REQ-019: alter the decisive meaning `每類使用者獲得符合其工作階段的可讀入口、決策資訊、工件與操作邊界。` while retaining valid shape; expect ERR-REQ-019-NEED-SEMANTIC and zero canonical mutation,F01-01,NONE_OWNER_PRESERVED,VALID_OWNER_PRESERVATION,DOC-01,DOC-01-H01,WP-00,RBWI-00,"CA-01,CA-02,CA-05,CA-27,CA-30",SPEC-001,ACC-001,fixtures/requirements/req-019-artifact.yaml,"ORACLE-REQ-019-NEED: consumer returns deterministic ACK or field-specific NACK without consulting donor corpus; verify fixture-specific expected fields and reject semantic mutation, not merely missing metadata",required_field_recall=1.00; raw_volume_reads=0,"evidence/requirements/req-019/{input,measurement,negative,checker,rollback}.json",GATE-REQ-019-NEED,"REOPEN on source change, failed negative fixture, metric drift or owner reassignment",FINAL_R2_AUTHOR_SIDE_OWNER_LINEAGE_REBUILT / INDEPENDENT_SEMANTIC_REAUDIT_REQUIRED,TT-INDEPENDENT-NRTV-001
REQ-020,HG-KSEOS_實作前開發文檔包_必須涵蓋的設計規劃_設計原意_用戶需求_預期解決痛點_預期目標_功能表現_目的_定位_v2026.08.06-r1.md#COV-03/COV-03-PAIN,COV-03-PAIN,PAIN,文件只按技術主題組織，沒有回答誰使用；角色名稱多但權責重疊；其他 AI 不知從何讀起。,P0,F01-01,F15-02,PRE-01,PRE-02/PRE-16/PRE-30,PRESERVE_UPSTREAM_ITEM_WORDING_AND_ORACLE,NEG-REQ-020: alter the decisive meaning `文件只按技術主題組織，沒有回答誰使用；角色名稱多但權責重疊；其他 AI 不知從何讀起。` while retaining valid shape; expect ERR-REQ-020-PAIN-SEMANTIC and zero canonical mutation,F01-01,NONE_OWNER_PRESERVED,VALID_OWNER_PRESERVATION,DOC-01,DOC-01-H01,WP-00,RBWI-00,"CA-01,CA-02,CA-05,CA-27,CA-30",SPEC-002,ACC-002,fixtures/requirements/req-020-ai.yaml,"ORACLE-REQ-020-PAIN: typed detector identifies the named defect and blocks promotion without false acceptance; verify fixture-specific expected fields and reject semantic mutation, not merely missing metadata",named_failure_detected=1; canonical_mutations=0; false_accepts=0,"evidence/requirements/req-020/{input,measurement,negative,checker,rollback}.json",GATE-REQ-020-PAIN,"REOPEN on source change, failed negative fixture, metric drift or owner reassignment",FINAL_R2_AUTHOR_SIDE_OWNER_LINEAGE_REBUILT / INDEPENDENT_SEMANTIC_REAUDIT_REQUIRED,TT-INDEPENDENT-NRTV-001
REQ-021,HG-KSEOS_實作前開發文檔包_必須涵蓋的設計規劃_設計原意_用戶需求_預期解決痛點_預期目標_功能表現_目的_定位_v2026.08.06-r1.md#COV-03/COV-03-TARGET,COV-03-TARGET,TARGET,讓不同 consumer 以最少上下文取得足夠工件，且不越權、不重複解讀產品原意。,P0,F01-01,F15-02,PRE-01,PRE-02/PRE-16/PRE-30,PRESERVE_UPSTREAM_ITEM_WORDING_AND_ORACLE,NEG-REQ-021: alter the decisive meaning `讓不同 consumer 以最少上下文取得足夠工件，且不越權、不重複解讀產品原意。` while retaining valid shape; expect ERR-REQ-021-TARGET-SEMANTIC and zero canonical mutation,F01-01,NONE_OWNER_PRESERVED,VALID_OWNER_PRESERVATION,DOC-01,DOC-01-H01,WP-00,RBWI-00,"CA-01,CA-02,CA-05,CA-27,CA-30",SPEC-001,ACC-001,fixtures/requirements/req-021-consumer.yaml,"ORACLE-REQ-021-TARGET: target metric, measurement method and counter-metric are all reported and thresholded; verify fixture-specific expected fields and reject semantic mutation, not merely missing metadata",measurement_fields=100%; target_met=true or BLOCKED; counter_metric_regression=0,"evidence/requirements/req-021/{input,measurement,negative,checker,rollback}.json",GATE-REQ-021-TARGET,"REOPEN on source change, failed negative fixture, metric drift or owner reassignment",FINAL_R2_AUTHOR_SIDE_OWNER_LINEAGE_REBUILT / INDEPENDENT_SEMANTIC_REAUDIT_REQUIRED,TT-INDEPENDENT-NRTV-001
REQ-022,HG-KSEOS_實作前開發文檔包_必須涵蓋的設計規劃_設計原意_用戶需求_預期解決痛點_預期目標_功能表現_目的_定位_v2026.08.06-r1.md#COV-03/COV-03-FUNCTION,COV-03-FUNCTION,FUNCTION,提供 role-based reader routes、owner/checker/approver/publisher 欄位、handoff packet 與拒絕碼。,P0,F01-01,F15-02,PRE-01,PRE-02/PRE-16/PRE-30,PRESERVE_UPSTREAM_ITEM_WORDING_AND_ORACLE,NEG-REQ-022: alter the decisive meaning `提供 role-based reader routes、owner/checker/approver/publisher 欄位、hando…` while retaining valid shape; expect ERR-REQ-022-FUNCTION-SEMANTIC and zero canonical mutation,F01-01,NONE_OWNER_PRESERVED,VALID_OWNER_PRESERVATION,DOC-01,DOC-01-H01,WP-00,RBWI-00,"CA-01,CA-02,CA-05,CA-27,CA-30",SPEC-003,ACC-003,fixtures/requirements/req-022-role-based-reader-routes-owner-check.yaml,"ORACLE-REQ-022-FUNCTION: positive produces typed output; negative/edge produce specified error or bounded degraded result; verify fixture-specific expected fields and reject semantic mutation, not merely missing metadata",positive_pass=1; negative_reject=1; edge_bounded=1,"evidence/requirements/req-022/{input,measurement,negative,checker,rollback}.json",GATE-REQ-022-FUNCTION,"REOPEN on source change, failed negative fixture, metric drift or owner reassignment",FINAL_R2_AUTHOR_SIDE_OWNER_LINEAGE_REBUILT / INDEPENDENT_SEMANTIC_REAUDIT_REQUIRED,TT-INDEPENDENT-NRTV-001
REQ-023,HG-KSEOS_實作前開發文檔包_必須涵蓋的設計規劃_設計原意_用戶需求_預期解決痛點_預期目標_功能表現_目的_定位_v2026.08.06-r1.md#COV-03/COV-03-PURPOSE,COV-03-PURPOSE,PURPOSE,把「可讀文檔包」轉成可被人類與 AI 真正使用的操作介面。,P0,F01-01,F15-02,PRE-01,PRE-02/PRE-16/PRE-30,PRESERVE_UPSTREAM_ITEM_WORDING_AND_ORACLE,NEG-REQ-023: alter the decisive meaning `把「可讀文檔包」轉成可被人類與 AI 真正使用的操作介面。` while retaining valid shape; expect ERR-REQ-023-PURPOSE-SEMANTIC and zero canonical mutation,F01-01,NONE_OWNER_PRESERVED,VALID_OWNER_PRESERVATION,DOC-01,DOC-01-H01,WP-00,RBWI-00,"CA-01,CA-02,CA-05,CA-27,CA-30",SPEC-001,ACC-001,fixtures/requirements/req-023-ai.yaml,"ORACLE-REQ-023-PURPOSE: purpose chain is complete and no governance/tool detail replaces the core user outcome; verify fixture-specific expected fields and reject semantic mutation, not merely missing metadata",pain_to_mechanism_edges>=1; mechanism_to_evidence_edges>=1; purpose_orphans=0,"evidence/requirements/req-023/{input,measurement,negative,checker,rollback}.json",GATE-REQ-023-PURPOSE,"REOPEN on source change, failed negative fixture, metric drift or owner reassignment",FINAL_R2_AUTHOR_SIDE_OWNER_LINEAGE_REBUILT / INDEPENDENT_SEMANTIC_REAUDIT_REQUIRED,TT-INDEPENDENT-NRTV-001
REQ-024,HG-KSEOS_實作前開發文檔包_必須涵蓋的設計規劃_設計原意_用戶需求_預期解決痛點_預期目標_功能表現_目的_定位_v2026.08.06-r1.md#COV-03/COV-03-POSITION,COV-03-POSITION,POSITION,HG-KSEOS 是多人/多 Agent 的協作控制面；角色是法位與責任，不是 persona 裝飾。,P0,F01-01,F15-02,PRE-01,PRE-02/PRE-16/PRE-30,PRESERVE_UPSTREAM_ITEM_WORDING_AND_ORACLE,NEG-REQ-024: alter the decisive meaning `HG-KSEOS 是多人/多 Agent 的協作控制面；角色是法位與責任，不是 persona 裝飾。` while retaining valid shape; expect ERR-REQ-024-POSITION-SEMANTIC and zero canonical mutation,F01-01,NONE_OWNER_PRESERVED,VALID_OWNER_PRESERVATION,DOC-01,DOC-01-H01,WP-00,RBWI-00,"CA-01,CA-02,CA-05,CA-27,CA-30",SPEC-003,ACC-003,fixtures/requirements/req-024-hg-kseos-agent-persona.yaml,"ORACLE-REQ-024-POSITION: boundary checker rejects the substitution and preserves the canonical owner; verify fixture-specific expected fields and reject semantic mutation, not merely missing metadata",owner_substitution_rejected=1; foreign_writer_count=0; second_root_count=0,"evidence/requirements/req-024/{input,measurement,negative,checker,rollback}.json",GATE-REQ-024-POSITION,"REOPEN on source change, failed negative fixture, metric drift or owner reassignment",FINAL_R2_AUTHOR_SIDE_OWNER_LINEAGE_REBUILT / INDEPENDENT_SEMANTIC_REAUDIT_REQUIRED,TT-INDEPENDENT-NRTV-001
REQ-025,HG-KSEOS_實作前開發文檔包_必須涵蓋的設計規劃_設計原意_用戶需求_預期解決痛點_預期目標_功能表現_目的_定位_v2026.08.06-r1.md#COV-04/COV-04-PLAN,COV-04-PLAN,PLAN,建立 Problem Statement、Pain→Root Cause→Impact→Requirement→Gate 矩陣，區分產品痛點、工程痛點、運維痛點與治理痛點。,P0,F01-01,F15-02,PRE-01,PRE-03/PRE-04/PRE-24/PRE-25/PRE-31,PRESERVE_UPSTREAM_ITEM_WORDING_AND_ORACLE,NEG-REQ-025: alter the decisive meaning `建立 Problem Statement、Pain→Root Cause→Impact→Requirement→Gate 矩陣，區分產品痛…` while retaining valid shape; expect ERR-REQ-025-PLAN-SEMANTIC and zero canonical mutation,F01-01,NONE_OWNER_PRESERVED,VALID_OWNER_PRESERVATION,DOC-01,DOC-01-H02,WP-00,RBWI-00,"CA-01,CA-02,CA-05,CA-27,CA-30",SPEC-002,ACC-002,fixtures/requirements/req-025-problem-statement-pain-root-cause-im.yaml,"ORACLE-REQ-025-PLAN: required object set equals source-enumerated set; no extra product root; verify fixture-specific expected fields and reject semantic mutation, not merely missing metadata",coverage_ratio=1.00; prohibited_root_count=0,"evidence/requirements/req-025/{input,measurement,negative,checker,rollback}.json",GATE-REQ-025-PLAN,"REOPEN on source change, failed negative fixture, metric drift or owner reassignment",FINAL_R2_AUTHOR_SIDE_OWNER_LINEAGE_REBUILT / INDEPENDENT_SEMANTIC_REAUDIT_REQUIRED,TT-INDEPENDENT-NRTV-001
REQ-026,HG-KSEOS_實作前開發文檔包_必須涵蓋的設計規劃_設計原意_用戶需求_預期解決痛點_預期目標_功能表現_目的_定位_v2026.08.06-r1.md#COV-04/COV-04-INTENT,COV-04-INTENT,INTENT,HG-KSEOS 的價值來自解決知識到軟體全鏈斷裂，而不是增加更多 Agent 或工具。,P0,F01-01,F15-02,PRE-01,PRE-03/PRE-04/PRE-24/PRE-25/PRE-31,PRESERVE_UPSTREAM_ITEM_WORDING_AND_ORACLE,NEG-REQ-026: alter the decisive meaning `HG-KSEOS 的價值來自解決知識到軟體全鏈斷裂，而不是增加更多 Agent 或工具。` while retaining valid shape; expect ERR-REQ-026-INTENT-SEMANTIC and zero canonical mutation,F01-01,NONE_OWNER_PRESERVED,VALID_OWNER_PRESERVATION,DOC-01,DOC-01-H01,WP-00,RBWI-00,"CA-01,CA-02,CA-05,CA-27,CA-30",SPEC-002,ACC-002,fixtures/requirements/req-026-hg-kseos-agent.yaml,"ORACLE-REQ-026-INTENT: semantic entailment holds for accepted interpretation and fails for mutation; verify fixture-specific expected fields and reject semantic mutation, not merely missing metadata",accepted_assertions=1/1; rejected_mutation=1/1; authority_violation=0,"evidence/requirements/req-026/{input,measurement,negative,checker,rollback}.json",GATE-REQ-026-INTENT,"REOPEN on source change, failed negative fixture, metric drift or owner reassignment",FINAL_R2_AUTHOR_SIDE_OWNER_LINEAGE_REBUILT / INDEPENDENT_SEMANTIC_REAUDIT_REQUIRED,TT-INDEPENDENT-NRTV-001
REQ-027,HG-KSEOS_實作前開發文檔包_必須涵蓋的設計規劃_設計原意_用戶需求_預期解決痛點_預期目標_功能表現_目的_定位_v2026.08.06-r1.md#COV-04/COV-04-NEED,COV-04-NEED,NEED,使用者能知道每個模組、工具與 Gate 解決哪個具體問題，以及不用它時的成本與降級方式。,P0,F01-01,F15-02,PRE-01,PRE-03/PRE-04/PRE-24/PRE-25/PRE-31,PRESERVE_UPSTREAM_ITEM_WORDING_AND_ORACLE,NEG-REQ-027: alter the decisive meaning `使用者能知道每個模組、工具與 Gate 解決哪個具體問題，以及不用它時的成本與降級方式。` while retaining valid shape; expect ERR-REQ-027-NEED-SEMANTIC and zero canonical mutation,F01-01,NONE_OWNER_PRESERVED,VALID_OWNER_PRESERVATION,DOC-01,DOC-01-H01,WP-00,RBWI-00,"CA-01,CA-02,CA-05,CA-27,CA-30",SPEC-001,ACC-001,fixtures/requirements/req-027-gate.yaml,"ORACLE-REQ-027-NEED: consumer returns deterministic ACK or field-specific NACK without consulting donor corpus; verify fixture-specific expected fields and reject semantic mutation, not merely missing metadata",required_field_recall=1.00; raw_volume_reads=0,"evidence/requirements/req-027/{input,measurement,negative,checker,rollback}.json",GATE-REQ-027-NEED,"REOPEN on source change, failed negative fixture, metric drift or owner reassignment",FINAL_R2_AUTHOR_SIDE_OWNER_LINEAGE_REBUILT / INDEPENDENT_SEMANTIC_REAUDIT_REQUIRED,TT-INDEPENDENT-NRTV-001
REQ-028,HG-KSEOS_實作前開發文檔包_必須涵蓋的設計規劃_設計原意_用戶需求_預期解決痛點_預期目標_功能表現_目的_定位_v2026.08.06-r1.md#COV-04/COV-04-PAIN,COV-04-PAIN,PAIN,方案容易變成 feature/tool catalog，無法證明需求貼合；治理先行可能壓掉核心 Job；局部最佳化造成整體複雜度。,P0,F01-01,F15-02,PRE-01,PRE-03/PRE-04/PRE-24/PRE-25/PRE-31,PRESERVE_UPSTREAM_ITEM_WORDING_AND_ORACLE,NEG-REQ-028: alter the decisive meaning `方案容易變成 feature/tool catalog，無法證明需求貼合；治理先行可能壓掉核心 Job；局部最佳化造成整體複雜度。` while retaining valid shape; expect ERR-REQ-028-PAIN-SEMANTIC and zero canonical mutation,F01-01,NONE_OWNER_PRESERVED,VALID_OWNER_PRESERVATION,DOC-01,DOC-01-H01,WP-00,RBWI-00,"CA-01,CA-02,CA-05,CA-27,CA-30",SPEC-002,ACC-002,fixtures/requirements/req-028-feature-tool-catalog-job.yaml,"ORACLE-REQ-028-PAIN: typed detector identifies the named defect and blocks promotion without false acceptance; verify fixture-specific expected fields and reject semantic mutation, not merely missing metadata",named_failure_detected=1; canonical_mutations=0; false_accepts=0,"evidence/requirements/req-028/{input,measurement,negative,checker,rollback}.json",GATE-REQ-028-PAIN,"REOPEN on source change, failed negative fixture, metric drift or owner reassignment",FINAL_R2_AUTHOR_SIDE_OWNER_LINEAGE_REBUILT / INDEPENDENT_SEMANTIC_REAUDIT_REQUIRED,TT-INDEPENDENT-NRTV-001
REQ-029,HG-KSEOS_實作前開發文檔包_必須涵蓋的設計規劃_設計原意_用戶需求_預期解決痛點_預期目標_功能表現_目的_定位_v2026.08.06-r1.md#COV-04/COV-04-TARGET,COV-04-TARGET,TARGET,每個重大設計選擇都有明確 problem owner、blast radius、baseline 與 stop condition。,P0,F01-01,F15-02,PRE-01,PRE-03/PRE-04/PRE-24/PRE-25/PRE-31,PRESERVE_UPSTREAM_ITEM_WORDING_AND_ORACLE,NEG-REQ-029: alter the decisive meaning `每個重大設計選擇都有明確 problem owner、blast radius、baseline 與 stop condition。` while retaining valid shape; expect ERR-REQ-029-TARGET-SEMANTIC and zero canonical mutation,F01-01,NONE_OWNER_PRESERVED,VALID_OWNER_PRESERVATION,DOC-01,DOC-01-H01,WP-00,RBWI-00,"CA-01,CA-02,CA-05,CA-27,CA-30",SPEC-001,ACC-001,fixtures/requirements/req-029-problem-owner-blast-radius-baseline-.yaml,"ORACLE-REQ-029-TARGET: target metric, measurement method and counter-metric are all reported and thresholded; verify fixture-specific expected fields and reject semantic mutation, not merely missing metadata",measurement_fields=100%; target_met=true or BLOCKED; counter_metric_regression=0,"evidence/requirements/req-029/{input,measurement,negative,checker,rollback}.json",GATE-REQ-029-TARGET,"REOPEN on source change, failed negative fixture, metric drift or owner reassignment",FINAL_R2_AUTHOR_SIDE_OWNER_LINEAGE_REBUILT / INDEPENDENT_SEMANTIC_REAUDIT_REQUIRED,TT-INDEPENDENT-NRTV-001
REQ-030,HG-KSEOS_實作前開發文檔包_必須涵蓋的設計規劃_設計原意_用戶需求_預期解決痛點_預期目標_功能表現_目的_定位_v2026.08.06-r1.md#COV-04/COV-04-FUNCTION,COV-04-FUNCTION,FUNCTION,提供 pain taxonomy、failure mode cards、risk/reward、counter-metric、degrade/rollback 與 incident learning。,P0,F01-01,F15-02,PRE-01,PRE-03/PRE-04/PRE-24/PRE-25/PRE-31,PRESERVE_UPSTREAM_ITEM_WORDING_AND_ORACLE,NEG-REQ-030: alter the decisive meaning `提供 pain taxonomy、failure mode cards、risk/reward、counter-metric、degrad…` while retaining valid shape; expect ERR-REQ-030-FUNCTION-SEMANTIC and zero canonical mutation,F01-01,NONE_OWNER_PRESERVED,VALID_OWNER_PRESERVATION,DOC-01,DOC-01-H01,WP-00,RBWI-00,"CA-01,CA-02,CA-05,CA-27,CA-30",SPEC-002,ACC-002,fixtures/requirements/req-030-pain-taxonomy-failure-mode-cards-ris.yaml,"ORACLE-REQ-030-FUNCTION: positive produces typed output; negative/edge produce specified error or bounded degraded result; verify fixture-specific expected fields and reject semantic mutation, not merely missing metadata",positive_pass=1; negative_reject=1; edge_bounded=1,"evidence/requirements/req-030/{input,measurement,negative,checker,rollback}.json",GATE-REQ-030-FUNCTION,"REOPEN on source change, failed negative fixture, metric drift or owner reassignment",FINAL_R2_AUTHOR_SIDE_OWNER_LINEAGE_REBUILT / INDEPENDENT_SEMANTIC_REAUDIT_REQUIRED,TT-INDEPENDENT-NRTV-001
REQ-031,HG-KSEOS_實作前開發文檔包_必須涵蓋的設計規劃_設計原意_用戶需求_預期解決痛點_預期目標_功能表現_目的_定位_v2026.08.06-r1.md#COV-04/COV-04-PURPOSE,COV-04-PURPOSE,PURPOSE,防止過度工程化與「為了治理而治理」，確保所有工程成本服務產品問題。,P0,F01-01,F15-02,PRE-01,PRE-03/PRE-04/PRE-24/PRE-25/PRE-31,PRESERVE_UPSTREAM_ITEM_WORDING_AND_ORACLE,NEG-REQ-031: alter the decisive meaning `防止過度工程化與「為了治理而治理」，確保所有工程成本服務產品問題。` while retaining valid shape; expect ERR-REQ-031-PURPOSE-SEMANTIC and zero canonical mutation,F01-01,NONE_OWNER_PRESERVED,VALID_OWNER_PRESERVATION,DOC-01,DOC-01-H01,WP-00,RBWI-00,"CA-01,CA-02,CA-05,CA-27,CA-30",SPEC-001,ACC-001,fixtures/requirements/req-031-artifact.yaml,"ORACLE-REQ-031-PURPOSE: purpose chain is complete and no governance/tool detail replaces the core user outcome; verify fixture-specific expected fields and reject semantic mutation, not merely missing metadata",pain_to_mechanism_edges>=1; mechanism_to_evidence_edges>=1; purpose_orphans=0,"evidence/requirements/req-031/{input,measurement,negative,checker,rollback}.json",GATE-REQ-031-PURPOSE,"REOPEN on source change, failed negative fixture, metric drift or owner reassignment",FINAL_R2_AUTHOR_SIDE_OWNER_LINEAGE_REBUILT / INDEPENDENT_SEMANTIC_REAUDIT_REQUIRED,TT-INDEPENDENT-NRTV-001
REQ-032,HG-KSEOS_實作前開發文檔包_必須涵蓋的設計規劃_設計原意_用戶需求_預期解決痛點_預期目標_功能表現_目的_定位_v2026.08.06-r1.md#COV-04/COV-04-POSITION,COV-04-POSITION,POSITION,痛點是產品需求的因果基線；工具只能作針對性解法候選。,P0,F01-01,F15-02,PRE-01,PRE-03/PRE-04/PRE-24/PRE-25/PRE-31,PRESERVE_UPSTREAM_ITEM_WORDING_AND_ORACLE,NEG-REQ-032: alter the decisive meaning `痛點是產品需求的因果基線；工具只能作針對性解法候選。` while retaining valid shape; expect ERR-REQ-032-POSITION-SEMANTIC and zero canonical mutation,F01-01,NONE_OWNER_PRESERVED,VALID_OWNER_PRESERVATION,DOC-01,DOC-01-H01,WP-00,RBWI-00,"CA-01,CA-02,CA-05,CA-27,CA-30",SPEC-001,ACC-001,fixtures/requirements/req-032-artifact.yaml,"ORACLE-REQ-032-POSITION: boundary checker rejects the substitution and preserves the canonical owner; verify fixture-specific expected fields and reject semantic mutation, not merely missing metadata",owner_substitution_rejected=1; foreign_writer_count=0; second_root_count=0,"evidence/requirements/req-032/{input,measurement,negative,checker,rollback}.json",GATE-REQ-032-POSITION,"REOPEN on source change, failed negative fixture, metric drift or owner reassignment",FINAL_R2_AUTHOR_SIDE_OWNER_LINEAGE_REBUILT / INDEPENDENT_SEMANTIC_REAUDIT_REQUIRED,TT-INDEPENDENT-NRTV-001
REQ-033,HG-KSEOS_實作前開發文檔包_必須涵蓋的設計規劃_設計原意_用戶需求_預期解決痛點_預期目標_功能表現_目的_定位_v2026.08.06-r1.md#COV-05/COV-05-PLAN,COV-05-PLAN,PLAN,建立 Value Hypothesis、baseline/target、measurement method、owner、counter-metric、sampling risk 與 stop condition。,P0,F01-01,F15-02,PRE-01,PRE-04/PRE-24/PRE-27/PRE-31,PRESERVE_UPSTREAM_ITEM_WORDING_AND_ORACLE,NEG-REQ-033: alter the decisive meaning `建立 Value Hypothesis、baseline/target、measurement method、owner、counter-…` while retaining valid shape; expect ERR-REQ-033-PLAN-SEMANTIC and zero canonical mutation,F01-01,NONE_OWNER_PRESERVED,VALID_OWNER_PRESERVATION,DOC-01,DOC-01-H01,WP-00,RBWI-00,"CA-01,CA-02,CA-05,CA-27,CA-30",SPEC-001,ACC-001,fixtures/requirements/req-033-value-hypothesis-baseline-target-mea.yaml,"ORACLE-REQ-033-PLAN: required object set equals source-enumerated set; no extra product root; verify fixture-specific expected fields and reject semantic mutation, not merely missing metadata",coverage_ratio=1.00; prohibited_root_count=0,"evidence/requirements/req-033/{input,measurement,negative,checker,rollback}.json",GATE-REQ-033-PLAN,"REOPEN on source change, failed negative fixture, metric drift or owner reassignment",FINAL_R2_AUTHOR_SIDE_OWNER_LINEAGE_REBUILT / INDEPENDENT_SEMANTIC_REAUDIT_REQUIRED,TT-INDEPENDENT-NRTV-001
REQ-034,HG-KSEOS_實作前開發文檔包_必須涵蓋的設計規劃_設計原意_用戶需求_預期解決痛點_預期目標_功能表現_目的_定位_v2026.08.06-r1.md#COV-05/COV-05-INTENT,COV-05-INTENT,INTENT,成功不是文件數或 Agent 數，而是原意到 release 的閉環品質、速度、可恢復性與錯誤成本下降。,P0,F01-01,F15-02,PRE-01,PRE-04/PRE-24/PRE-27/PRE-31,PRESERVE_UPSTREAM_ITEM_WORDING_AND_ORACLE,NEG-REQ-034: alter the decisive meaning `成功不是文件數或 Agent 數，而是原意到 release 的閉環品質、速度、可恢復性與錯誤成本下降。` while retaining valid shape; expect ERR-REQ-034-INTENT-SEMANTIC and zero canonical mutation,F01-01,NONE_OWNER_PRESERVED,VALID_OWNER_PRESERVATION,DOC-01,DOC-01-H01,WP-00,RBWI-00,"CA-01,CA-02,CA-05,CA-27,CA-30",SPEC-002,ACC-002,fixtures/requirements/req-034-agent-release.yaml,"ORACLE-REQ-034-INTENT: semantic entailment holds for accepted interpretation and fails for mutation; verify fixture-specific expected fields and reject semantic mutation, not merely missing metadata",accepted_assertions=1/1; rejected_mutation=1/1; authority_violation=0,"evidence/requirements/req-034/{input,measurement,negative,checker,rollback}.json",GATE-REQ-034-INTENT,"REOPEN on source change, failed negative fixture, metric drift or owner reassignment",FINAL_R2_AUTHOR_SIDE_OWNER_LINEAGE_REBUILT / INDEPENDENT_SEMANTIC_REAUDIT_REQUIRED,TT-INDEPENDENT-NRTV-001
REQ-035,HG-KSEOS_實作前開發文檔包_必須涵蓋的設計規劃_設計原意_用戶需求_預期解決痛點_預期目標_功能表現_目的_定位_v2026.08.06-r1.md#COV-05/COV-05-NEED,COV-05-NEED,NEED,使用者能判斷 HG-KSEOS 是否真正降低需求遺漏、手動整合、返工、誤發布與 Provider lock-in。,P0,F01-01,F15-02,PRE-01,PRE-04/PRE-24/PRE-27/PRE-31,PRESERVE_UPSTREAM_ITEM_WORDING_AND_ORACLE,NEG-REQ-035: alter the decisive meaning `使用者能判斷 HG-KSEOS 是否真正降低需求遺漏、手動整合、返工、誤發布與 Provider lock-in。` while retaining valid shape; expect ERR-REQ-035-NEED-SEMANTIC and zero canonical mutation,F01-01,NONE_OWNER_PRESERVED,VALID_OWNER_PRESERVATION,DOC-01,DOC-01-H01,WP-00,RBWI-00,"CA-01,CA-02,CA-05,CA-27,CA-30",SPEC-001,ACC-001,fixtures/requirements/req-035-hg-kseos-provider-lock-in.yaml,"ORACLE-REQ-035-NEED: consumer returns deterministic ACK or field-specific NACK without consulting donor corpus; verify fixture-specific expected fields and reject semantic mutation, not merely missing metadata",required_field_recall=1.00; raw_volume_reads=0,"evidence/requirements/req-035/{input,measurement,negative,checker,rollback}.json",GATE-REQ-035-NEED,"REOPEN on source change, failed negative fixture, metric drift or owner reassignment",FINAL_R2_AUTHOR_SIDE_OWNER_LINEAGE_REBUILT / INDEPENDENT_SEMANTIC_REAUDIT_REQUIRED,TT-INDEPENDENT-NRTV-001
REQ-036,HG-KSEOS_實作前開發文檔包_必須涵蓋的設計規劃_設計原意_用戶需求_預期解決痛點_預期目標_功能表現_目的_定位_v2026.08.06-r1.md#COV-05/COV-05-PAIN,COV-05-PAIN,PAIN,狀態與工件很多但沒有 outcome；局部指標容易被優化而犧牲真實品質；無 baseline 無法驗收。,P0,F01-01,F15-02,PRE-01,PRE-04/PRE-24/PRE-27/PRE-31,PRESERVE_UPSTREAM_ITEM_WORDING_AND_ORACLE,NEG-REQ-036: alter the decisive meaning `狀態與工件很多但沒有 outcome；局部指標容易被優化而犧牲真實品質；無 baseline 無法驗收。` while retaining valid shape; expect ERR-REQ-036-PAIN-SEMANTIC and zero canonical mutation,F01-01,NONE_OWNER_PRESERVED,VALID_OWNER_PRESERVATION,DOC-01,DOC-01-H01,WP-00,RBWI-00,"CA-01,CA-02,CA-05,CA-27,CA-30",SPEC-002,ACC-002,fixtures/requirements/req-036-outcome-baseline.yaml,"ORACLE-REQ-036-PAIN: typed detector identifies the named defect and blocks promotion without false acceptance; verify fixture-specific expected fields and reject semantic mutation, not merely missing metadata",named_failure_detected=1; canonical_mutations=0; false_accepts=0,"evidence/requirements/req-036/{input,measurement,negative,checker,rollback}.json",GATE-REQ-036-PAIN,"REOPEN on source change, failed negative fixture, metric drift or owner reassignment",FINAL_R2_AUTHOR_SIDE_OWNER_LINEAGE_REBUILT / INDEPENDENT_SEMANTIC_REAUDIT_REQUIRED,TT-INDEPENDENT-NRTV-001
REQ-037,HG-KSEOS_實作前開發文檔包_必須涵蓋的設計規劃_設計原意_用戶需求_預期解決痛點_預期目標_功能表現_目的_定位_v2026.08.06-r1.md#COV-05/COV-05-TARGET,COV-05-TARGET,TARGET,建立產品、流程、品質、安全、運維與採用六類 success metrics，並保持人工可解釋。,P0,F01-01,F15-02,PRE-01,PRE-04/PRE-24/PRE-27/PRE-31,PRESERVE_UPSTREAM_ITEM_WORDING_AND_ORACLE,NEG-REQ-037: alter the decisive meaning `建立產品、流程、品質、安全、運維與採用六類 success metrics，並保持人工可解釋。` while retaining valid shape; expect ERR-REQ-037-TARGET-SEMANTIC and zero canonical mutation,F01-01,NONE_OWNER_PRESERVED,VALID_OWNER_PRESERVATION,DOC-01,DOC-01-H01,WP-00,RBWI-00,"CA-01,CA-02,CA-05,CA-27,CA-30",SPEC-001,ACC-001,fixtures/requirements/req-037-success-metrics.yaml,"ORACLE-REQ-037-TARGET: target metric, measurement method and counter-metric are all reported and thresholded; verify fixture-specific expected fields and reject semantic mutation, not merely missing metadata",measurement_fields=100%; target_met=true or BLOCKED; counter_metric_regression=0,"evidence/requirements/req-037/{input,measurement,negative,checker,rollback}.json",GATE-REQ-037-TARGET,"REOPEN on source change, failed negative fixture, metric drift or owner reassignment",FINAL_R2_AUTHOR_SIDE_OWNER_LINEAGE_REBUILT / INDEPENDENT_SEMANTIC_REAUDIT_REQUIRED,TT-INDEPENDENT-NRTV-001
REQ-038,HG-KSEOS_實作前開發文檔包_必須涵蓋的設計規劃_設計原意_用戶需求_預期解決痛點_預期目標_功能表現_目的_定位_v2026.08.06-r1.md#COV-05/COV-05-FUNCTION,COV-05-FUNCTION,FUNCTION,輸出 trace coverage、time-to-frozen-packet、first-pass acceptance、rollback/recovery、NRTV、provider replacement cost 等指標。,P0,F01-01,F15-02,PRE-01,PRE-04/PRE-24/PRE-27/PRE-31,PRESERVE_UPSTREAM_ITEM_WORDING_AND_ORACLE,NEG-REQ-038: alter the decisive meaning `輸出 trace coverage、time-to-frozen-packet、first-pass acceptance、rollbac…` while retaining valid shape; expect ERR-REQ-038-FUNCTION-SEMANTIC and zero canonical mutation,F01-01,NONE_OWNER_PRESERVED,VALID_OWNER_PRESERVATION,DOC-01,DOC-01-H01,WP-00,RBWI-00,"CA-01,CA-02,CA-05,CA-27,CA-30",SPEC-001,ACC-001,fixtures/requirements/req-038-trace-coverage-time-to-frozen-packet.yaml,"ORACLE-REQ-038-FUNCTION: positive produces typed output; negative/edge produce specified error or bounded degraded result; verify fixture-specific expected fields and reject semantic mutation, not merely missing metadata",positive_pass=1; negative_reject=1; edge_bounded=1,"evidence/requirements/req-038/{input,measurement,negative,checker,rollback}.json",GATE-REQ-038-FUNCTION,"REOPEN on source change, failed negative fixture, metric drift or owner reassignment",FINAL_R2_AUTHOR_SIDE_OWNER_LINEAGE_REBUILT / INDEPENDENT_SEMANTIC_REAUDIT_REQUIRED,TT-INDEPENDENT-NRTV-001
REQ-039,HG-KSEOS_實作前開發文檔包_必須涵蓋的設計規劃_設計原意_用戶需求_預期解決痛點_預期目標_功能表現_目的_定位_v2026.08.06-r1.md#COV-05/COV-05-PURPOSE,COV-05-PURPOSE,PURPOSE,把產品願景轉成可決策 roadmap、pilot 與 release gate。,P0,F01-01,F15-02,PRE-01,PRE-04/PRE-24/PRE-27/PRE-31,PRESERVE_UPSTREAM_ITEM_WORDING_AND_ORACLE,NEG-REQ-039: alter the decisive meaning `把產品願景轉成可決策 roadmap、pilot 與 release gate。` while retaining valid shape; expect ERR-REQ-039-PURPOSE-SEMANTIC and zero canonical mutation,F01-01,NONE_OWNER_PRESERVED,VALID_OWNER_PRESERVATION,DOC-01,DOC-01-H01,WP-00,RBWI-00,"CA-01,CA-02,CA-05,CA-27,CA-30",SPEC-001,ACC-001,fixtures/requirements/req-039-roadmap-pilot-release-gate.yaml,"ORACLE-REQ-039-PURPOSE: purpose chain is complete and no governance/tool detail replaces the core user outcome; verify fixture-specific expected fields and reject semantic mutation, not merely missing metadata",pain_to_mechanism_edges>=1; mechanism_to_evidence_edges>=1; purpose_orphans=0,"evidence/requirements/req-039/{input,measurement,negative,checker,rollback}.json",GATE-REQ-039-PURPOSE,"REOPEN on source change, failed negative fixture, metric drift or owner reassignment",FINAL_R2_AUTHOR_SIDE_OWNER_LINEAGE_REBUILT / INDEPENDENT_SEMANTIC_REAUDIT_REQUIRED,TT-INDEPENDENT-NRTV-001
REQ-040,HG-KSEOS_實作前開發文檔包_必須涵蓋的設計規劃_設計原意_用戶需求_預期解決痛點_預期目標_功能表現_目的_定位_v2026.08.06-r1.md#COV-05/COV-05-POSITION,COV-05-POSITION,POSITION,HG-KSEOS 的競爭力是可證明的工程槓桿，而不是「自主 Agent」敘事。,P0,F01-01,F15-02,PRE-01,PRE-04/PRE-24/PRE-27/PRE-31,PRESERVE_UPSTREAM_ITEM_WORDING_AND_ORACLE,NEG-REQ-040: alter the decisive meaning `HG-KSEOS 的競爭力是可證明的工程槓桿，而不是「自主 Agent」敘事。` while retaining valid shape; expect ERR-REQ-040-POSITION-SEMANTIC and zero canonical mutation,F01-01,NONE_OWNER_PRESERVED,VALID_OWNER_PRESERVATION,DOC-01,DOC-01-H01,WP-00,RBWI-00,"CA-01,CA-02,CA-05,CA-27,CA-30",SPEC-001,ACC-001,fixtures/requirements/req-040-hg-kseos-agent.yaml,"ORACLE-REQ-040-POSITION: boundary checker rejects the substitution and preserves the canonical owner; verify fixture-specific expected fields and reject semantic mutation, not merely missing metadata",owner_substitution_rejected=1; foreign_writer_count=0; second_root_count=0,"evidence/requirements/req-040/{input,measurement,negative,checker,rollback}.json",GATE-REQ-040-POSITION,"REOPEN on source change, failed negative fixture, metric drift or owner reassignment",FINAL_R2_AUTHOR_SIDE_OWNER_LINEAGE_REBUILT / INDEPENDENT_SEMANTIC_REAUDIT_REQUIRED,TT-INDEPENDENT-NRTV-001
REQ-041,HG-KSEOS_實作前開發文檔包_必須涵蓋的設計規劃_設計原意_用戶需求_預期解決痛點_預期目標_功能表現_目的_定位_v2026.08.06-r1.md#COV-06/COV-06-PLAN,COV-06-PLAN,PLAN,建立 Mission/Non-goal Registry、scope fence、forbidden claims、route-out decision tree 與 phase-specific defer list。,P0,F01-01,F15-02,PRE-00,PRE-01/PRE-02/PRE-03,PRESERVE_UPSTREAM_ITEM_WORDING_AND_ORACLE,NEG-REQ-041: alter the decisive meaning `建立 Mission/Non-goal Registry、scope fence、forbidden claims、route-out d…` while retaining valid shape; expect ERR-REQ-041-PLAN-SEMANTIC and zero canonical mutation,F01-01,NONE_OWNER_PRESERVED,VALID_OWNER_PRESERVATION,DOC-00,DOC-00-H01,"WP-00,WP-23","RBWI-00,RBWI-15,RBWI-16","CA-01,CA-02,CA-05,CA-25,CA-26,CA-27,CA-29,CA-30",SPEC-095,ACC-095,fixtures/requirements/req-041-mission-non-goal-registry-scope-fenc.yaml,"ORACLE-REQ-041-PLAN: required object set equals source-enumerated set; no extra product root; verify fixture-specific expected fields and reject semantic mutation, not merely missing metadata",coverage_ratio=1.00; prohibited_root_count=0,"evidence/requirements/req-041/{input,measurement,negative,checker,rollback}.json",GATE-REQ-041-PLAN,"REOPEN on source change, failed negative fixture, metric drift or owner reassignment",FINAL_R2_AUTHOR_SIDE_OWNER_LINEAGE_REBUILT / INDEPENDENT_SEMANTIC_REAUDIT_REQUIRED,TT-INDEPENDENT-NRTV-001
REQ-042,HG-KSEOS_實作前開發文檔包_必須涵蓋的設計規劃_設計原意_用戶需求_預期解決痛點_預期目標_功能表現_目的_定位_v2026.08.06-r1.md#COV-06/COV-06-INTENT,COV-06-INTENT,INTENT,最小充分、Human Authority、Provider 可替換、Fail-Closed、先可證閉環後自動化。,P0,F01-01,F15-02,PRE-00,PRE-01/PRE-02/PRE-03,PRESERVE_UPSTREAM_ITEM_WORDING_AND_ORACLE,NEG-REQ-042: alter the decisive meaning `最小充分、Human Authority、Provider 可替換、Fail-Closed、先可證閉環後自動化。` while retaining valid shape; expect ERR-REQ-042-INTENT-SEMANTIC and zero canonical mutation,F01-01,NONE_OWNER_PRESERVED,VALID_OWNER_PRESERVATION,DOC-00,DOC-00-H06,"WP-00,WP-23","RBWI-00,RBWI-15,RBWI-16","CA-01,CA-02,CA-05,CA-25,CA-26,CA-27,CA-29,CA-30",SPEC-095,ACC-095,fixtures/requirements/req-042-human-authority-provider-fail-closed.yaml,"ORACLE-REQ-042-INTENT: semantic entailment holds for accepted interpretation and fails for mutation; verify fixture-specific expected fields and reject semantic mutation, not merely missing metadata",accepted_assertions=1/1; rejected_mutation=1/1; authority_violation=0,"evidence/requirements/req-042/{input,measurement,negative,checker,rollback}.json",GATE-REQ-042-INTENT,"REOPEN on source change, failed negative fixture, metric drift or owner reassignment",FINAL_R2_AUTHOR_SIDE_OWNER_LINEAGE_REBUILT / INDEPENDENT_SEMANTIC_REAUDIT_REQUIRED,TT-INDEPENDENT-NRTV-001
REQ-043,HG-KSEOS_實作前開發文檔包_必須涵蓋的設計規劃_設計原意_用戶需求_預期解決痛點_預期目標_功能表現_目的_定位_v2026.08.06-r1.md#COV-06/COV-06-NEED,COV-06-NEED,NEED,使用者能防止專案被工具能力、熱門框架或「全自動」期待拖離核心價值。,P0,F01-01,F15-02,PRE-00,PRE-01/PRE-02/PRE-03,PRESERVE_UPSTREAM_ITEM_WORDING_AND_ORACLE,NEG-REQ-043: alter the decisive meaning `使用者能防止專案被工具能力、熱門框架或「全自動」期待拖離核心價值。` while retaining valid shape; expect ERR-REQ-043-NEED-SEMANTIC and zero canonical mutation,F01-01,NONE_OWNER_PRESERVED,VALID_OWNER_PRESERVATION,DOC-00,DOC-00-H01,"WP-00,WP-23","RBWI-00,RBWI-15,RBWI-16","CA-01,CA-02,CA-05,CA-25,CA-26,CA-27,CA-29,CA-30",SPEC-001,ACC-001,fixtures/requirements/req-043-artifact.yaml,"ORACLE-REQ-043-NEED: consumer returns deterministic ACK or field-specific NACK without consulting donor corpus; verify fixture-specific expected fields and reject semantic mutation, not merely missing metadata",required_field_recall=1.00; raw_volume_reads=0,"evidence/requirements/req-043/{input,measurement,negative,checker,rollback}.json",GATE-REQ-043-NEED,"REOPEN on source change, failed negative fixture, metric drift or owner reassignment",FINAL_R2_AUTHOR_SIDE_OWNER_LINEAGE_REBUILT / INDEPENDENT_SEMANTIC_REAUDIT_REQUIRED,TT-INDEPENDENT-NRTV-001
REQ-044,HG-KSEOS_實作前開發文檔包_必須涵蓋的設計規劃_設計原意_用戶需求_預期解決痛點_預期目標_功能表現_目的_定位_v2026.08.06-r1.md#COV-06/COV-06-PAIN,COV-06-PAIN,PAIN,複雜工程容易持續加功能，導致 P0 不可落地、權限過寬、維護成本失控。,P0,F01-01,F15-02,PRE-00,PRE-01/PRE-02/PRE-03,PRESERVE_UPSTREAM_ITEM_WORDING_AND_ORACLE,NEG-REQ-044: alter the decisive meaning `複雜工程容易持續加功能，導致 P0 不可落地、權限過寬、維護成本失控。` while retaining valid shape; expect ERR-REQ-044-PAIN-SEMANTIC and zero canonical mutation,F01-01,NONE_OWNER_PRESERVED,VALID_OWNER_PRESERVATION,DOC-00,DOC-00-H01,"WP-00,WP-23","RBWI-00,RBWI-15,RBWI-16","CA-01,CA-02,CA-05,CA-25,CA-26,CA-27,CA-29,CA-30",SPEC-002,ACC-002,fixtures/requirements/req-044-p0.yaml,"ORACLE-REQ-044-PAIN: typed detector identifies the named defect and blocks promotion without false acceptance; verify fixture-specific expected fields and reject semantic mutation, not merely missing metadata",named_failure_detected=1; canonical_mutations=0; false_accepts=0,"evidence/requirements/req-044/{input,measurement,negative,checker,rollback}.json",GATE-REQ-044-PAIN,"REOPEN on source change, failed negative fixture, metric drift or owner reassignment",FINAL_R2_AUTHOR_SIDE_OWNER_LINEAGE_REBUILT / INDEPENDENT_SEMANTIC_REAUDIT_REQUIRED,TT-INDEPENDENT-NRTV-001
REQ-045,HG-KSEOS_實作前開發文檔包_必須涵蓋的設計規劃_設計原意_用戶需求_預期解決痛點_預期目標_功能表現_目的_定位_v2026.08.06-r1.md#COV-06/COV-06-TARGET,COV-06-TARGET,TARGET,任何新增能力都能判斷 adopt/defer/reject；P0 能在單機上形成可重跑的最小閉環。,P0,F01-01,F15-02,PRE-00,PRE-01/PRE-02/PRE-03,PRESERVE_UPSTREAM_ITEM_WORDING_AND_ORACLE,NEG-REQ-045: alter the decisive meaning `任何新增能力都能判斷 adopt/defer/reject；P0 能在單機上形成可重跑的最小閉環。` while retaining valid shape; expect ERR-REQ-045-TARGET-SEMANTIC and zero canonical mutation,F01-01,NONE_OWNER_PRESERVED,VALID_OWNER_PRESERVATION,DOC-00,DOC-00-H01,"WP-00,WP-23","RBWI-00,RBWI-15,RBWI-16","CA-01,CA-02,CA-05,CA-25,CA-26,CA-27,CA-29,CA-30",SPEC-001,ACC-001,fixtures/requirements/req-045-adopt-defer-reject-p0.yaml,"ORACLE-REQ-045-TARGET: target metric, measurement method and counter-metric are all reported and thresholded; verify fixture-specific expected fields and reject semantic mutation, not merely missing metadata",measurement_fields=100%; target_met=true or BLOCKED; counter_metric_regression=0,"evidence/requirements/req-045/{input,measurement,negative,checker,rollback}.json",GATE-REQ-045-TARGET,"REOPEN on source change, failed negative fixture, metric drift or owner reassignment",FINAL_R2_AUTHOR_SIDE_OWNER_LINEAGE_REBUILT / INDEPENDENT_SEMANTIC_REAUDIT_REQUIRED,TT-INDEPENDENT-NRTV-001
REQ-046,HG-KSEOS_實作前開發文檔包_必須涵蓋的設計規劃_設計原意_用戶需求_預期解決痛點_預期目標_功能表現_目的_定位_v2026.08.06-r1.md#COV-06/COV-06-FUNCTION,COV-06-FUNCTION,FUNCTION,提供 scope gate、phase gate、capability state、defer trigger、reversal trigger 與 route-out。,P0,F01-01,F15-02,PRE-00,PRE-01/PRE-02/PRE-03,PRESERVE_UPSTREAM_ITEM_WORDING_AND_ORACLE,NEG-REQ-046: alter the decisive meaning `提供 scope gate、phase gate、capability state、defer trigger、reversal trig…` while retaining valid shape; expect ERR-REQ-046-FUNCTION-SEMANTIC and zero canonical mutation,F01-01,NONE_OWNER_PRESERVED,VALID_OWNER_PRESERVATION,DOC-00,DOC-00-H09,"WP-00,WP-23","RBWI-00,RBWI-15,RBWI-16","CA-01,CA-02,CA-05,CA-25,CA-26,CA-27,CA-29,CA-30",SPEC-095,ACC-095,fixtures/requirements/req-046-scope-gate-phase-gate-capability-sta.yaml,"ORACLE-REQ-046-FUNCTION: positive produces typed output; negative/edge produce specified error or bounded degraded result; verify fixture-specific expected fields and reject semantic mutation, not merely missing metadata",positive_pass=1; negative_reject=1; edge_bounded=1,"evidence/requirements/req-046/{input,measurement,negative,checker,rollback}.json",GATE-REQ-046-FUNCTION,"REOPEN on source change, failed negative fixture, metric drift or owner reassignment",FINAL_R2_AUTHOR_SIDE_OWNER_LINEAGE_REBUILT / INDEPENDENT_SEMANTIC_REAUDIT_REQUIRED,TT-INDEPENDENT-NRTV-001
REQ-047,HG-KSEOS_實作前開發文檔包_必須涵蓋的設計規劃_設計原意_用戶需求_預期解決痛點_預期目標_功能表現_目的_定位_v2026.08.06-r1.md#COV-06/COV-06-PURPOSE,COV-06-PURPOSE,PURPOSE,維持產品清晰度、成本可控與演進安全。,P0,F01-01,F15-02,PRE-00,PRE-01/PRE-02/PRE-03,PRESERVE_UPSTREAM_ITEM_WORDING_AND_ORACLE,NEG-REQ-047: alter the decisive meaning `維持產品清晰度、成本可控與演進安全。` while retaining valid shape; expect ERR-REQ-047-PURPOSE-SEMANTIC and zero canonical mutation,F01-01,NONE_OWNER_PRESERVED,VALID_OWNER_PRESERVATION,DOC-00,DOC-00-H01,"WP-00,WP-23","RBWI-00,RBWI-15,RBWI-16","CA-01,CA-02,CA-05,CA-25,CA-26,CA-27,CA-29,CA-30",SPEC-001,ACC-001,fixtures/requirements/req-047-artifact.yaml,"ORACLE-REQ-047-PURPOSE: purpose chain is complete and no governance/tool detail replaces the core user outcome; verify fixture-specific expected fields and reject semantic mutation, not merely missing metadata",pain_to_mechanism_edges>=1; mechanism_to_evidence_edges>=1; purpose_orphans=0,"evidence/requirements/req-047/{input,measurement,negative,checker,rollback}.json",GATE-REQ-047-PURPOSE,"REOPEN on source change, failed negative fixture, metric drift or owner reassignment",FINAL_R2_AUTHOR_SIDE_OWNER_LINEAGE_REBUILT / INDEPENDENT_SEMANTIC_REAUDIT_REQUIRED,TT-INDEPENDENT-NRTV-001
REQ-048,HG-KSEOS_實作前開發文檔包_必須涵蓋的設計規劃_設計原意_用戶需求_預期解決痛點_預期目標_功能表現_目的_定位_v2026.08.06-r1.md#COV-06/COV-06-POSITION,COV-06-POSITION,POSITION,HG-KSEOS 是可漸進擴展的工程 OS，不是所有 Agent/知識/開發技術的全集成展示。,P0,F01-01,F15-02,PRE-00,PRE-01/PRE-02/PRE-03,PRESERVE_UPSTREAM_ITEM_WORDING_AND_ORACLE,NEG-REQ-048: alter the decisive meaning `HG-KSEOS 是可漸進擴展的工程 OS，不是所有 Agent/知識/開發技術的全集成展示。` while retaining valid shape; expect ERR-REQ-048-POSITION-SEMANTIC and zero canonical mutation,F01-01,NONE_OWNER_PRESERVED,VALID_OWNER_PRESERVATION,DOC-00,DOC-00-H01,"WP-00,WP-23","RBWI-00,RBWI-15,RBWI-16","CA-01,CA-02,CA-05,CA-25,CA-26,CA-27,CA-29,CA-30",SPEC-001,ACC-001,fixtures/requirements/req-048-hg-kseos-os-agent.yaml,"ORACLE-REQ-048-POSITION: boundary checker rejects the substitution and preserves the canonical owner; verify fixture-specific expected fields and reject semantic mutation, not merely missing metadata",owner_substitution_rejected=1; foreign_writer_count=0; second_root_count=0,"evidence/requirements/req-048/{input,measurement,negative,checker,rollback}.json",GATE-REQ-048-POSITION,"REOPEN on source change, failed negative fixture, metric drift or owner reassignment",FINAL_R2_AUTHOR_SIDE_OWNER_LINEAGE_REBUILT / INDEPENDENT_SEMANTIC_REAUDIT_REQUIRED,TT-INDEPENDENT-NRTV-001
REQ-049,HG-KSEOS_實作前開發文檔包_必須涵蓋的設計規劃_設計原意_用戶需求_預期解決痛點_預期目標_功能表現_目的_定位_v2026.08.06-r1.md#COV-07/COV-07-PLAN,COV-07-PLAN,PLAN,建立 RACI、approval token、delegation scope、waiver、separation-of-duties、human override、expiry 與 audit trail。,P0,F01-01,F15-02,PRE-02,PRE-07/PRE-25/PRE-27/PRE-31,PRESERVE_UPSTREAM_ITEM_WORDING_AND_ORACLE,NEG-REQ-049: alter the decisive meaning `建立 RACI、approval token、delegation scope、waiver、separation-of-duties、h…` while retaining valid shape; expect ERR-REQ-049-PLAN-SEMANTIC and zero canonical mutation,F01-01,NONE_OWNER_PRESERVED,VALID_OWNER_PRESERVATION,DOC-01,DOC-01-H06,WP-00,RBWI-00,"CA-01,CA-02,CA-05,CA-27,CA-30",SPEC-003,ACC-003,fixtures/requirements/req-049-raci-approval-token-delegation-scope.yaml,"ORACLE-REQ-049-PLAN: required object set equals source-enumerated set; no extra product root; verify fixture-specific expected fields and reject semantic mutation, not merely missing metadata",coverage_ratio=1.00; prohibited_root_count=0,"evidence/requirements/req-049/{input,measurement,negative,checker,rollback}.json",GATE-REQ-049-PLAN,"REOPEN on source change, failed negative fixture, metric drift or owner reassignment",FINAL_R2_AUTHOR_SIDE_OWNER_LINEAGE_REBUILT / INDEPENDENT_SEMANTIC_REAUDIT_REQUIRED,TT-INDEPENDENT-NRTV-001
REQ-050,HG-KSEOS_實作前開發文檔包_必須涵蓋的設計規劃_設計原意_用戶需求_預期解決痛點_預期目標_功能表現_目的_定位_v2026.08.06-r1.md#COV-07/COV-07-INTENT,COV-07-INTENT,INTENT,Agent 只能在明確法位與 frozen contract 下執行；任何能力都不取得 constitution 或 release authority。,P0,F01-01,F15-02,PRE-02,PRE-07/PRE-25/PRE-27/PRE-31,PRESERVE_UPSTREAM_ITEM_WORDING_AND_ORACLE,NEG-REQ-050: alter the decisive meaning `Agent 只能在明確法位與 frozen contract 下執行；任何能力都不取得 constitution 或 release au…` while retaining valid shape; expect ERR-REQ-050-INTENT-SEMANTIC and zero canonical mutation,F01-01,NONE_OWNER_PRESERVED,VALID_OWNER_PRESERVATION,DOC-01,DOC-01-H03,WP-00,RBWI-00,"CA-01,CA-02,CA-05,CA-27,CA-30",SPEC-001,ACC-001,fixtures/requirements/req-050-agent-frozen-contract-constitution-r.yaml,"ORACLE-REQ-050-INTENT: semantic entailment holds for accepted interpretation and fails for mutation; verify fixture-specific expected fields and reject semantic mutation, not merely missing metadata",accepted_assertions=1/1; rejected_mutation=1/1; authority_violation=0,"evidence/requirements/req-050/{input,measurement,negative,checker,rollback}.json",GATE-REQ-050-INTENT,"REOPEN on source change, failed negative fixture, metric drift or owner reassignment",FINAL_R2_AUTHOR_SIDE_OWNER_LINEAGE_REBUILT / INDEPENDENT_SEMANTIC_REAUDIT_REQUIRED,TT-INDEPENDENT-NRTV-001
REQ-051,HG-KSEOS_實作前開發文檔包_必須涵蓋的設計規劃_設計原意_用戶需求_預期解決痛點_預期目標_功能表現_目的_定位_v2026.08.06-r1.md#COV-07/COV-07-NEED,COV-07-NEED,NEED,使用者可控制高風險變更，知道誰提出、誰執行、誰驗證、誰批准與如何撤銷。,P0,F01-01,F15-02,PRE-02,PRE-07/PRE-25/PRE-27/PRE-31,PRESERVE_UPSTREAM_ITEM_WORDING_AND_ORACLE,NEG-REQ-051: alter the decisive meaning `使用者可控制高風險變更，知道誰提出、誰執行、誰驗證、誰批准與如何撤銷。` while retaining valid shape; expect ERR-REQ-051-NEED-SEMANTIC and zero canonical mutation,F01-01,NONE_OWNER_PRESERVED,VALID_OWNER_PRESERVATION,DOC-01,DOC-01-H01,WP-00,RBWI-00,"CA-01,CA-02,CA-05,CA-27,CA-30",SPEC-001,ACC-001,fixtures/requirements/req-051-artifact.yaml,"ORACLE-REQ-051-NEED: consumer returns deterministic ACK or field-specific NACK without consulting donor corpus; verify fixture-specific expected fields and reject semantic mutation, not merely missing metadata",required_field_recall=1.00; raw_volume_reads=0,"evidence/requirements/req-051/{input,measurement,negative,checker,rollback}.json",GATE-REQ-051-NEED,"REOPEN on source change, failed negative fixture, metric drift or owner reassignment",FINAL_R2_AUTHOR_SIDE_OWNER_LINEAGE_REBUILT / INDEPENDENT_SEMANTIC_REAUDIT_REQUIRED,TT-INDEPENDENT-NRTV-001
REQ-052,HG-KSEOS_實作前開發文檔包_必須涵蓋的設計規劃_設計原意_用戶需求_預期解決痛點_預期目標_功能表現_目的_定位_v2026.08.06-r1.md#COV-07/COV-07-PAIN,COV-07-PAIN,PAIN,producer 自評、Reviewer 與 writer 同 session、Agent 自擴 scope、工具結果直接發布。,P0,F01-01,F15-02,PRE-02,PRE-07/PRE-25/PRE-27/PRE-31,PRESERVE_UPSTREAM_ITEM_WORDING_AND_ORACLE,NEG-REQ-052: alter the decisive meaning `producer 自評、Reviewer 與 writer 同 session、Agent 自擴 scope、工具結果直接發布。` while retaining valid shape; expect ERR-REQ-052-PAIN-SEMANTIC and zero canonical mutation,F01-01,NONE_OWNER_PRESERVED,VALID_OWNER_PRESERVATION,DOC-01,DOC-01-H01,WP-00,RBWI-00,"CA-01,CA-02,CA-05,CA-27,CA-30",SPEC-003,ACC-003,fixtures/requirements/req-052-producer-reviewer-writer-session-age.yaml,"ORACLE-REQ-052-PAIN: typed detector identifies the named defect and blocks promotion without false acceptance; verify fixture-specific expected fields and reject semantic mutation, not merely missing metadata",named_failure_detected=1; canonical_mutations=0; false_accepts=0,"evidence/requirements/req-052/{input,measurement,negative,checker,rollback}.json",GATE-REQ-052-PAIN,"REOPEN on source change, failed negative fixture, metric drift or owner reassignment",FINAL_R2_AUTHOR_SIDE_OWNER_LINEAGE_REBUILT / INDEPENDENT_SEMANTIC_REAUDIT_REQUIRED,TT-INDEPENDENT-NRTV-001
REQ-053,HG-KSEOS_實作前開發文檔包_必須涵蓋的設計規劃_設計原意_用戶需求_預期解決痛點_預期目標_功能表現_目的_定位_v2026.08.06-r1.md#COV-07/COV-07-TARGET,COV-07-TARGET,TARGET,形成可審計、可撤回、可委派但不可混淆的決策權鏈。,P0,F01-01,F15-02,PRE-02,PRE-07/PRE-25/PRE-27/PRE-31,PRESERVE_UPSTREAM_ITEM_WORDING_AND_ORACLE,NEG-REQ-053: alter the decisive meaning `形成可審計、可撤回、可委派但不可混淆的決策權鏈。` while retaining valid shape; expect ERR-REQ-053-TARGET-SEMANTIC and zero canonical mutation,F01-01,NONE_OWNER_PRESERVED,VALID_OWNER_PRESERVATION,DOC-01,DOC-01-H01,WP-00,RBWI-00,"CA-01,CA-02,CA-05,CA-27,CA-30",SPEC-001,ACC-001,fixtures/requirements/req-053-artifact.yaml,"ORACLE-REQ-053-TARGET: target metric, measurement method and counter-metric are all reported and thresholded; verify fixture-specific expected fields and reject semantic mutation, not merely missing metadata",measurement_fields=100%; target_met=true or BLOCKED; counter_metric_regression=0,"evidence/requirements/req-053/{input,measurement,negative,checker,rollback}.json",GATE-REQ-053-TARGET,"REOPEN on source change, failed negative fixture, metric drift or owner reassignment",FINAL_R2_AUTHOR_SIDE_OWNER_LINEAGE_REBUILT / INDEPENDENT_SEMANTIC_REAUDIT_REQUIRED,TT-INDEPENDENT-NRTV-001
REQ-054,HG-KSEOS_實作前開發文檔包_必須涵蓋的設計規劃_設計原意_用戶需求_預期解決痛點_預期目標_功能表現_目的_定位_v2026.08.06-r1.md#COV-07/COV-07-FUNCTION,COV-07-FUNCTION,FUNCTION,提供 approval store、role identity、lease、decision record、waiver constraints、signed release verdict。,P0,F01-01,F15-02,PRE-02,PRE-07/PRE-25/PRE-27/PRE-31,PRESERVE_UPSTREAM_ITEM_WORDING_AND_ORACLE,NEG-REQ-054: alter the decisive meaning `提供 approval store、role identity、lease、decision record、waiver constrai…` while retaining valid shape; expect ERR-REQ-054-FUNCTION-SEMANTIC and zero canonical mutation,F01-01,NONE_OWNER_PRESERVED,VALID_OWNER_PRESERVATION,DOC-01,DOC-01-H01,WP-00,RBWI-00,"CA-01,CA-02,CA-05,CA-27,CA-30",SPEC-002,ACC-002,fixtures/requirements/req-054-approval-store-role-identity-lease-d.yaml,"ORACLE-REQ-054-FUNCTION: positive produces typed output; negative/edge produce specified error or bounded degraded result; verify fixture-specific expected fields and reject semantic mutation, not merely missing metadata",positive_pass=1; negative_reject=1; edge_bounded=1,"evidence/requirements/req-054/{input,measurement,negative,checker,rollback}.json",GATE-REQ-054-FUNCTION,"REOPEN on source change, failed negative fixture, metric drift or owner reassignment",FINAL_R2_AUTHOR_SIDE_OWNER_LINEAGE_REBUILT / INDEPENDENT_SEMANTIC_REAUDIT_REQUIRED,TT-INDEPENDENT-NRTV-001
REQ-055,HG-KSEOS_實作前開發文檔包_必須涵蓋的設計規劃_設計原意_用戶需求_預期解決痛點_預期目標_功能表現_目的_定位_v2026.08.06-r1.md#COV-07/COV-07-PURPOSE,COV-07-PURPOSE,PURPOSE,把自主能力變成可治理的工程生產力，而非不可控代理權。,P0,F01-01,F15-02,PRE-02,PRE-07/PRE-25/PRE-27/PRE-31,PRESERVE_UPSTREAM_ITEM_WORDING_AND_ORACLE,NEG-REQ-055: alter the decisive meaning `把自主能力變成可治理的工程生產力，而非不可控代理權。` while retaining valid shape; expect ERR-REQ-055-PURPOSE-SEMANTIC and zero canonical mutation,F01-01,NONE_OWNER_PRESERVED,VALID_OWNER_PRESERVATION,DOC-01,DOC-01-H01,WP-00,RBWI-00,"CA-01,CA-02,CA-05,CA-27,CA-30",SPEC-001,ACC-001,fixtures/requirements/req-055-artifact.yaml,"ORACLE-REQ-055-PURPOSE: purpose chain is complete and no governance/tool detail replaces the core user outcome; verify fixture-specific expected fields and reject semantic mutation, not merely missing metadata",pain_to_mechanism_edges>=1; mechanism_to_evidence_edges>=1; purpose_orphans=0,"evidence/requirements/req-055/{input,measurement,negative,checker,rollback}.json",GATE-REQ-055-PURPOSE,"REOPEN on source change, failed negative fixture, metric drift or owner reassignment",FINAL_R2_AUTHOR_SIDE_OWNER_LINEAGE_REBUILT / INDEPENDENT_SEMANTIC_REAUDIT_REQUIRED,TT-INDEPENDENT-NRTV-001
REQ-056,HG-KSEOS_實作前開發文檔包_必須涵蓋的設計規劃_設計原意_用戶需求_預期解決痛點_預期目標_功能表現_目的_定位_v2026.08.06-r1.md#COV-07/COV-07-POSITION,COV-07-POSITION,POSITION,Human Authority 是根法位；其他角色是 delegated capability holders。,P0,F01-01,F15-02,PRE-02,PRE-07/PRE-25/PRE-27/PRE-31,PRESERVE_UPSTREAM_ITEM_WORDING_AND_ORACLE,NEG-REQ-056: alter the decisive meaning `Human Authority 是根法位；其他角色是 delegated capability holders。` while retaining valid shape; expect ERR-REQ-056-POSITION-SEMANTIC and zero canonical mutation,F01-01,NONE_OWNER_PRESERVED,VALID_OWNER_PRESERVATION,DOC-01,DOC-01-H03,WP-00,RBWI-00,"CA-01,CA-02,CA-05,CA-27,CA-30",SPEC-001,ACC-001,fixtures/requirements/req-056-human-authority-delegated-capability.yaml,"ORACLE-REQ-056-POSITION: boundary checker rejects the substitution and preserves the canonical owner; verify fixture-specific expected fields and reject semantic mutation, not merely missing metadata",owner_substitution_rejected=1; foreign_writer_count=0; second_root_count=0,"evidence/requirements/req-056/{input,measurement,negative,checker,rollback}.json",GATE-REQ-056-POSITION,"REOPEN on source change, failed negative fixture, metric drift or owner reassignment",FINAL_R2_AUTHOR_SIDE_OWNER_LINEAGE_REBUILT / INDEPENDENT_SEMANTIC_REAUDIT_REQUIRED,TT-INDEPENDENT-NRTV-001
REQ-057,HG-KSEOS_實作前開發文檔包_必須涵蓋的設計規劃_設計原意_用戶需求_預期解決痛點_預期目標_功能表現_目的_定位_v2026.08.06-r1.md#COV-08/COV-08-PLAN,COV-08-PLAN,PLAN,定義 ProductConstitution、SourceRecord、Intent、Requirement、Task、ChangeSet、Evidence、ReleaseDecision 的 canonical store、writer 與 derived views。,P0,F02-01,F15-02,PRE-05,PRE-06/PRE-07,PRESERVE_UPSTREAM_ITEM_WORDING_AND_ORACLE,NEG-REQ-057: alter the decisive meaning `定義 ProductConstitution、SourceRecord、Intent、Requirement、Task、ChangeSet…` while retaining valid shape; expect ERR-REQ-057-PLAN-SEMANTIC and zero canonical mutation,F02-01,NONE_OWNER_PRESERVED,VALID_OWNER_PRESERVATION,DOC-03,DOC-03-H03,WP-02,RBWI-02,"CA-04,CA-05,CA-06",SPEC-009,ACC-009,fixtures/requirements/req-057-productconstitution-sourcerecord-int.yaml,"ORACLE-REQ-057-PLAN: required object set equals source-enumerated set; no extra product root; verify fixture-specific expected fields and reject semantic mutation, not merely missing metadata",coverage_ratio=1.00; prohibited_root_count=0,"evidence/requirements/req-057/{input,measurement,negative,checker,rollback}.json",GATE-REQ-057-PLAN,"REOPEN on source change, failed negative fixture, metric drift or owner reassignment",FINAL_R2_AUTHOR_SIDE_OWNER_LINEAGE_REBUILT / INDEPENDENT_SEMANTIC_REAUDIT_REQUIRED,TT-INDEPENDENT-NRTV-001
REQ-058,HG-KSEOS_實作前開發文檔包_必須涵蓋的設計規劃_設計原意_用戶需求_預期解決痛點_預期目標_功能表現_目的_定位_v2026.08.06-r1.md#COV-08/COV-08-INTENT,COV-08-INTENT,INTENT,一個平台可有多 Branch/Provider/View，但只能有一條 authoritative write path。,P0,F02-01,F15-02,PRE-05,PRE-06/PRE-07,PRESERVE_UPSTREAM_ITEM_WORDING_AND_ORACLE,NEG-REQ-058: alter the decisive meaning `一個平台可有多 Branch/Provider/View，但只能有一條 authoritative write path。` while retaining valid shape; expect ERR-REQ-058-INTENT-SEMANTIC and zero canonical mutation,F02-01,NONE_OWNER_PRESERVED,VALID_OWNER_PRESERVATION,DOC-03,DOC-03-H01,WP-02,RBWI-02,"CA-04,CA-05,CA-06",SPEC-010,ACC-010,fixtures/requirements/req-058-branch-provider-view-authoritative-w.yaml,"ORACLE-REQ-058-INTENT: semantic entailment holds for accepted interpretation and fails for mutation; verify fixture-specific expected fields and reject semantic mutation, not merely missing metadata",accepted_assertions=1/1; rejected_mutation=1/1; authority_violation=0,"evidence/requirements/req-058/{input,measurement,negative,checker,rollback}.json",GATE-REQ-058-INTENT,"REOPEN on source change, failed negative fixture, metric drift or owner reassignment",FINAL_R2_AUTHOR_SIDE_OWNER_LINEAGE_REBUILT / INDEPENDENT_SEMANTIC_REAUDIT_REQUIRED,TT-INDEPENDENT-NRTV-001
REQ-059,HG-KSEOS_實作前開發文檔包_必須涵蓋的設計規劃_設計原意_用戶需求_預期解決痛點_預期目標_功能表現_目的_定位_v2026.08.06-r1.md#COV-08/COV-08-NEED,COV-08-NEED,NEED,使用者可安全替換 UI、RAG、KG、Memory、Provider 與 Agent，而不失去產品/工程真相。,P0,F02-01,F15-02,PRE-05,PRE-06/PRE-07,PRESERVE_UPSTREAM_ITEM_WORDING_AND_ORACLE,NEG-REQ-059: alter the decisive meaning `使用者可安全替換 UI、RAG、KG、Memory、Provider 與 Agent，而不失去產品/工程真相。` while retaining valid shape; expect ERR-REQ-059-NEED-SEMANTIC and zero canonical mutation,F02-01,NONE_OWNER_PRESERVED,VALID_OWNER_PRESERVATION,DOC-03,DOC-03-H01,WP-02,RBWI-02,"CA-04,CA-05,CA-06",SPEC-009,ACC-009,fixtures/requirements/req-059-ui-rag-kg-memory-provider-agent.yaml,"ORACLE-REQ-059-NEED: consumer returns deterministic ACK or field-specific NACK without consulting donor corpus; verify fixture-specific expected fields and reject semantic mutation, not merely missing metadata",required_field_recall=1.00; raw_volume_reads=0,"evidence/requirements/req-059/{input,measurement,negative,checker,rollback}.json",GATE-REQ-059-NEED,"REOPEN on source change, failed negative fixture, metric drift or owner reassignment",FINAL_R2_AUTHOR_SIDE_OWNER_LINEAGE_REBUILT / INDEPENDENT_SEMANTIC_REAUDIT_REQUIRED,TT-INDEPENDENT-NRTV-001
REQ-060,HG-KSEOS_實作前開發文檔包_必須涵蓋的設計規劃_設計原意_用戶需求_預期解決痛點_預期目標_功能表現_目的_定位_v2026.08.06-r1.md#COV-08/COV-08-PAIN,COV-08-PAIN,PAIN,多套記憶、向量、圖譜、Obsidian、Hermes state 或 plugin state 形成平行 SSOT、刪除與重建不一致。,P0,F02-01,F15-02,PRE-05,PRE-06/PRE-07,PRESERVE_UPSTREAM_ITEM_WORDING_AND_ORACLE,NEG-REQ-060: alter the decisive meaning `多套記憶、向量、圖譜、Obsidian、Hermes state 或 plugin state 形成平行 SSOT、刪除與重建不一致。` while retaining valid shape; expect ERR-REQ-060-PAIN-SEMANTIC and zero canonical mutation,F02-01,NONE_OWNER_PRESERVED,VALID_OWNER_PRESERVATION,DOC-03,DOC-03-H01,WP-02,RBWI-02,"CA-04,CA-05,CA-06",SPEC-010,ACC-010,fixtures/requirements/req-060-obsidian-hermes-state-plugin-state-s.yaml,"ORACLE-REQ-060-PAIN: typed detector identifies the named defect and blocks promotion without false acceptance; verify fixture-specific expected fields and reject semantic mutation, not merely missing metadata",named_failure_detected=1; canonical_mutations=0; false_accepts=0,"evidence/requirements/req-060/{input,measurement,negative,checker,rollback}.json",GATE-REQ-060-PAIN,"REOPEN on source change, failed negative fixture, metric drift or owner reassignment",FINAL_R2_AUTHOR_SIDE_OWNER_LINEAGE_REBUILT / INDEPENDENT_SEMANTIC_REAUDIT_REQUIRED,TT-INDEPENDENT-NRTV-001
REQ-061,HG-KSEOS_實作前開發文檔包_必須涵蓋的設計規劃_設計原意_用戶需求_預期解決痛點_預期目標_功能表現_目的_定位_v2026.08.06-r1.md#COV-08/COV-08-TARGET,COV-08-TARGET,TARGET,所有 derived store 可重建、可 tombstone、可 supersede；canonical ID 與 trace 不因工具替換改變。,P0,F02-01,F15-02,PRE-05,PRE-06/PRE-07,PRESERVE_UPSTREAM_ITEM_WORDING_AND_ORACLE,NEG-REQ-061: alter the decisive meaning `所有 derived store 可重建、可 tombstone、可 supersede；canonical ID 與 trace 不因工…` while retaining valid shape; expect ERR-REQ-061-TARGET-SEMANTIC and zero canonical mutation,F02-01,NONE_OWNER_PRESERVED,VALID_OWNER_PRESERVATION,DOC-03,DOC-03-H03,WP-02,RBWI-02,"CA-04,CA-05,CA-06",SPEC-009,ACC-009,fixtures/requirements/req-061-derived-store-tombstone-supersede-ca.yaml,"ORACLE-REQ-061-TARGET: target metric, measurement method and counter-metric are all reported and thresholded; verify fixture-specific expected fields and reject semantic mutation, not merely missing metadata",measurement_fields=100%; target_met=true or BLOCKED; counter_metric_regression=0,"evidence/requirements/req-061/{input,measurement,negative,checker,rollback}.json",GATE-REQ-061-TARGET,"REOPEN on source change, failed negative fixture, metric drift or owner reassignment",FINAL_R2_AUTHOR_SIDE_OWNER_LINEAGE_REBUILT / INDEPENDENT_SEMANTIC_REAUDIT_REQUIRED,TT-INDEPENDENT-NRTV-001
REQ-062,HG-KSEOS_實作前開發文檔包_必須涵蓋的設計規劃_設計原意_用戶需求_預期解決痛點_預期目標_功能表現_目的_定位_v2026.08.06-r1.md#COV-08/COV-08-FUNCTION,COV-08-FUNCTION,FUNCTION,提供 canonical ownership table、write transaction、event transitions、projection rebuild、conflict/tombstone/supersession。,P0,F02-01,F15-02,PRE-05,PRE-06/PRE-07,PRESERVE_UPSTREAM_ITEM_WORDING_AND_ORACLE,NEG-REQ-062: alter the decisive meaning `提供 canonical ownership table、write transaction、event transitions、proj…` while retaining valid shape; expect ERR-REQ-062-FUNCTION-SEMANTIC and zero canonical mutation,F02-01,NONE_OWNER_PRESERVED,VALID_OWNER_PRESERVATION,DOC-03,DOC-03-H03,WP-02,RBWI-02,"CA-04,CA-05,CA-06",SPEC-010,ACC-010,fixtures/requirements/req-062-canonical-ownership-table-write-tran.yaml,"ORACLE-REQ-062-FUNCTION: positive produces typed output; negative/edge produce specified error or bounded degraded result; verify fixture-specific expected fields and reject semantic mutation, not merely missing metadata",positive_pass=1; negative_reject=1; edge_bounded=1,"evidence/requirements/req-062/{input,measurement,negative,checker,rollback}.json",GATE-REQ-062-FUNCTION,"REOPEN on source change, failed negative fixture, metric drift or owner reassignment",FINAL_R2_AUTHOR_SIDE_OWNER_LINEAGE_REBUILT / INDEPENDENT_SEMANTIC_REAUDIT_REQUIRED,TT-INDEPENDENT-NRTV-001
REQ-063,HG-KSEOS_實作前開發文檔包_必須涵蓋的設計規劃_設計原意_用戶需求_預期解決痛點_預期目標_功能表現_目的_定位_v2026.08.06-r1.md#COV-08/COV-08-PURPOSE,COV-08-PURPOSE,PURPOSE,支撐全系統一致性、替換性、rollback 與 cross-branch trace。,P0,F02-01,F15-02,PRE-05,PRE-06/PRE-07,PRESERVE_UPSTREAM_ITEM_WORDING_AND_ORACLE,NEG-REQ-063: alter the decisive meaning `支撐全系統一致性、替換性、rollback 與 cross-branch trace。` while retaining valid shape; expect ERR-REQ-063-PURPOSE-SEMANTIC and zero canonical mutation,F02-01,NONE_OWNER_PRESERVED,VALID_OWNER_PRESERVATION,DOC-03,DOC-03-H01,WP-02,RBWI-02,"CA-04,CA-05,CA-06",SPEC-011,ACC-011,fixtures/requirements/req-063-rollback-cross-branch-trace.yaml,"ORACLE-REQ-063-PURPOSE: purpose chain is complete and no governance/tool detail replaces the core user outcome; verify fixture-specific expected fields and reject semantic mutation, not merely missing metadata",pain_to_mechanism_edges>=1; mechanism_to_evidence_edges>=1; purpose_orphans=0,"evidence/requirements/req-063/{input,measurement,negative,checker,rollback}.json",GATE-REQ-063-PURPOSE,"REOPEN on source change, failed negative fixture, metric drift or owner reassignment",FINAL_R2_AUTHOR_SIDE_OWNER_LINEAGE_REBUILT / INDEPENDENT_SEMANTIC_REAUDIT_REQUIRED,TT-INDEPENDENT-NRTV-001
REQ-064,HG-KSEOS_實作前開發文檔包_必須涵蓋的設計規劃_設計原意_用戶需求_預期解決痛點_預期目標_功能表現_目的_定位_v2026.08.06-r1.md#COV-08/COV-08-POSITION,COV-08-POSITION,POSITION,Shared Spine 是工程 kernel；Hermes 是 coordination plane；RAG/KG/Memory 是 derived/advisory planes。,P0,F02-01,F15-02,PRE-05,PRE-06/PRE-07,PRESERVE_UPSTREAM_ITEM_WORDING_AND_ORACLE,NEG-REQ-064: alter the decisive meaning `Shared Spine 是工程 kernel；Hermes 是 coordination plane；RAG/KG/Memory 是 d…` while retaining valid shape; expect ERR-REQ-064-POSITION-SEMANTIC and zero canonical mutation,F02-01,NONE_OWNER_PRESERVED,VALID_OWNER_PRESERVATION,DOC-03,DOC-03-H02,WP-02,RBWI-02,"CA-04,CA-05,CA-06",SPEC-010,ACC-010,fixtures/requirements/req-064-shared-spine-kernel-hermes-coordinat.yaml,"ORACLE-REQ-064-POSITION: boundary checker rejects the substitution and preserves the canonical owner; verify fixture-specific expected fields and reject semantic mutation, not merely missing metadata",owner_substitution_rejected=1; foreign_writer_count=0; second_root_count=0,"evidence/requirements/req-064/{input,measurement,negative,checker,rollback}.json",GATE-REQ-064-POSITION,"REOPEN on source change, failed negative fixture, metric drift or owner reassignment",FINAL_R2_AUTHOR_SIDE_OWNER_LINEAGE_REBUILT / INDEPENDENT_SEMANTIC_REAUDIT_REQUIRED,TT-INDEPENDENT-NRTV-001
REQ-065,HG-KSEOS_實作前開發文檔包_必須涵蓋的設計規劃_設計原意_用戶需求_預期解決痛點_預期目標_功能表現_目的_定位_v2026.08.06-r1.md#COV-09/COV-09-PLAN,COV-09-PLAN,PLAN,建立 Artifact Contract Catalog、ProjectGraph、forward/reverse trace、state machine、schema version、positive/negative/edge fixtures。,P0,F03-01,F15-02,PRE-04,PRE-05/PRE-06/PRE-30,PRESERVE_UPSTREAM_ITEM_WORDING_AND_ORACLE,NEG-REQ-065: alter the decisive meaning `建立 Artifact Contract Catalog、ProjectGraph、forward/reverse trace、state…` while retaining valid shape; expect ERR-REQ-065-PLAN-SEMANTIC and zero canonical mutation,F03-01,NONE_OWNER_PRESERVED,VALID_OWNER_PRESERVATION,DOC-04,DOC-04-H01,WP-03,RBWI-03,"CA-02,CA-07,CA-22",SPEC-016,ACC-016,fixtures/requirements/req-065-artifact-contract-catalog-projectgra.yaml,"ORACLE-REQ-065-PLAN: required object set equals source-enumerated set; no extra product root; verify fixture-specific expected fields and reject semantic mutation, not merely missing metadata",coverage_ratio=1.00; prohibited_root_count=0,"evidence/requirements/req-065/{input,measurement,negative,checker,rollback}.json",GATE-REQ-065-PLAN,"REOPEN on source change, failed negative fixture, metric drift or owner reassignment",FINAL_R2_AUTHOR_SIDE_OWNER_LINEAGE_REBUILT / INDEPENDENT_SEMANTIC_REAUDIT_REQUIRED,TT-INDEPENDENT-NRTV-001
REQ-066,HG-KSEOS_實作前開發文檔包_必須涵蓋的設計規劃_設計原意_用戶需求_預期解決痛點_預期目標_功能表現_目的_定位_v2026.08.06-r1.md#COV-09/COV-09-INTENT,COV-09-INTENT,INTENT,自然語言是來源，不是完成狀態；每一階段都要產生可機器驗證又可人工審查的 typed artifact。,P0,F03-01,F15-02,PRE-04,PRE-05/PRE-06/PRE-30,PRESERVE_UPSTREAM_ITEM_WORDING_AND_ORACLE,NEG-REQ-066: alter the decisive meaning `自然語言是來源，不是完成狀態；每一階段都要產生可機器驗證又可人工審查的 typed artifact。` while retaining valid shape; expect ERR-REQ-066-INTENT-SEMANTIC and zero canonical mutation,F03-01,NONE_OWNER_PRESERVED,VALID_OWNER_PRESERVATION,DOC-04,DOC-04-H01,WP-03,RBWI-03,"CA-02,CA-07,CA-22",SPEC-014,ACC-014,fixtures/requirements/req-066-typed-artifact.yaml,"ORACLE-REQ-066-INTENT: semantic entailment holds for accepted interpretation and fails for mutation; verify fixture-specific expected fields and reject semantic mutation, not merely missing metadata",accepted_assertions=1/1; rejected_mutation=1/1; authority_violation=0,"evidence/requirements/req-066/{input,measurement,negative,checker,rollback}.json",GATE-REQ-066-INTENT,"REOPEN on source change, failed negative fixture, metric drift or owner reassignment",FINAL_R2_AUTHOR_SIDE_OWNER_LINEAGE_REBUILT / INDEPENDENT_SEMANTIC_REAUDIT_REQUIRED,TT-INDEPENDENT-NRTV-001
REQ-067,HG-KSEOS_實作前開發文檔包_必須涵蓋的設計規劃_設計原意_用戶需求_預期解決痛點_預期目標_功能表現_目的_定位_v2026.08.06-r1.md#COV-09/COV-09-NEED,COV-09-NEED,NEED,其他 AI 能從包中直接生成正確 TaskSpec/ImplementationPacket，而不猜欄位與依賴。,P0,F03-01,F15-02,PRE-04,PRE-05/PRE-06/PRE-30,PRESERVE_UPSTREAM_ITEM_WORDING_AND_ORACLE,NEG-REQ-067: alter the decisive meaning `其他 AI 能從包中直接生成正確 TaskSpec/ImplementationPacket，而不猜欄位與依賴。` while retaining valid shape; expect ERR-REQ-067-NEED-SEMANTIC and zero canonical mutation,F03-01,NONE_OWNER_PRESERVED,VALID_OWNER_PRESERVATION,DOC-04,DOC-04-H01,WP-03,RBWI-03,"CA-02,CA-07,CA-22",SPEC-014,ACC-014,fixtures/requirements/req-067-ai-taskspec-implementationpacket.yaml,"ORACLE-REQ-067-NEED: consumer returns deterministic ACK or field-specific NACK without consulting donor corpus; verify fixture-specific expected fields and reject semantic mutation, not merely missing metadata",required_field_recall=1.00; raw_volume_reads=0,"evidence/requirements/req-067/{input,measurement,negative,checker,rollback}.json",GATE-REQ-067-NEED,"REOPEN on source change, failed negative fixture, metric drift or owner reassignment",FINAL_R2_AUTHOR_SIDE_OWNER_LINEAGE_REBUILT / INDEPENDENT_SEMANTIC_REAUDIT_REQUIRED,TT-INDEPENDENT-NRTV-001
REQ-068,HG-KSEOS_實作前開發文檔包_必須涵蓋的設計規劃_設計原意_用戶需求_預期解決痛點_預期目標_功能表現_目的_定位_v2026.08.06-r1.md#COV-09/COV-09-PAIN,COV-09-PAIN,PAIN,文件存在即 PASS、ID/parent/owner 缺失、不同文件相同語句卻語義漂移、下游無法回找原意。,P0,F03-01,F15-02,PRE-04,PRE-05/PRE-06/PRE-30,PRESERVE_UPSTREAM_ITEM_WORDING_AND_ORACLE,NEG-REQ-068: alter the decisive meaning `文件存在即 PASS、ID/parent/owner 缺失、不同文件相同語句卻語義漂移、下游無法回找原意。` while retaining valid shape; expect ERR-REQ-068-PAIN-SEMANTIC and zero canonical mutation,F03-01,NONE_OWNER_PRESERVED,VALID_OWNER_PRESERVATION,DOC-04,DOC-04-H01,WP-03,RBWI-03,"CA-02,CA-07,CA-22",SPEC-014,ACC-014,fixtures/requirements/req-068-pass-id-parent-owner.yaml,"ORACLE-REQ-068-PAIN: typed detector identifies the named defect and blocks promotion without false acceptance; verify fixture-specific expected fields and reject semantic mutation, not merely missing metadata",named_failure_detected=1; canonical_mutations=0; false_accepts=0,"evidence/requirements/req-068/{input,measurement,negative,checker,rollback}.json",GATE-REQ-068-PAIN,"REOPEN on source change, failed negative fixture, metric drift or owner reassignment",FINAL_R2_AUTHOR_SIDE_OWNER_LINEAGE_REBUILT / INDEPENDENT_SEMANTIC_REAUDIT_REQUIRED,TT-INDEPENDENT-NRTV-001
REQ-069,HG-KSEOS_實作前開發文檔包_必須涵蓋的設計規劃_設計原意_用戶需求_預期解決痛點_預期目標_功能表現_目的_定位_v2026.08.06-r1.md#COV-09/COV-09-TARGET,COV-09-TARGET,TARGET,達成 requirement-to-release 100% trace、schema-valid、state-valid、version-compatible 與可重放。,P0,F03-01,F15-02,PRE-04,PRE-05/PRE-06/PRE-30,PRESERVE_UPSTREAM_ITEM_WORDING_AND_ORACLE,NEG-REQ-069: alter the decisive meaning `達成 requirement-to-release 100% trace、schema-valid、state-valid、version…` while retaining valid shape; expect ERR-REQ-069-TARGET-SEMANTIC and zero canonical mutation,F03-01,NONE_OWNER_PRESERVED,VALID_OWNER_PRESERVATION,DOC-04,DOC-04-H01,WP-03,RBWI-03,"CA-02,CA-07,CA-22",SPEC-014,ACC-014,fixtures/requirements/req-069-requirement-to-release-100-trace-sch.yaml,"ORACLE-REQ-069-TARGET: target metric, measurement method and counter-metric are all reported and thresholded; verify fixture-specific expected fields and reject semantic mutation, not merely missing metadata",measurement_fields=100%; target_met=true or BLOCKED; counter_metric_regression=0,"evidence/requirements/req-069/{input,measurement,negative,checker,rollback}.json",GATE-REQ-069-TARGET,"REOPEN on source change, failed negative fixture, metric drift or owner reassignment",FINAL_R2_AUTHOR_SIDE_OWNER_LINEAGE_REBUILT / INDEPENDENT_SEMANTIC_REAUDIT_REQUIRED,TT-INDEPENDENT-NRTV-001
REQ-070,HG-KSEOS_實作前開發文檔包_必須涵蓋的設計規劃_設計原意_用戶需求_預期解決痛點_預期目標_功能表現_目的_定位_v2026.08.06-r1.md#COV-09/COV-09-FUNCTION,COV-09-FUNCTION,FUNCTION,輸出 stable IDs、semantic hash、derives_from/satisfies/implements/verifies/supersedes/blocks edges、validators。,P0,F03-01,F15-02,PRE-04,PRE-05/PRE-06/PRE-30,PRESERVE_UPSTREAM_ITEM_WORDING_AND_ORACLE,NEG-REQ-070: alter the decisive meaning `輸出 stable IDs、semantic hash、derivesfrom/satisfies/implements/verifies…` while retaining valid shape; expect ERR-REQ-070-FUNCTION-SEMANTIC and zero canonical mutation,F03-01,NONE_OWNER_PRESERVED,VALID_OWNER_PRESERVATION,DOC-04,DOC-04-H01,WP-03,RBWI-03,"CA-02,CA-07,CA-22",SPEC-018,ACC-018,fixtures/requirements/req-070-stable-ids-semantic-hash-derivesfrom.yaml,"ORACLE-REQ-070-FUNCTION: positive produces typed output; negative/edge produce specified error or bounded degraded result; verify fixture-specific expected fields and reject semantic mutation, not merely missing metadata",positive_pass=1; negative_reject=1; edge_bounded=1,"evidence/requirements/req-070/{input,measurement,negative,checker,rollback}.json",GATE-REQ-070-FUNCTION,"REOPEN on source change, failed negative fixture, metric drift or owner reassignment",FINAL_R2_AUTHOR_SIDE_OWNER_LINEAGE_REBUILT / INDEPENDENT_SEMANTIC_REAUDIT_REQUIRED,TT-INDEPENDENT-NRTV-001
REQ-071,HG-KSEOS_實作前開發文檔包_必須涵蓋的設計規劃_設計原意_用戶需求_預期解決痛點_預期目標_功能表現_目的_定位_v2026.08.06-r1.md#COV-09/COV-09-PURPOSE,COV-09-PURPOSE,PURPOSE,把文件包從閱讀材料提升為施工與驗收的工程控制載體。,P0,F03-01,F15-02,PRE-04,PRE-05/PRE-06/PRE-30,PRESERVE_UPSTREAM_ITEM_WORDING_AND_ORACLE,NEG-REQ-071: alter the decisive meaning `把文件包從閱讀材料提升為施工與驗收的工程控制載體。` while retaining valid shape; expect ERR-REQ-071-PURPOSE-SEMANTIC and zero canonical mutation,F03-01,NONE_OWNER_PRESERVED,VALID_OWNER_PRESERVATION,DOC-04,DOC-04-H01,WP-03,RBWI-03,"CA-02,CA-07,CA-22",SPEC-014,ACC-014,fixtures/requirements/req-071-artifact.yaml,"ORACLE-REQ-071-PURPOSE: purpose chain is complete and no governance/tool detail replaces the core user outcome; verify fixture-specific expected fields and reject semantic mutation, not merely missing metadata",pain_to_mechanism_edges>=1; mechanism_to_evidence_edges>=1; purpose_orphans=0,"evidence/requirements/req-071/{input,measurement,negative,checker,rollback}.json",GATE-REQ-071-PURPOSE,"REOPEN on source change, failed negative fixture, metric drift or owner reassignment",FINAL_R2_AUTHOR_SIDE_OWNER_LINEAGE_REBUILT / INDEPENDENT_SEMANTIC_REAUDIT_REQUIRED,TT-INDEPENDENT-NRTV-001
REQ-072,HG-KSEOS_實作前開發文檔包_必須涵蓋的設計規劃_設計原意_用戶需求_預期解決痛點_預期目標_功能表現_目的_定位_v2026.08.06-r1.md#COV-09/COV-09-POSITION,COV-09-POSITION,POSITION,ProjectGraph 是 canonical artifacts 的關係投影，不是獨立真相圖譜。,P0,F03-01,F15-02,PRE-04,PRE-05/PRE-06/PRE-30,PRESERVE_UPSTREAM_ITEM_WORDING_AND_ORACLE,NEG-REQ-072: alter the decisive meaning `ProjectGraph 是 canonical artifacts 的關係投影，不是獨立真相圖譜。` while retaining valid shape; expect ERR-REQ-072-POSITION-SEMANTIC and zero canonical mutation,F03-01,NONE_OWNER_PRESERVED,VALID_OWNER_PRESERVATION,DOC-04,DOC-04-H01,WP-03,RBWI-03,"CA-02,CA-07,CA-22",SPEC-014,ACC-014,fixtures/requirements/req-072-projectgraph-canonical-artifacts.yaml,"ORACLE-REQ-072-POSITION: boundary checker rejects the substitution and preserves the canonical owner; verify fixture-specific expected fields and reject semantic mutation, not merely missing metadata",owner_substitution_rejected=1; foreign_writer_count=0; second_root_count=0,"evidence/requirements/req-072/{input,measurement,negative,checker,rollback}.json",GATE-REQ-072-POSITION,"REOPEN on source change, failed negative fixture, metric drift or owner reassignment",FINAL_R2_AUTHOR_SIDE_OWNER_LINEAGE_REBUILT / INDEPENDENT_SEMANTIC_REAUDIT_REQUIRED,TT-INDEPENDENT-NRTV-001
REQ-073,HG-KSEOS_實作前開發文檔包_必須涵蓋的設計規劃_設計原意_用戶需求_預期解決痛點_預期目標_功能表現_目的_定位_v2026.08.06-r1.md#COV-10/COV-10-PLAN,COV-10-PLAN,PLAN,為五 Branch 分別定義 input、stages、typed outputs、roles、providers、gates、handoff、degrade 與 cross-branch edges；禁止用單一通用 pipeline 壓平。,P0,F02-01,F15-02,PRE-03,PRE-05/PRE-10,PRESERVE_UPSTREAM_ITEM_WORDING_AND_ORACLE,NEG-REQ-073: alter the decisive meaning `為五 Branch 分別定義 input、stages、typed outputs、roles、providers、gates、hando…` while retaining valid shape; expect ERR-REQ-073-PLAN-SEMANTIC and zero canonical mutation,F02-01,NONE_OWNER_PRESERVED,VALID_OWNER_PRESERVATION,DOC-03,DOC-03-H01,WP-02,RBWI-02,"CA-04,CA-05,CA-06",SPEC-011,ACC-011,fixtures/requirements/req-073-branch-input-stages-typed-outputs-ro.yaml,"ORACLE-REQ-073-PLAN: required object set equals source-enumerated set; no extra product root; verify fixture-specific expected fields and reject semantic mutation, not merely missing metadata",coverage_ratio=1.00; prohibited_root_count=0,"evidence/requirements/req-073/{input,measurement,negative,checker,rollback}.json",GATE-REQ-073-PLAN,"REOPEN on source change, failed negative fixture, metric drift or owner reassignment",FINAL_R2_AUTHOR_SIDE_OWNER_LINEAGE_REBUILT / INDEPENDENT_SEMANTIC_REAUDIT_REQUIRED,TT-INDEPENDENT-NRTV-001
REQ-074,HG-KSEOS_實作前開發文檔包_必須涵蓋的設計規劃_設計原意_用戶需求_預期解決痛點_預期目標_功能表現_目的_定位_v2026.08.06-r1.md#COV-10/COV-10-INTENT,COV-10-INTENT,INTENT,一個平台不是一條線；多工廠共用 identity/trace/evidence，但每個工廠解決不同 Job。,P0,F02-01,F15-02,PRE-03,PRE-05/PRE-10,PRESERVE_UPSTREAM_ITEM_WORDING_AND_ORACLE,NEG-REQ-074: alter the decisive meaning `一個平台不是一條線；多工廠共用 identity/trace/evidence，但每個工廠解決不同 Job。` while retaining valid shape; expect ERR-REQ-074-INTENT-SEMANTIC and zero canonical mutation,F02-01,NONE_OWNER_PRESERVED,VALID_OWNER_PRESERVATION,DOC-03,DOC-03-H01,WP-02,RBWI-02,"CA-04,CA-05,CA-06",SPEC-009,ACC-009,fixtures/requirements/req-074-identity-trace-evidence-job.yaml,"ORACLE-REQ-074-INTENT: semantic entailment holds for accepted interpretation and fails for mutation; verify fixture-specific expected fields and reject semantic mutation, not merely missing metadata",accepted_assertions=1/1; rejected_mutation=1/1; authority_violation=0,"evidence/requirements/req-074/{input,measurement,negative,checker,rollback}.json",GATE-REQ-074-INTENT,"REOPEN on source change, failed negative fixture, metric drift or owner reassignment",FINAL_R2_AUTHOR_SIDE_OWNER_LINEAGE_REBUILT / INDEPENDENT_SEMANTIC_REAUDIT_REQUIRED,TT-INDEPENDENT-NRTV-001
REQ-075,HG-KSEOS_實作前開發文檔包_必須涵蓋的設計規劃_設計原意_用戶需求_預期解決痛點_預期目標_功能表現_目的_定位_v2026.08.06-r1.md#COV-10/COV-10-NEED,COV-10-NEED,NEED,使用者可從 corpus、需求、repo、failure 或 domain intent 進入正確 Branch，並獲得可預測輸出。,P0,F02-01,F15-02,PRE-03,PRE-05/PRE-10,PRESERVE_UPSTREAM_ITEM_WORDING_AND_ORACLE,NEG-REQ-075: alter the decisive meaning `使用者可從 corpus、需求、repo、failure 或 domain intent 進入正確 Branch，並獲得可預測輸出。` while retaining valid shape; expect ERR-REQ-075-NEED-SEMANTIC and zero canonical mutation,F02-01,NONE_OWNER_PRESERVED,VALID_OWNER_PRESERVATION,DOC-03,DOC-03-H01,WP-02,RBWI-02,"CA-04,CA-05,CA-06",SPEC-009,ACC-009,fixtures/requirements/req-075-corpus-repo-failure-domain-intent-br.yaml,"ORACLE-REQ-075-NEED: consumer returns deterministic ACK or field-specific NACK without consulting donor corpus; verify fixture-specific expected fields and reject semantic mutation, not merely missing metadata",required_field_recall=1.00; raw_volume_reads=0,"evidence/requirements/req-075/{input,measurement,negative,checker,rollback}.json",GATE-REQ-075-NEED,"REOPEN on source change, failed negative fixture, metric drift or owner reassignment",FINAL_R2_AUTHOR_SIDE_OWNER_LINEAGE_REBUILT / INDEPENDENT_SEMANTIC_REAUDIT_REQUIRED,TT-INDEPENDENT-NRTV-001
REQ-076,HG-KSEOS_實作前開發文檔包_必須涵蓋的設計規劃_設計原意_用戶需求_預期解決痛點_預期目標_功能表現_目的_定位_v2026.08.06-r1.md#COV-10/COV-10-PAIN,COV-10-PAIN,PAIN,三工廠/五 Branch 被工具或 board card 混成同一路徑；Branch 之間 artifact/type/state 混位。,P0,F02-01,F15-02,PRE-03,PRE-05/PRE-10,PRESERVE_UPSTREAM_ITEM_WORDING_AND_ORACLE,NEG-REQ-076: alter the decisive meaning `三工廠/五 Branch 被工具或 board card 混成同一路徑；Branch 之間 artifact/type/state 混位。` while retaining valid shape; expect ERR-REQ-076-PAIN-SEMANTIC and zero canonical mutation,F02-01,NONE_OWNER_PRESERVED,VALID_OWNER_PRESERVATION,DOC-03,DOC-03-H01,WP-02,RBWI-02,"CA-04,CA-05,CA-06",SPEC-009,ACC-009,fixtures/requirements/req-076-branch-board-card-branch-artifact-ty.yaml,"ORACLE-REQ-076-PAIN: typed detector identifies the named defect and blocks promotion without false acceptance; verify fixture-specific expected fields and reject semantic mutation, not merely missing metadata",named_failure_detected=1; canonical_mutations=0; false_accepts=0,"evidence/requirements/req-076/{input,measurement,negative,checker,rollback}.json",GATE-REQ-076-PAIN,"REOPEN on source change, failed negative fixture, metric drift or owner reassignment",FINAL_R2_AUTHOR_SIDE_OWNER_LINEAGE_REBUILT / INDEPENDENT_SEMANTIC_REAUDIT_REQUIRED,TT-INDEPENDENT-NRTV-001
REQ-077,HG-KSEOS_實作前開發文檔包_必須涵蓋的設計規劃_設計原意_用戶需求_預期解決痛點_預期目標_功能表現_目的_定位_v2026.08.06-r1.md#COV-10/COV-10-TARGET,COV-10-TARGET,TARGET,形成四個可重跑閉環：knowledge compilation、engineering definition、execution assurance、evolution promotion。,P0,F02-01,F15-02,PRE-03,PRE-05/PRE-10,PRESERVE_UPSTREAM_ITEM_WORDING_AND_ORACLE,NEG-REQ-077: alter the decisive meaning `形成四個可重跑閉環：knowledge compilation、engineering definition、execution assu…` while retaining valid shape; expect ERR-REQ-077-TARGET-SEMANTIC and zero canonical mutation,F02-01,NONE_OWNER_PRESERVED,VALID_OWNER_PRESERVATION,DOC-03,DOC-03-H01,WP-02,RBWI-02,"CA-04,CA-05,CA-06",SPEC-009,ACC-009,fixtures/requirements/req-077-knowledge-compilation-engineering-de.yaml,"ORACLE-REQ-077-TARGET: target metric, measurement method and counter-metric are all reported and thresholded; verify fixture-specific expected fields and reject semantic mutation, not merely missing metadata",measurement_fields=100%; target_met=true or BLOCKED; counter_metric_regression=0,"evidence/requirements/req-077/{input,measurement,negative,checker,rollback}.json",GATE-REQ-077-TARGET,"REOPEN on source change, failed negative fixture, metric drift or owner reassignment",FINAL_R2_AUTHOR_SIDE_OWNER_LINEAGE_REBUILT / INDEPENDENT_SEMANTIC_REAUDIT_REQUIRED,TT-INDEPENDENT-NRTV-001
REQ-078,HG-KSEOS_實作前開發文檔包_必須涵蓋的設計規劃_設計原意_用戶需求_預期解決痛點_預期目標_功能表現_目的_定位_v2026.08.06-r1.md#COV-10/COV-10-FUNCTION,COV-10-FUNCTION,FUNCTION,每 Branch 有專屬 state machine、queue/board projection、artifact contracts、gate/oracle 與 handoff。,P0,F02-01,F15-02,PRE-03,PRE-05/PRE-10,PRESERVE_UPSTREAM_ITEM_WORDING_AND_ORACLE,NEG-REQ-078: alter the decisive meaning `每 Branch 有專屬 state machine、queue/board projection、artifact contracts、…` while retaining valid shape; expect ERR-REQ-078-FUNCTION-SEMANTIC and zero canonical mutation,F02-01,NONE_OWNER_PRESERVED,VALID_OWNER_PRESERVATION,DOC-03,DOC-03-H05,WP-02,RBWI-02,"CA-04,CA-05,CA-06",SPEC-010,ACC-010,fixtures/requirements/req-078-branch-state-machine-queue-board-pro.yaml,"ORACLE-REQ-078-FUNCTION: positive produces typed output; negative/edge produce specified error or bounded degraded result; verify fixture-specific expected fields and reject semantic mutation, not merely missing metadata",positive_pass=1; negative_reject=1; edge_bounded=1,"evidence/requirements/req-078/{input,measurement,negative,checker,rollback}.json",GATE-REQ-078-FUNCTION,"REOPEN on source change, failed negative fixture, metric drift or owner reassignment",FINAL_R2_AUTHOR_SIDE_OWNER_LINEAGE_REBUILT / INDEPENDENT_SEMANTIC_REAUDIT_REQUIRED,TT-INDEPENDENT-NRTV-001
REQ-079,HG-KSEOS_實作前開發文檔包_必須涵蓋的設計規劃_設計原意_用戶需求_預期解決痛點_預期目標_功能表現_目的_定位_v2026.08.06-r1.md#COV-10/COV-10-PURPOSE,COV-10-PURPOSE,PURPOSE,維持產品完整度又避免重複實作相同治理、trace、evidence 基礎。,P0,F02-01,F15-02,PRE-03,PRE-05/PRE-10,PRESERVE_UPSTREAM_ITEM_WORDING_AND_ORACLE,NEG-REQ-079: alter the decisive meaning `維持產品完整度又避免重複實作相同治理、trace、evidence 基礎。` while retaining valid shape; expect ERR-REQ-079-PURPOSE-SEMANTIC and zero canonical mutation,F02-01,NONE_OWNER_PRESERVED,VALID_OWNER_PRESERVATION,DOC-03,DOC-03-H01,WP-02,RBWI-02,"CA-04,CA-05,CA-06",SPEC-009,ACC-009,fixtures/requirements/req-079-trace-evidence.yaml,"ORACLE-REQ-079-PURPOSE: purpose chain is complete and no governance/tool detail replaces the core user outcome; verify fixture-specific expected fields and reject semantic mutation, not merely missing metadata",pain_to_mechanism_edges>=1; mechanism_to_evidence_edges>=1; purpose_orphans=0,"evidence/requirements/req-079/{input,measurement,negative,checker,rollback}.json",GATE-REQ-079-PURPOSE,"REOPEN on source change, failed negative fixture, metric drift or owner reassignment",FINAL_R2_AUTHOR_SIDE_OWNER_LINEAGE_REBUILT / INDEPENDENT_SEMANTIC_REAUDIT_REQUIRED,TT-INDEPENDENT-NRTV-001
REQ-080,HG-KSEOS_實作前開發文檔包_必須涵蓋的設計規劃_設計原意_用戶需求_預期解決痛點_預期目標_功能表現_目的_定位_v2026.08.06-r1.md#COV-10/COV-10-POSITION,COV-10-POSITION,POSITION,Branch 是產品工作流；Profile/Agent 是執行身份；Provider 是能力綁定，三者不可互換。,P0,F02-01,F15-02,PRE-03,PRE-05/PRE-10,PRESERVE_UPSTREAM_ITEM_WORDING_AND_ORACLE,NEG-REQ-080: alter the decisive meaning `Branch 是產品工作流；Profile/Agent 是執行身份；Provider 是能力綁定，三者不可互換。` while retaining valid shape; expect ERR-REQ-080-POSITION-SEMANTIC and zero canonical mutation,F02-01,NONE_OWNER_PRESERVED,VALID_OWNER_PRESERVATION,DOC-03,DOC-03-H01,WP-02,RBWI-02,"CA-04,CA-05,CA-06",SPEC-009,ACC-009,fixtures/requirements/req-080-branch-profile-agent-provider.yaml,"ORACLE-REQ-080-POSITION: boundary checker rejects the substitution and preserves the canonical owner; verify fixture-specific expected fields and reject semantic mutation, not merely missing metadata",owner_substitution_rejected=1; foreign_writer_count=0; second_root_count=0,"evidence/requirements/req-080/{input,measurement,negative,checker,rollback}.json",GATE-REQ-080-POSITION,"REOPEN on source change, failed negative fixture, metric drift or owner reassignment",FINAL_R2_AUTHOR_SIDE_OWNER_LINEAGE_REBUILT / INDEPENDENT_SEMANTIC_REAUDIT_REQUIRED,TT-INDEPENDENT-NRTV-001
REQ-081,HG-KSEOS_實作前開發文檔包_必須涵蓋的設計規劃_設計原意_用戶需求_預期解決痛點_預期目標_功能表現_目的_定位_v2026.08.06-r1.md#COV-11/COV-11-PLAN,COV-11-PLAN,PLAN,定義 K00～K16、source inventory/hash/sanitize/unitize/capsule/conflict/compile/verify/promotion，DocETL 只作受控 ETL，AIKD/LLM Wiki 只產 candidate。,LATER,F04-01,F15-02,PRE-09,PRE-10/PRE-20,PRESERVE_UPSTREAM_ITEM_WORDING_AND_ORACLE,NEG-REQ-081: alter the decisive meaning `定義 K00～K16、source inventory/hash/sanitize/unitize/capsule/conflict/co…` while retaining valid shape; expect ERR-REQ-081-PLAN-SEMANTIC and zero canonical mutation,F04-01,NONE_OWNER_PRESERVED,VALID_OWNER_PRESERVATION,DOC-02,DOC-02-H08,WP-01,RBWI-01,"CA-03,CA-20,CA-25,CA-27",SPEC-006,ACC-006,fixtures/requirements/req-081-k00-k16-source-inventory-hash-saniti.yaml,"ORACLE-REQ-081-PLAN: required object set equals source-enumerated set; no extra product root; verify fixture-specific expected fields and reject semantic mutation, not merely missing metadata",coverage_ratio=1.00; prohibited_root_count=0,"evidence/requirements/req-081/{input,measurement,negative,checker,rollback}.json",GATE-REQ-081-PLAN,"REOPEN on source change, failed negative fixture, metric drift or owner reassignment",FINAL_R2_AUTHOR_SIDE_OWNER_LINEAGE_REBUILT / INDEPENDENT_SEMANTIC_REAUDIT_REQUIRED,TT-INDEPENDENT-NRTV-001
REQ-082,HG-KSEOS_實作前開發文檔包_必須涵蓋的設計規劃_設計原意_用戶需求_預期解決痛點_預期目標_功能表現_目的_定位_v2026.08.06-r1.md#COV-11/COV-11-INTENT,COV-11-INTENT,INTENT,知識必須保留來源、脈絡、衝突、變更與可讀正文；不是把所有來源塞進 RAG。,LATER,F04-01,F15-02,PRE-09,PRE-10/PRE-20,PRESERVE_UPSTREAM_ITEM_WORDING_AND_ORACLE,NEG-REQ-082: alter the decisive meaning `知識必須保留來源、脈絡、衝突、變更與可讀正文；不是把所有來源塞進 RAG。` while retaining valid shape; expect ERR-REQ-082-INTENT-SEMANTIC and zero canonical mutation,F04-01,NONE_OWNER_PRESERVED,VALID_OWNER_PRESERVATION,DOC-02,DOC-02-H01,WP-01,RBWI-01,"CA-03,CA-20,CA-25,CA-27",SPEC-007,ACC-007,fixtures/requirements/req-082-rag.yaml,"ORACLE-REQ-082-INTENT: semantic entailment holds for accepted interpretation and fails for mutation; verify fixture-specific expected fields and reject semantic mutation, not merely missing metadata",accepted_assertions=1/1; rejected_mutation=1/1; authority_violation=0,"evidence/requirements/req-082/{input,measurement,negative,checker,rollback}.json",GATE-REQ-082-INTENT,"REOPEN on source change, failed negative fixture, metric drift or owner reassignment",FINAL_R2_AUTHOR_SIDE_OWNER_LINEAGE_REBUILT / INDEPENDENT_SEMANTIC_REAUDIT_REQUIRED,TT-INDEPENDENT-NRTV-001
REQ-083,HG-KSEOS_實作前開發文檔包_必須涵蓋的設計規劃_設計原意_用戶需求_預期解決痛點_預期目標_功能表現_目的_定位_v2026.08.06-r1.md#COV-11/COV-11-NEED,COV-11-NEED,NEED,使用者與其他 AI 可直接讀新包/知識頁，不必回到 raw volumes，且每個 claim 可回源。,LATER,F04-01,F15-02,PRE-09,PRE-10/PRE-20,PRESERVE_UPSTREAM_ITEM_WORDING_AND_ORACLE,NEG-REQ-083: alter the decisive meaning `使用者與其他 AI 可直接讀新包/知識頁，不必回到 raw volumes，且每個 claim 可回源。` while retaining valid shape; expect ERR-REQ-083-NEED-SEMANTIC and zero canonical mutation,F04-01,NONE_OWNER_PRESERVED,VALID_OWNER_PRESERVATION,DOC-02,DOC-02-H01,WP-01,RBWI-01,"CA-03,CA-20,CA-25,CA-27",SPEC-005,ACC-005,fixtures/requirements/req-083-ai-raw-volumes-claim.yaml,"ORACLE-REQ-083-NEED: consumer returns deterministic ACK or field-specific NACK without consulting donor corpus; verify fixture-specific expected fields and reject semantic mutation, not merely missing metadata",required_field_recall=1.00; raw_volume_reads=0,"evidence/requirements/req-083/{input,measurement,negative,checker,rollback}.json",GATE-REQ-083-NEED,"REOPEN on source change, failed negative fixture, metric drift or owner reassignment",FINAL_R2_AUTHOR_SIDE_OWNER_LINEAGE_REBUILT / INDEPENDENT_SEMANTIC_REAUDIT_REQUIRED,TT-INDEPENDENT-NRTV-001
REQ-084,HG-KSEOS_實作前開發文檔包_必須涵蓋的設計規劃_設計原意_用戶需求_預期解決痛點_預期目標_功能表現_目的_定位_v2026.08.06-r1.md#COV-11/COV-11-PAIN,COV-11-PAIN,PAIN,raw stuffing、chunk-only retrieval、模型合併矛盾來源、candidate 直接 publish、No-Return-to-Vol 失敗。,LATER,F04-01,F15-02,PRE-09,PRE-10/PRE-20,PRESERVE_UPSTREAM_ITEM_WORDING_AND_ORACLE,NEG-REQ-084: alter the decisive meaning `raw stuffing、chunk-only retrieval、模型合併矛盾來源、candidate 直接 publish、No-Re…` while retaining valid shape; expect ERR-REQ-084-PAIN-SEMANTIC and zero canonical mutation,F04-01,NONE_OWNER_PRESERVED,VALID_OWNER_PRESERVATION,DOC-02,DOC-02-H01,WP-01,RBWI-01,"CA-03,CA-20,CA-25,CA-27",SPEC-008,ACC-008,fixtures/requirements/req-084-raw-stuffing-chunk-only-retrieval-ca.yaml,"ORACLE-REQ-084-PAIN: typed detector identifies the named defect and blocks promotion without false acceptance; verify fixture-specific expected fields and reject semantic mutation, not merely missing metadata",named_failure_detected=1; canonical_mutations=0; false_accepts=0,"evidence/requirements/req-084/{input,measurement,negative,checker,rollback}.json",GATE-REQ-084-PAIN,"REOPEN on source change, failed negative fixture, metric drift or owner reassignment",FINAL_R2_AUTHOR_SIDE_OWNER_LINEAGE_REBUILT / INDEPENDENT_SEMANTIC_REAUDIT_REQUIRED,TT-INDEPENDENT-NRTV-001
REQ-085,HG-KSEOS_實作前開發文檔包_必須涵蓋的設計規劃_設計原意_用戶需求_預期解決痛點_預期目標_功能表現_目的_定位_v2026.08.06-r1.md#COV-11/COV-11-TARGET,COV-11-TARGET,TARGET,建立 SourceCapsule→Candidate Wiki/Skill/Graph/TT→independent verification→Human promotion 的可證流水線。,LATER,F04-01,F15-02,PRE-09,PRE-10/PRE-20,PRESERVE_UPSTREAM_ITEM_WORDING_AND_ORACLE,NEG-REQ-085: alter the decisive meaning `建立 SourceCapsule→Candidate Wiki/Skill/Graph/TT→independent verificati…` while retaining valid shape; expect ERR-REQ-085-TARGET-SEMANTIC and zero canonical mutation,F04-01,NONE_OWNER_PRESERVED,VALID_OWNER_PRESERVATION,DOC-02,DOC-02-H01,WP-01,RBWI-01,"CA-03,CA-20,CA-25,CA-27",SPEC-005,ACC-005,fixtures/requirements/req-085-sourcecapsule-candidate-wiki-skill-g.yaml,"ORACLE-REQ-085-TARGET: target metric, measurement method and counter-metric are all reported and thresholded; verify fixture-specific expected fields and reject semantic mutation, not merely missing metadata",measurement_fields=100%; target_met=true or BLOCKED; counter_metric_regression=0,"evidence/requirements/req-085/{input,measurement,negative,checker,rollback}.json",GATE-REQ-085-TARGET,"REOPEN on source change, failed negative fixture, metric drift or owner reassignment",FINAL_R2_AUTHOR_SIDE_OWNER_LINEAGE_REBUILT / INDEPENDENT_SEMANTIC_REAUDIT_REQUIRED,TT-INDEPENDENT-NRTV-001
REQ-086,HG-KSEOS_實作前開發文檔包_必須涵蓋的設計規劃_設計原意_用戶需求_預期解決痛點_預期目標_功能表現_目的_定位_v2026.08.06-r1.md#COV-11/COV-11-FUNCTION,COV-11-FUNCTION,FUNCTION,提供 provenance、citation、coverage/conflict、supersession/tombstone、rebuild、NRTV 與 abstention。,LATER,F04-01,F15-02,PRE-09,PRE-10/PRE-20,PRESERVE_UPSTREAM_ITEM_WORDING_AND_ORACLE,NEG-REQ-086: alter the decisive meaning `提供 provenance、citation、coverage/conflict、supersession/tombstone、rebui…` while retaining valid shape; expect ERR-REQ-086-FUNCTION-SEMANTIC and zero canonical mutation,F04-01,NONE_OWNER_PRESERVED,VALID_OWNER_PRESERVATION,DOC-02,DOC-02-H01,WP-01,RBWI-01,"CA-03,CA-20,CA-25,CA-27",SPEC-005,ACC-005,fixtures/requirements/req-086-provenance-citation-coverage-conflic.yaml,"ORACLE-REQ-086-FUNCTION: positive produces typed output; negative/edge produce specified error or bounded degraded result; verify fixture-specific expected fields and reject semantic mutation, not merely missing metadata",positive_pass=1; negative_reject=1; edge_bounded=1,"evidence/requirements/req-086/{input,measurement,negative,checker,rollback}.json",GATE-REQ-086-FUNCTION,"REOPEN on source change, failed negative fixture, metric drift or owner reassignment",FINAL_R2_AUTHOR_SIDE_OWNER_LINEAGE_REBUILT / INDEPENDENT_SEMANTIC_REAUDIT_REQUIRED,TT-INDEPENDENT-NRTV-001
REQ-087,HG-KSEOS_實作前開發文檔包_必須涵蓋的設計規劃_設計原意_用戶需求_預期解決痛點_預期目標_功能表現_目的_定位_v2026.08.06-r1.md#COV-11/COV-11-PURPOSE,COV-11-PURPOSE,PURPOSE,支撐 HG-KSEOS 的知識分支與全部下游 engineering context。,LATER,F04-01,F15-02,PRE-09,PRE-10/PRE-20,PRESERVE_UPSTREAM_ITEM_WORDING_AND_ORACLE,NEG-REQ-087: alter the decisive meaning `支撐 HG-KSEOS 的知識分支與全部下游 engineering context。` while retaining valid shape; expect ERR-REQ-087-PURPOSE-SEMANTIC and zero canonical mutation,F04-01,NONE_OWNER_PRESERVED,VALID_OWNER_PRESERVATION,DOC-02,DOC-02-H01,WP-01,RBWI-01,"CA-03,CA-20,CA-25,CA-27",SPEC-005,ACC-005,fixtures/requirements/req-087-hg-kseos-engineering-context.yaml,"ORACLE-REQ-087-PURPOSE: purpose chain is complete and no governance/tool detail replaces the core user outcome; verify fixture-specific expected fields and reject semantic mutation, not merely missing metadata",pain_to_mechanism_edges>=1; mechanism_to_evidence_edges>=1; purpose_orphans=0,"evidence/requirements/req-087/{input,measurement,negative,checker,rollback}.json",GATE-REQ-087-PURPOSE,"REOPEN on source change, failed negative fixture, metric drift or owner reassignment",FINAL_R2_AUTHOR_SIDE_OWNER_LINEAGE_REBUILT / INDEPENDENT_SEMANTIC_REAUDIT_REQUIRED,TT-INDEPENDENT-NRTV-001
REQ-088,HG-KSEOS_實作前開發文檔包_必須涵蓋的設計規劃_設計原意_用戶需求_預期解決痛點_預期目標_功能表現_目的_定位_v2026.08.06-r1.md#COV-11/COV-11-POSITION,COV-11-POSITION,POSITION,Git Markdown/Source Ledger 是 canonical knowledge；DocETL/LLM Wiki/RAG/KG 是編譯、檢索或 derived views。,LATER,F04-01,F15-02,PRE-09,PRE-10/PRE-20,PRESERVE_UPSTREAM_ITEM_WORDING_AND_ORACLE,NEG-REQ-088: alter the decisive meaning `Git Markdown/Source Ledger 是 canonical knowledge；DocETL/LLM Wiki/RAG/…` while retaining valid shape; expect ERR-REQ-088-POSITION-SEMANTIC and zero canonical mutation,F04-01,NONE_OWNER_PRESERVED,VALID_OWNER_PRESERVATION,DOC-02,DOC-02-H04,WP-01,RBWI-01,"CA-03,CA-20,CA-25,CA-27",SPEC-005,ACC-005,fixtures/requirements/req-088-git-markdown-source-ledger-canonical.yaml,"ORACLE-REQ-088-POSITION: boundary checker rejects the substitution and preserves the canonical owner; verify fixture-specific expected fields and reject semantic mutation, not merely missing metadata",owner_substitution_rejected=1; foreign_writer_count=0; second_root_count=0,"evidence/requirements/req-088/{input,measurement,negative,checker,rollback}.json",GATE-REQ-088-POSITION,"REOPEN on source change, failed negative fixture, metric drift or owner reassignment",FINAL_R2_AUTHOR_SIDE_OWNER_LINEAGE_REBUILT / INDEPENDENT_SEMANTIC_REAUDIT_REQUIRED,TT-INDEPENDENT-NRTV-001
REQ-089,HG-KSEOS_實作前開發文檔包_必須涵蓋的設計規劃_設計原意_用戶需求_預期解決痛點_預期目標_功能表現_目的_定位_v2026.08.06-r1.md#COV-12/COV-12-PLAN,COV-12-PLAN,PLAN,採 Intent→ontology→PRD/SRS→SDD/ADR→TaskSpec/Test/Security→ImplementationPacket freeze；OpenSpec XOR Spec Kit 依 profile 綁定，輸出映射 first-party schema。,P0,F01-01,F15-02,PRE-01,PRE-04/PRE-11/PRE-22/PRE-30,PRESERVE_UPSTREAM_ITEM_WORDING_AND_ORACLE,NEG-REQ-089: alter the decisive meaning `採 Intent→ontology→PRD/SRS→SDD/ADR→TaskSpec/Test/Security→Implementati…` while retaining valid shape; expect ERR-REQ-089-PLAN-SEMANTIC and zero canonical mutation,F01-01,NONE_OWNER_PRESERVED,VALID_OWNER_PRESERVATION,DOC-01,DOC-01-H06,WP-00,RBWI-00,"CA-01,CA-02,CA-05,CA-27,CA-30",SPEC-002,ACC-002,fixtures/requirements/req-089-intent-ontology-prd-srs-sdd-adr-task.yaml,"ORACLE-REQ-089-PLAN: required object set equals source-enumerated set; no extra product root; verify fixture-specific expected fields and reject semantic mutation, not merely missing metadata",coverage_ratio=1.00; prohibited_root_count=0,"evidence/requirements/req-089/{input,measurement,negative,checker,rollback}.json",GATE-REQ-089-PLAN,"REOPEN on source change, failed negative fixture, metric drift or owner reassignment",FINAL_R2_AUTHOR_SIDE_OWNER_LINEAGE_REBUILT / INDEPENDENT_SEMANTIC_REAUDIT_REQUIRED,TT-INDEPENDENT-NRTV-001
REQ-090,HG-KSEOS_實作前開發文檔包_必須涵蓋的設計規劃_設計原意_用戶需求_預期解決痛點_預期目標_功能表現_目的_定位_v2026.08.06-r1.md#COV-12/COV-12-INTENT,COV-12-INTENT,INTENT,先定義問題、邊界、契約與驗收，再允許 coding；方法論可借用但 canonical artifact 必須 HG-KSEOS-native。,P0,F01-01,F15-02,PRE-01,PRE-04/PRE-11/PRE-22/PRE-30,PRESERVE_UPSTREAM_ITEM_WORDING_AND_ORACLE,NEG-REQ-090: alter the decisive meaning `先定義問題、邊界、契約與驗收，再允許 coding；方法論可借用但 canonical artifact 必須 HG-KSEOS-nati…` while retaining valid shape; expect ERR-REQ-090-INTENT-SEMANTIC and zero canonical mutation,F01-01,NONE_OWNER_PRESERVED,VALID_OWNER_PRESERVATION,DOC-01,DOC-01-H01,WP-00,RBWI-00,"CA-01,CA-02,CA-05,CA-27,CA-30",SPEC-002,ACC-002,fixtures/requirements/req-090-coding-canonical-artifact-hg-kseos-n.yaml,"ORACLE-REQ-090-INTENT: semantic entailment holds for accepted interpretation and fails for mutation; verify fixture-specific expected fields and reject semantic mutation, not merely missing metadata",accepted_assertions=1/1; rejected_mutation=1/1; authority_violation=0,"evidence/requirements/req-090/{input,measurement,negative,checker,rollback}.json",GATE-REQ-090-INTENT,"REOPEN on source change, failed negative fixture, metric drift or owner reassignment",FINAL_R2_AUTHOR_SIDE_OWNER_LINEAGE_REBUILT / INDEPENDENT_SEMANTIC_REAUDIT_REQUIRED,TT-INDEPENDENT-NRTV-001
REQ-091,HG-KSEOS_實作前開發文檔包_必須涵蓋的設計規劃_設計原意_用戶需求_預期解決痛點_預期目標_功能表現_目的_定位_v2026.08.06-r1.md#COV-12/COV-12-NEED,COV-12-NEED,NEED,其他 AI/工程師收到 frozen packet 即可施工，不需重新解讀產品文件或自行補需求。,P0,F01-01,F15-02,PRE-01,PRE-04/PRE-11/PRE-22/PRE-30,PRESERVE_UPSTREAM_ITEM_WORDING_AND_ORACLE,NEG-REQ-091: alter the decisive meaning `其他 AI/工程師收到 frozen packet 即可施工，不需重新解讀產品文件或自行補需求。` while retaining valid shape; expect ERR-REQ-091-NEED-SEMANTIC and zero canonical mutation,F01-01,NONE_OWNER_PRESERVED,VALID_OWNER_PRESERVATION,DOC-01,DOC-01-H01,WP-00,RBWI-00,"CA-01,CA-02,CA-05,CA-27,CA-30",SPEC-001,ACC-001,fixtures/requirements/req-091-ai-frozen-packet.yaml,"ORACLE-REQ-091-NEED: consumer returns deterministic ACK or field-specific NACK without consulting donor corpus; verify fixture-specific expected fields and reject semantic mutation, not merely missing metadata",required_field_recall=1.00; raw_volume_reads=0,"evidence/requirements/req-091/{input,measurement,negative,checker,rollback}.json",GATE-REQ-091-NEED,"REOPEN on source change, failed negative fixture, metric drift or owner reassignment",FINAL_R2_AUTHOR_SIDE_OWNER_LINEAGE_REBUILT / INDEPENDENT_SEMANTIC_REAUDIT_REQUIRED,TT-INDEPENDENT-NRTV-001
REQ-092,HG-KSEOS_實作前開發文檔包_必須涵蓋的設計規劃_設計原意_用戶需求_預期解決痛點_預期目標_功能表現_目的_定位_v2026.08.06-r1.md#COV-12/COV-12-PAIN,COV-12-PAIN,PAIN,feature list 當 PRD、ADR 無 alternatives/reversal、TaskSpec 無 test/rollback、repo context 假設、spec adapter 平行 SSOT。,P0,F01-01,F15-02,PRE-01,PRE-04/PRE-11/PRE-22/PRE-30,PRESERVE_UPSTREAM_ITEM_WORDING_AND_ORACLE,NEG-REQ-092: alter the decisive meaning `feature list 當 PRD、ADR 無 alternatives/reversal、TaskSpec 無 test/rollba…` while retaining valid shape; expect ERR-REQ-092-PAIN-SEMANTIC and zero canonical mutation,F01-01,NONE_OWNER_PRESERVED,VALID_OWNER_PRESERVATION,DOC-01,DOC-01-H01,WP-00,RBWI-00,"CA-01,CA-02,CA-05,CA-27,CA-30",SPEC-002,ACC-002,fixtures/requirements/req-092-feature-list-prd-adr-alternatives-re.yaml,"ORACLE-REQ-092-PAIN: typed detector identifies the named defect and blocks promotion without false acceptance; verify fixture-specific expected fields and reject semantic mutation, not merely missing metadata",named_failure_detected=1; canonical_mutations=0; false_accepts=0,"evidence/requirements/req-092/{input,measurement,negative,checker,rollback}.json",GATE-REQ-092-PAIN,"REOPEN on source change, failed negative fixture, metric drift or owner reassignment",FINAL_R2_AUTHOR_SIDE_OWNER_LINEAGE_REBUILT / INDEPENDENT_SEMANTIC_REAUDIT_REQUIRED,TT-INDEPENDENT-NRTV-001
REQ-093,HG-KSEOS_實作前開發文檔包_必須涵蓋的設計規劃_設計原意_用戶需求_預期解決痛點_預期目標_功能表現_目的_定位_v2026.08.06-r1.md#COV-12/COV-12-TARGET,COV-12-TARGET,TARGET,產出完整、可驗收、可版本化且可 route-out 的 ImplementationPacket。,P0,F01-01,F15-02,PRE-01,PRE-04/PRE-11/PRE-22/PRE-30,PRESERVE_UPSTREAM_ITEM_WORDING_AND_ORACLE,NEG-REQ-093: alter the decisive meaning `產出完整、可驗收、可版本化且可 route-out 的 ImplementationPacket。` while retaining valid shape; expect ERR-REQ-093-TARGET-SEMANTIC and zero canonical mutation,F01-01,NONE_OWNER_PRESERVED,VALID_OWNER_PRESERVATION,DOC-01,DOC-01-H01,WP-00,RBWI-00,"CA-01,CA-02,CA-05,CA-27,CA-30",SPEC-001,ACC-001,fixtures/requirements/req-093-route-out-implementationpacket.yaml,"ORACLE-REQ-093-TARGET: target metric, measurement method and counter-metric are all reported and thresholded; verify fixture-specific expected fields and reject semantic mutation, not merely missing metadata",measurement_fields=100%; target_met=true or BLOCKED; counter_metric_regression=0,"evidence/requirements/req-093/{input,measurement,negative,checker,rollback}.json",GATE-REQ-093-TARGET,"REOPEN on source change, failed negative fixture, metric drift or owner reassignment",FINAL_R2_AUTHOR_SIDE_OWNER_LINEAGE_REBUILT / INDEPENDENT_SEMANTIC_REAUDIT_REQUIRED,TT-INDEPENDENT-NRTV-001
REQ-094,HG-KSEOS_實作前開發文檔包_必須涵蓋的設計規劃_設計原意_用戶需求_預期解決痛點_預期目標_功能表現_目的_定位_v2026.08.06-r1.md#COV-12/COV-12-FUNCTION,COV-12-FUNCTION,FUNCTION,提供 Grill Me/Grill-with-docs、Product Ontology、requirement graph、spec compiler、freeze gate 與 repo-context request。,P0,F01-01,F15-02,PRE-01,PRE-04/PRE-11/PRE-22/PRE-30,PRESERVE_UPSTREAM_ITEM_WORDING_AND_ORACLE,NEG-REQ-094: alter the decisive meaning `提供 Grill Me/Grill-with-docs、Product Ontology、requirement graph、spec c…` while retaining valid shape; expect ERR-REQ-094-FUNCTION-SEMANTIC and zero canonical mutation,F01-01,NONE_OWNER_PRESERVED,VALID_OWNER_PRESERVATION,DOC-01,DOC-01-H06,WP-00,RBWI-00,"CA-01,CA-02,CA-05,CA-27,CA-30",SPEC-001,ACC-001,fixtures/requirements/req-094-grill-me-grill-with-docs-product-ont.yaml,"ORACLE-REQ-094-FUNCTION: positive produces typed output; negative/edge produce specified error or bounded degraded result; verify fixture-specific expected fields and reject semantic mutation, not merely missing metadata",positive_pass=1; negative_reject=1; edge_bounded=1,"evidence/requirements/req-094/{input,measurement,negative,checker,rollback}.json",GATE-REQ-094-FUNCTION,"REOPEN on source change, failed negative fixture, metric drift or owner reassignment",FINAL_R2_AUTHOR_SIDE_OWNER_LINEAGE_REBUILT / INDEPENDENT_SEMANTIC_REAUDIT_REQUIRED,TT-INDEPENDENT-NRTV-001
REQ-095,HG-KSEOS_實作前開發文檔包_必須涵蓋的設計規劃_設計原意_用戶需求_預期解決痛點_預期目標_功能表現_目的_定位_v2026.08.06-r1.md#COV-12/COV-12-PURPOSE,COV-12-PURPOSE,PURPOSE,作為知識與程式之間的工程定義橋樑。,P0,F01-01,F15-02,PRE-01,PRE-04/PRE-11/PRE-22/PRE-30,PRESERVE_UPSTREAM_ITEM_WORDING_AND_ORACLE,NEG-REQ-095: alter the decisive meaning `作為知識與程式之間的工程定義橋樑。` while retaining valid shape; expect ERR-REQ-095-PURPOSE-SEMANTIC and zero canonical mutation,F01-01,NONE_OWNER_PRESERVED,VALID_OWNER_PRESERVATION,DOC-01,DOC-01-H01,WP-00,RBWI-00,"CA-01,CA-02,CA-05,CA-27,CA-30",SPEC-001,ACC-001,fixtures/requirements/req-095-artifact.yaml,"ORACLE-REQ-095-PURPOSE: purpose chain is complete and no governance/tool detail replaces the core user outcome; verify fixture-specific expected fields and reject semantic mutation, not merely missing metadata",pain_to_mechanism_edges>=1; mechanism_to_evidence_edges>=1; purpose_orphans=0,"evidence/requirements/req-095/{input,measurement,negative,checker,rollback}.json",GATE-REQ-095-PURPOSE,"REOPEN on source change, failed negative fixture, metric drift or owner reassignment",FINAL_R2_AUTHOR_SIDE_OWNER_LINEAGE_REBUILT / INDEPENDENT_SEMANTIC_REAUDIT_REQUIRED,TT-INDEPENDENT-NRTV-001
REQ-096,HG-KSEOS_實作前開發文檔包_必須涵蓋的設計規劃_設計原意_用戶需求_預期解決痛點_預期目標_功能表現_目的_定位_v2026.08.06-r1.md#COV-12/COV-12-POSITION,COV-12-POSITION,POSITION,HLPE 是 Engineering Definition Branch/工廠，不是第二 Shared Spine 或 runtime owner。,P0,F01-01,F15-02,PRE-01,PRE-04/PRE-11/PRE-22/PRE-30,PRESERVE_UPSTREAM_ITEM_WORDING_AND_ORACLE,NEG-REQ-096: alter the decisive meaning `HLPE 是 Engineering Definition Branch/工廠，不是第二 Shared Spine 或 runtime o…` while retaining valid shape; expect ERR-REQ-096-POSITION-SEMANTIC and zero canonical mutation,F01-01,NONE_OWNER_PRESERVED,VALID_OWNER_PRESERVATION,DOC-01,DOC-01-H01,WP-00,RBWI-00,"CA-01,CA-02,CA-05,CA-27,CA-30",SPEC-004,ACC-004,fixtures/requirements/req-096-hlpe-engineering-definition-branch-s.yaml,"ORACLE-REQ-096-POSITION: boundary checker rejects the substitution and preserves the canonical owner; verify fixture-specific expected fields and reject semantic mutation, not merely missing metadata",owner_substitution_rejected=1; foreign_writer_count=0; second_root_count=0,"evidence/requirements/req-096/{input,measurement,negative,checker,rollback}.json",GATE-REQ-096-POSITION,"REOPEN on source change, failed negative fixture, metric drift or owner reassignment",FINAL_R2_AUTHOR_SIDE_OWNER_LINEAGE_REBUILT / INDEPENDENT_SEMANTIC_REAUDIT_REQUIRED,TT-INDEPENDENT-NRTV-001
REQ-097,HG-KSEOS_實作前開發文檔包_必須涵蓋的設計規劃_設計原意_用戶需求_預期解決痛點_預期目標_功能表現_目的_定位_v2026.08.06-r1.md#COV-13/COV-13-PLAN,COV-13-PLAN,PLAN,Codex primary/OpenCode fallback 或 reviewer；每任務綁 base commit、branch/worktree、permission、tests、PR review、evidence return、human merge/release。,P0,F12-01,F15-02,PRE-12,PRE-23/PRE-27/PRE-30,PRESERVE_UPSTREAM_ITEM_WORDING_AND_ORACLE,NEG-REQ-097: alter the decisive meaning `Codex primary/OpenCode fallback 或 reviewer；每任務綁 base commit、branch/wo…` while retaining valid shape; expect ERR-REQ-097-PLAN-SEMANTIC and zero canonical mutation,F12-01,NONE_OWNER_PRESERVED,VALID_OWNER_PRESERVATION,DOC-18,DOC-18-H01,WP-15,RBWI-09,"CA-10,CA-17,CA-21,CA-22",SPEC-031,ACC-031,fixtures/requirements/req-097-codex-primary-opencode-fallback-revi.yaml,"ORACLE-REQ-097-PLAN: required object set equals source-enumerated set; no extra product root; verify fixture-specific expected fields and reject semantic mutation, not merely missing metadata",coverage_ratio=1.00; prohibited_root_count=0,"evidence/requirements/req-097/{input,measurement,negative,checker,rollback}.json",GATE-REQ-097-PLAN,"REOPEN on source change, failed negative fixture, metric drift or owner reassignment",FINAL_R2_AUTHOR_SIDE_OWNER_LINEAGE_REBUILT / INDEPENDENT_SEMANTIC_REAUDIT_REQUIRED,TT-INDEPENDENT-NRTV-001
REQ-098,HG-KSEOS_實作前開發文檔包_必須涵蓋的設計規劃_設計原意_用戶需求_預期解決痛點_預期目標_功能表現_目的_定位_v2026.08.06-r1.md#COV-13/COV-13-INTENT,COV-13-INTENT,INTENT,Coding Agent 是受限 writer，不是需求、架構、驗收或發布權威。,P0,F12-01,F15-02,PRE-12,PRE-23/PRE-27/PRE-30,PRESERVE_UPSTREAM_ITEM_WORDING_AND_ORACLE,NEG-REQ-098: alter the decisive meaning `Coding Agent 是受限 writer，不是需求、架構、驗收或發布權威。` while retaining valid shape; expect ERR-REQ-098-INTENT-SEMANTIC and zero canonical mutation,F12-01,NONE_OWNER_PRESERVED,VALID_OWNER_PRESERVATION,DOC-18,DOC-18-H09,WP-15,RBWI-09,"CA-10,CA-17,CA-21,CA-22",SPEC-030,ACC-030,fixtures/requirements/req-098-coding-agent-writer.yaml,"ORACLE-REQ-098-INTENT: semantic entailment holds for accepted interpretation and fails for mutation; verify fixture-specific expected fields and reject semantic mutation, not merely missing metadata",accepted_assertions=1/1; rejected_mutation=1/1; authority_violation=0,"evidence/requirements/req-098/{input,measurement,negative,checker,rollback}.json",GATE-REQ-098-INTENT,"REOPEN on source change, failed negative fixture, metric drift or owner reassignment",FINAL_R2_AUTHOR_SIDE_OWNER_LINEAGE_REBUILT / INDEPENDENT_SEMANTIC_REAUDIT_REQUIRED,TT-INDEPENDENT-NRTV-001
REQ-099,HG-KSEOS_實作前開發文檔包_必須涵蓋的設計規劃_設計原意_用戶需求_預期解決痛點_預期目標_功能表現_目的_定位_v2026.08.06-r1.md#COV-13/COV-13-NEED,COV-13-NEED,NEED,使用者能將文檔包直接交給執行者，得到可審查 patch 而非不可追蹤聊天輸出。,P0,F12-01,F15-02,PRE-12,PRE-23/PRE-27/PRE-30,PRESERVE_UPSTREAM_ITEM_WORDING_AND_ORACLE,NEG-REQ-099: alter the decisive meaning `使用者能將文檔包直接交給執行者，得到可審查 patch 而非不可追蹤聊天輸出。` while retaining valid shape; expect ERR-REQ-099-NEED-SEMANTIC and zero canonical mutation,F12-01,NONE_OWNER_PRESERVED,VALID_OWNER_PRESERVATION,DOC-18,DOC-18-H01,WP-15,RBWI-09,"CA-10,CA-17,CA-21,CA-22",SPEC-063,ACC-063,fixtures/requirements/req-099-patch.yaml,"ORACLE-REQ-099-NEED: consumer returns deterministic ACK or field-specific NACK without consulting donor corpus; verify fixture-specific expected fields and reject semantic mutation, not merely missing metadata",required_field_recall=1.00; raw_volume_reads=0,"evidence/requirements/req-099/{input,measurement,negative,checker,rollback}.json",GATE-REQ-099-NEED,"REOPEN on source change, failed negative fixture, metric drift or owner reassignment",FINAL_R2_AUTHOR_SIDE_OWNER_LINEAGE_REBUILT / INDEPENDENT_SEMANTIC_REAUDIT_REQUIRED,TT-INDEPENDENT-NRTV-001
REQ-100,HG-KSEOS_實作前開發文檔包_必須涵蓋的設計規劃_設計原意_用戶需求_預期解決痛點_預期目標_功能表現_目的_定位_v2026.08.06-r1.md#COV-13/COV-13-PAIN,COV-13-PAIN,PAIN,共享可寫工作區、Agent 自改 scope、base drift、未測試 commit、producer 自評、GPT A 假稱已修改 repo。,P0,F12-01,F15-02,PRE-12,PRE-23/PRE-27/PRE-30,PRESERVE_UPSTREAM_ITEM_WORDING_AND_ORACLE,NEG-REQ-100: alter the decisive meaning `共享可寫工作區、Agent 自改 scope、base drift、未測試 commit、producer 自評、GPT A 假稱已修改 …` while retaining valid shape; expect ERR-REQ-100-PAIN-SEMANTIC and zero canonical mutation,F12-01,NONE_OWNER_PRESERVED,VALID_OWNER_PRESERVATION,DOC-18,DOC-18-H01,WP-15,RBWI-09,"CA-10,CA-17,CA-21,CA-22",SPEC-030,ACC-030,fixtures/requirements/req-100-agent-scope-base-drift-commit-produc.yaml,"ORACLE-REQ-100-PAIN: typed detector identifies the named defect and blocks promotion without false acceptance; verify fixture-specific expected fields and reject semantic mutation, not merely missing metadata",named_failure_detected=1; canonical_mutations=0; false_accepts=0,"evidence/requirements/req-100/{input,measurement,negative,checker,rollback}.json",GATE-REQ-100-PAIN,"REOPEN on source change, failed negative fixture, metric drift or owner reassignment",FINAL_R2_AUTHOR_SIDE_OWNER_LINEAGE_REBUILT / INDEPENDENT_SEMANTIC_REAUDIT_REQUIRED,TT-INDEPENDENT-NRTV-001
REQ-101,HG-KSEOS_實作前開發文檔包_必須涵蓋的設計規劃_設計原意_用戶需求_預期解決痛點_預期目標_功能表現_目的_定位_v2026.08.06-r1.md#COV-13/COV-13-TARGET,COV-13-TARGET,TARGET,建立 issue/task-to-ChangeSet-to-PR-to-evidence 的可重放交付閉環。,P0,F12-01,F15-02,PRE-12,PRE-23/PRE-27/PRE-30,PRESERVE_UPSTREAM_ITEM_WORDING_AND_ORACLE,NEG-REQ-101: alter the decisive meaning `建立 issue/task-to-ChangeSet-to-PR-to-evidence 的可重放交付閉環。` while retaining valid shape; expect ERR-REQ-101-TARGET-SEMANTIC and zero canonical mutation,F12-01,NONE_OWNER_PRESERVED,VALID_OWNER_PRESERVATION,DOC-18,DOC-18-H01,WP-15,RBWI-09,"CA-10,CA-17,CA-21,CA-22",SPEC-030,ACC-030,fixtures/requirements/req-101-issue-task-to-changeset-to-pr-to-evi.yaml,"ORACLE-REQ-101-TARGET: target metric, measurement method and counter-metric are all reported and thresholded; verify fixture-specific expected fields and reject semantic mutation, not merely missing metadata",measurement_fields=100%; target_met=true or BLOCKED; counter_metric_regression=0,"evidence/requirements/req-101/{input,measurement,negative,checker,rollback}.json",GATE-REQ-101-TARGET,"REOPEN on source change, failed negative fixture, metric drift or owner reassignment",FINAL_R2_AUTHOR_SIDE_OWNER_LINEAGE_REBUILT / INDEPENDENT_SEMANTIC_REAUDIT_REQUIRED,TT-INDEPENDENT-NRTV-001
REQ-102,HG-KSEOS_實作前開發文檔包_必須涵蓋的設計規劃_設計原意_用戶需求_預期解決痛點_預期目標_功能表現_目的_定位_v2026.08.06-r1.md#COV-13/COV-13-FUNCTION,COV-13-FUNCTION,FUNCTION,提供 repo inventory、worktree lease、pre/dry/post validation、test/repair loop、review gate、merge/release token。,P0,F12-01,F15-02,PRE-12,PRE-23/PRE-27/PRE-30,PRESERVE_UPSTREAM_ITEM_WORDING_AND_ORACLE,NEG-REQ-102: alter the decisive meaning `提供 repo inventory、worktree lease、pre/dry/post validation、test/repair …` while retaining valid shape; expect ERR-REQ-102-FUNCTION-SEMANTIC and zero canonical mutation,F12-01,NONE_OWNER_PRESERVED,VALID_OWNER_PRESERVATION,DOC-18,DOC-18-H02,WP-15,RBWI-09,"CA-10,CA-17,CA-21,CA-22",SPEC-030,ACC-030,fixtures/requirements/req-102-repo-inventory-worktree-lease-pre-dr.yaml,"ORACLE-REQ-102-FUNCTION: positive produces typed output; negative/edge produce specified error or bounded degraded result; verify fixture-specific expected fields and reject semantic mutation, not merely missing metadata",positive_pass=1; negative_reject=1; edge_bounded=1,"evidence/requirements/req-102/{input,measurement,negative,checker,rollback}.json",GATE-REQ-102-FUNCTION,"REOPEN on source change, failed negative fixture, metric drift or owner reassignment",FINAL_R2_AUTHOR_SIDE_OWNER_LINEAGE_REBUILT / INDEPENDENT_SEMANTIC_REAUDIT_REQUIRED,TT-INDEPENDENT-NRTV-001
REQ-103,HG-KSEOS_實作前開發文檔包_必須涵蓋的設計規劃_設計原意_用戶需求_預期解決痛點_預期目標_功能表現_目的_定位_v2026.08.06-r1.md#COV-13/COV-13-PURPOSE,COV-13-PURPOSE,PURPOSE,把工程定義轉成真實程式變更，同時保留人類控制與 rollback。,P0,F12-01,F15-02,PRE-12,PRE-23/PRE-27/PRE-30,PRESERVE_UPSTREAM_ITEM_WORDING_AND_ORACLE,NEG-REQ-103: alter the decisive meaning `把工程定義轉成真實程式變更，同時保留人類控制與 rollback。` while retaining valid shape; expect ERR-REQ-103-PURPOSE-SEMANTIC and zero canonical mutation,F12-01,NONE_OWNER_PRESERVED,VALID_OWNER_PRESERVATION,DOC-18,DOC-18-H09,WP-15,RBWI-09,"CA-10,CA-17,CA-21,CA-22",SPEC-062,ACC-062,fixtures/requirements/req-103-rollback.yaml,"ORACLE-REQ-103-PURPOSE: purpose chain is complete and no governance/tool detail replaces the core user outcome; verify fixture-specific expected fields and reject semantic mutation, not merely missing metadata",pain_to_mechanism_edges>=1; mechanism_to_evidence_edges>=1; purpose_orphans=0,"evidence/requirements/req-103/{input,measurement,negative,checker,rollback}.json",GATE-REQ-103-PURPOSE,"REOPEN on source change, failed negative fixture, metric drift or owner reassignment",FINAL_R2_AUTHOR_SIDE_OWNER_LINEAGE_REBUILT / INDEPENDENT_SEMANTIC_REAUDIT_REQUIRED,TT-INDEPENDENT-NRTV-001
REQ-104,HG-KSEOS_實作前開發文檔包_必須涵蓋的設計規劃_設計原意_用戶需求_預期解決痛點_預期目標_功能表現_目的_定位_v2026.08.06-r1.md#COV-13/COV-13-POSITION,COV-13-POSITION,POSITION,Codex/OpenCode 是 Provider/Writer；SRU_OROCHI 是外部 execution/evidence plane；不屬 GPT A runtime。,P0,F12-01,F15-02,PRE-12,PRE-23/PRE-27/PRE-30,PRESERVE_UPSTREAM_ITEM_WORDING_AND_ORACLE,NEG-REQ-104: alter the decisive meaning `Codex/OpenCode 是 Provider/Writer；SRUOROCHI 是外部 execution/evidence pla…` while retaining valid shape; expect ERR-REQ-104-POSITION-SEMANTIC and zero canonical mutation,F12-01,NONE_OWNER_PRESERVED,VALID_OWNER_PRESERVATION,DOC-18,DOC-18-H01,WP-15,RBWI-09,"CA-10,CA-17,CA-21,CA-22",SPEC-030,ACC-030,fixtures/requirements/req-104-codex-opencode-provider-writer-sruor.yaml,"ORACLE-REQ-104-POSITION: boundary checker rejects the substitution and preserves the canonical owner; verify fixture-specific expected fields and reject semantic mutation, not merely missing metadata",owner_substitution_rejected=1; foreign_writer_count=0; second_root_count=0,"evidence/requirements/req-104/{input,measurement,negative,checker,rollback}.json",GATE-REQ-104-POSITION,"REOPEN on source change, failed negative fixture, metric drift or owner reassignment",FINAL_R2_AUTHOR_SIDE_OWNER_LINEAGE_REBUILT / INDEPENDENT_SEMANTIC_REAUDIT_REQUIRED,TT-INDEPENDENT-NRTV-001
REQ-105,HG-KSEOS_實作前開發文檔包_必須涵蓋的設計規劃_設計原意_用戶需求_預期解決痛點_預期目標_功能表現_目的_定位_v2026.08.06-r1.md#COV-14/COV-14-PLAN,COV-14-PLAN,PLAN,建立 Candidate Registry、experiment plan、frozen evaluator、holdout/counter-metric、security/budget、promotion/rejection/rollback；Domain Pack 含 manifest/ontology/workflow/skill/template/eval/security。,LATER,F18-01,F15-02,PRE-13,PRE-14/PRE-28,PRESERVE_UPSTREAM_ITEM_WORDING_AND_ORACLE,NEG-REQ-105: alter the decisive meaning `建立 Candidate Registry、experiment plan、frozen evaluator、holdout/counte…` while retaining valid shape; expect ERR-REQ-105-PLAN-SEMANTIC and zero canonical mutation,F18-01,NONE_OWNER_PRESERVED,VALID_OWNER_PRESERVATION,DOC-25,DOC-25-H03,WP-21,RBWI-17,"CA-05,CA-22,CA-28,CA-30",SPEC-086,ACC-086,fixtures/requirements/req-105-candidate-registry-experiment-plan-f.yaml,"ORACLE-REQ-105-PLAN: required object set equals source-enumerated set; no extra product root; verify fixture-specific expected fields and reject semantic mutation, not merely missing metadata",coverage_ratio=1.00; prohibited_root_count=0,"evidence/requirements/req-105/{input,measurement,negative,checker,rollback}.json",GATE-REQ-105-PLAN,"REOPEN on source change, failed negative fixture, metric drift or owner reassignment",FINAL_R2_AUTHOR_SIDE_OWNER_LINEAGE_REBUILT / INDEPENDENT_SEMANTIC_REAUDIT_REQUIRED,TT-INDEPENDENT-NRTV-001
REQ-106,HG-KSEOS_實作前開發文檔包_必須涵蓋的設計規劃_設計原意_用戶需求_預期解決痛點_預期目標_功能表現_目的_定位_v2026.08.06-r1.md#COV-14/COV-14-INTENT,COV-14-INTENT,INTENT,系統可學習但不能自動改寫 constitution、evaluator 或 release policy；演進是受治理 promotion。,LATER,F18-01,F15-02,PRE-13,PRE-14/PRE-28,PRESERVE_UPSTREAM_ITEM_WORDING_AND_ORACLE,NEG-REQ-106: alter the decisive meaning `系統可學習但不能自動改寫 constitution、evaluator 或 release policy；演進是受治理 promotion。` while retaining valid shape; expect ERR-REQ-106-INTENT-SEMANTIC and zero canonical mutation,F18-01,NONE_OWNER_PRESERVED,VALID_OWNER_PRESERVATION,DOC-25,DOC-25-H01,WP-21,RBWI-17,"CA-05,CA-22,CA-28,CA-30",SPEC-087,ACC-087,fixtures/requirements/req-106-constitution-evaluator-release-polic.yaml,"ORACLE-REQ-106-INTENT: semantic entailment holds for accepted interpretation and fails for mutation; verify fixture-specific expected fields and reject semantic mutation, not merely missing metadata",accepted_assertions=1/1; rejected_mutation=1/1; authority_violation=0,"evidence/requirements/req-106/{input,measurement,negative,checker,rollback}.json",GATE-REQ-106-INTENT,"REOPEN on source change, failed negative fixture, metric drift or owner reassignment",FINAL_R2_AUTHOR_SIDE_OWNER_LINEAGE_REBUILT / INDEPENDENT_SEMANTIC_REAUDIT_REQUIRED,TT-INDEPENDENT-NRTV-001
REQ-107,HG-KSEOS_實作前開發文檔包_必須涵蓋的設計規劃_設計原意_用戶需求_預期解決痛點_預期目標_功能表現_目的_定位_v2026.08.06-r1.md#COV-14/COV-14-NEED,COV-14-NEED,NEED,使用者能把成功模式複用、把失敗轉成改進，同時防止自我強化錯誤。,LATER,F18-01,F15-02,PRE-13,PRE-14/PRE-28,PRESERVE_UPSTREAM_ITEM_WORDING_AND_ORACLE,NEG-REQ-107: alter the decisive meaning `使用者能把成功模式複用、把失敗轉成改進，同時防止自我強化錯誤。` while retaining valid shape; expect ERR-REQ-107-NEED-SEMANTIC and zero canonical mutation,F18-01,NONE_OWNER_PRESERVED,VALID_OWNER_PRESERVATION,DOC-25,DOC-25-H01,WP-21,RBWI-17,"CA-05,CA-22,CA-28,CA-30",SPEC-086,ACC-086,fixtures/requirements/req-107-artifact.yaml,"ORACLE-REQ-107-NEED: consumer returns deterministic ACK or field-specific NACK without consulting donor corpus; verify fixture-specific expected fields and reject semantic mutation, not merely missing metadata",required_field_recall=1.00; raw_volume_reads=0,"evidence/requirements/req-107/{input,measurement,negative,checker,rollback}.json",GATE-REQ-107-NEED,"REOPEN on source change, failed negative fixture, metric drift or owner reassignment",FINAL_R2_AUTHOR_SIDE_OWNER_LINEAGE_REBUILT / INDEPENDENT_SEMANTIC_REAUDIT_REQUIRED,TT-INDEPENDENT-NRTV-001
REQ-108,HG-KSEOS_實作前開發文檔包_必須涵蓋的設計規劃_設計原意_用戶需求_預期解決痛點_預期目標_功能表現_目的_定位_v2026.08.06-r1.md#COV-14/COV-14-PAIN,COV-14-PAIN,PAIN,RSI 無治理、用同一資料自評、evaluator 被改、技能/記憶直接進 production、domain 專案分叉 Shared Spine。,LATER,F18-01,F15-02,PRE-13,PRE-14/PRE-28,PRESERVE_UPSTREAM_ITEM_WORDING_AND_ORACLE,NEG-REQ-108: alter the decisive meaning `RSI 無治理、用同一資料自評、evaluator 被改、技能/記憶直接進 production、domain 專案分叉 Shared S…` while retaining valid shape; expect ERR-REQ-108-PAIN-SEMANTIC and zero canonical mutation,F18-01,NONE_OWNER_PRESERVED,VALID_OWNER_PRESERVATION,DOC-25,DOC-25-H03,WP-21,RBWI-17,"CA-05,CA-22,CA-28,CA-30",SPEC-086,ACC-086,fixtures/requirements/req-108-rsi-evaluator-production-domain-shar.yaml,"ORACLE-REQ-108-PAIN: typed detector identifies the named defect and blocks promotion without false acceptance; verify fixture-specific expected fields and reject semantic mutation, not merely missing metadata",named_failure_detected=1; canonical_mutations=0; false_accepts=0,"evidence/requirements/req-108/{input,measurement,negative,checker,rollback}.json",GATE-REQ-108-PAIN,"REOPEN on source change, failed negative fixture, metric drift or owner reassignment",FINAL_R2_AUTHOR_SIDE_OWNER_LINEAGE_REBUILT / INDEPENDENT_SEMANTIC_REAUDIT_REQUIRED,TT-INDEPENDENT-NRTV-001
REQ-109,HG-KSEOS_實作前開發文檔包_必須涵蓋的設計規劃_設計原意_用戶需求_預期解決痛點_預期目標_功能表現_目的_定位_v2026.08.06-r1.md#COV-14/COV-14-TARGET,COV-14-TARGET,TARGET,形成可逆、可比較、可拒絕的演進機制與可生成領域工廠胚胎。,LATER,F18-01,F15-02,PRE-13,PRE-14/PRE-28,PRESERVE_UPSTREAM_ITEM_WORDING_AND_ORACLE,NEG-REQ-109: alter the decisive meaning `形成可逆、可比較、可拒絕的演進機制與可生成領域工廠胚胎。` while retaining valid shape; expect ERR-REQ-109-TARGET-SEMANTIC and zero canonical mutation,F18-01,NONE_OWNER_PRESERVED,VALID_OWNER_PRESERVATION,DOC-25,DOC-25-H01,WP-21,RBWI-17,"CA-05,CA-22,CA-28,CA-30",SPEC-086,ACC-086,fixtures/requirements/req-109-artifact.yaml,"ORACLE-REQ-109-TARGET: target metric, measurement method and counter-metric are all reported and thresholded; verify fixture-specific expected fields and reject semantic mutation, not merely missing metadata",measurement_fields=100%; target_met=true or BLOCKED; counter_metric_regression=0,"evidence/requirements/req-109/{input,measurement,negative,checker,rollback}.json",GATE-REQ-109-TARGET,"REOPEN on source change, failed negative fixture, metric drift or owner reassignment",FINAL_R2_AUTHOR_SIDE_OWNER_LINEAGE_REBUILT / INDEPENDENT_SEMANTIC_REAUDIT_REQUIRED,TT-INDEPENDENT-NRTV-001
REQ-110,HG-KSEOS_實作前開發文檔包_必須涵蓋的設計規劃_設計原意_用戶需求_預期解決痛點_預期目標_功能表現_目的_定位_v2026.08.06-r1.md#COV-14/COV-14-FUNCTION,COV-14-FUNCTION,FUNCTION,提供 experiment isolation、versioned candidate、holdout/replay、promotion token、sunset/rollback、No-Return-to-Vol。,LATER,F18-01,F15-02,PRE-13,PRE-14/PRE-28,PRESERVE_UPSTREAM_ITEM_WORDING_AND_ORACLE,NEG-REQ-110: alter the decisive meaning `提供 experiment isolation、versioned candidate、holdout/replay、promotion …` while retaining valid shape; expect ERR-REQ-110-FUNCTION-SEMANTIC and zero canonical mutation,F18-01,NONE_OWNER_PRESERVED,VALID_OWNER_PRESERVATION,DOC-25,DOC-25-H04,WP-21,RBWI-17,"CA-05,CA-22,CA-28,CA-30",SPEC-087,ACC-087,fixtures/requirements/req-110-experiment-isolation-versioned-candi.yaml,"ORACLE-REQ-110-FUNCTION: positive produces typed output; negative/edge produce specified error or bounded degraded result; verify fixture-specific expected fields and reject semantic mutation, not merely missing metadata",positive_pass=1; negative_reject=1; edge_bounded=1,"evidence/requirements/req-110/{input,measurement,negative,checker,rollback}.json",GATE-REQ-110-FUNCTION,"REOPEN on source change, failed negative fixture, metric drift or owner reassignment",FINAL_R2_AUTHOR_SIDE_OWNER_LINEAGE_REBUILT / INDEPENDENT_SEMANTIC_REAUDIT_REQUIRED,TT-INDEPENDENT-NRTV-001
REQ-111,HG-KSEOS_實作前開發文檔包_必須涵蓋的設計規劃_設計原意_用戶需求_預期解決痛點_預期目標_功能表現_目的_定位_v2026.08.06-r1.md#COV-14/COV-14-PURPOSE,COV-14-PURPOSE,PURPOSE,建立持續改進與領域擴展能力而不破壞核心權威。,LATER,F18-01,F15-02,PRE-13,PRE-14/PRE-28,PRESERVE_UPSTREAM_ITEM_WORDING_AND_ORACLE,NEG-REQ-111: alter the decisive meaning `建立持續改進與領域擴展能力而不破壞核心權威。` while retaining valid shape; expect ERR-REQ-111-PURPOSE-SEMANTIC and zero canonical mutation,F18-01,NONE_OWNER_PRESERVED,VALID_OWNER_PRESERVATION,DOC-25,DOC-25-H01,WP-21,RBWI-17,"CA-05,CA-22,CA-28,CA-30",SPEC-086,ACC-086,fixtures/requirements/req-111-artifact.yaml,"ORACLE-REQ-111-PURPOSE: purpose chain is complete and no governance/tool detail replaces the core user outcome; verify fixture-specific expected fields and reject semantic mutation, not merely missing metadata",pain_to_mechanism_edges>=1; mechanism_to_evidence_edges>=1; purpose_orphans=0,"evidence/requirements/req-111/{input,measurement,negative,checker,rollback}.json",GATE-REQ-111-PURPOSE,"REOPEN on source change, failed negative fixture, metric drift or owner reassignment",FINAL_R2_AUTHOR_SIDE_OWNER_LINEAGE_REBUILT / INDEPENDENT_SEMANTIC_REAUDIT_REQUIRED,TT-INDEPENDENT-NRTV-001
REQ-112,HG-KSEOS_實作前開發文檔包_必須涵蓋的設計規劃_設計原意_用戶需求_預期解決痛點_預期目標_功能表現_目的_定位_v2026.08.06-r1.md#COV-14/COV-14-POSITION,COV-14-POSITION,POSITION,Evolution Lab 是候選評估平面；Domain Factory 是 Shared Spine extension，均非自主 policy owner。,LATER,F18-01,F15-02,PRE-13,PRE-14/PRE-28,PRESERVE_UPSTREAM_ITEM_WORDING_AND_ORACLE,NEG-REQ-112: alter the decisive meaning `Evolution Lab 是候選評估平面；Domain Factory 是 Shared Spine extension，均非自主 po…` while retaining valid shape; expect ERR-REQ-112-POSITION-SEMANTIC and zero canonical mutation,F18-01,NONE_OWNER_PRESERVED,VALID_OWNER_PRESERVATION,DOC-25,DOC-25-H01,WP-21,RBWI-17,"CA-05,CA-22,CA-28,CA-30",SPEC-086,ACC-086,fixtures/requirements/req-112-evolution-lab-domain-factory-shared-.yaml,"ORACLE-REQ-112-POSITION: boundary checker rejects the substitution and preserves the canonical owner; verify fixture-specific expected fields and reject semantic mutation, not merely missing metadata",owner_substitution_rejected=1; foreign_writer_count=0; second_root_count=0,"evidence/requirements/req-112/{input,measurement,negative,checker,rollback}.json",GATE-REQ-112-POSITION,"REOPEN on source change, failed negative fixture, metric drift or owner reassignment",FINAL_R2_AUTHOR_SIDE_OWNER_LINEAGE_REBUILT / INDEPENDENT_SEMANTIC_REAUDIT_REQUIRED,TT-INDEPENDENT-NRTV-001
REQ-113,HG-KSEOS_實作前開發文檔包_必須涵蓋的設計規劃_設計原意_用戶需求_預期解決痛點_預期目標_功能表現_目的_定位_v2026.08.06-r1.md#COV-15/COV-15-PLAN,COV-15-PLAN,PLAN,定義 topology admission、TaskDAG、agent identity/capability/permission、workspace lease、evented A2A、aggregation/adjudication、cancel/timeout/duplicate suppression。,P0,F07-01,F15-02,PRE-16,PRE-07/PRE-17,PRESERVE_UPSTREAM_ITEM_WORDING_AND_ORACLE,NEG-REQ-113: alter the decisive meaning `定義 topology admission、TaskDAG、agent identity/capability/permission、wo…` while retaining valid shape; expect ERR-REQ-113-PLAN-SEMANTIC and zero canonical mutation,F07-01,NONE_OWNER_PRESERVED,VALID_OWNER_PRESERVATION,DOC-12,DOC-12-H02,WP-09,RBWI-08,"CA-10,CA-14,CA-16,CA-18",SPEC-048,ACC-048,fixtures/requirements/req-113-topology-admission-taskdag-agent-ide.yaml,"ORACLE-REQ-113-PLAN: required object set equals source-enumerated set; no extra product root; verify fixture-specific expected fields and reject semantic mutation, not merely missing metadata",coverage_ratio=1.00; prohibited_root_count=0,"evidence/requirements/req-113/{input,measurement,negative,checker,rollback}.json",GATE-REQ-113-PLAN,"REOPEN on source change, failed negative fixture, metric drift or owner reassignment",FINAL_R2_AUTHOR_SIDE_OWNER_LINEAGE_REBUILT / INDEPENDENT_SEMANTIC_REAUDIT_REQUIRED,TT-INDEPENDENT-NRTV-001
REQ-114,HG-KSEOS_實作前開發文檔包_必須涵蓋的設計規劃_設計原意_用戶需求_預期解決痛點_預期目標_功能表現_目的_定位_v2026.08.06-r1.md#COV-15/COV-15-INTENT,COV-15-INTENT,INTENT,多智能體是受限執行拓撲，不是產品主體；複雜度必須由收益與風險證明。,P0,F07-01,F15-02,PRE-16,PRE-07/PRE-17,PRESERVE_UPSTREAM_ITEM_WORDING_AND_ORACLE,NEG-REQ-114: alter the decisive meaning `多智能體是受限執行拓撲，不是產品主體；複雜度必須由收益與風險證明。` while retaining valid shape; expect ERR-REQ-114-INTENT-SEMANTIC and zero canonical mutation,F07-01,NONE_OWNER_PRESERVED,VALID_OWNER_PRESERVATION,DOC-12,DOC-12-H01,WP-09,RBWI-08,"CA-10,CA-14,CA-16,CA-18",SPEC-048,ACC-048,fixtures/requirements/req-114-artifact.yaml,"ORACLE-REQ-114-INTENT: semantic entailment holds for accepted interpretation and fails for mutation; verify fixture-specific expected fields and reject semantic mutation, not merely missing metadata",accepted_assertions=1/1; rejected_mutation=1/1; authority_violation=0,"evidence/requirements/req-114/{input,measurement,negative,checker,rollback}.json",GATE-REQ-114-INTENT,"REOPEN on source change, failed negative fixture, metric drift or owner reassignment",FINAL_R2_AUTHOR_SIDE_OWNER_LINEAGE_REBUILT / INDEPENDENT_SEMANTIC_REAUDIT_REQUIRED,TT-INDEPENDENT-NRTV-001
REQ-115,HG-KSEOS_實作前開發文檔包_必須涵蓋的設計規劃_設計原意_用戶需求_預期解決痛點_預期目標_功能表現_目的_定位_v2026.08.06-r1.md#COV-15/COV-15-NEED,COV-15-NEED,NEED,使用者能在需要時取得並行/專業化收益，但不承擔無界 swarm 與責任不清。,P0,F07-01,F15-02,PRE-16,PRE-07/PRE-17,PRESERVE_UPSTREAM_ITEM_WORDING_AND_ORACLE,NEG-REQ-115: alter the decisive meaning `使用者能在需要時取得並行/專業化收益，但不承擔無界 swarm 與責任不清。` while retaining valid shape; expect ERR-REQ-115-NEED-SEMANTIC and zero canonical mutation,F07-01,NONE_OWNER_PRESERVED,VALID_OWNER_PRESERVATION,DOC-12,DOC-12-H01,WP-09,RBWI-08,"CA-10,CA-14,CA-16,CA-18",SPEC-048,ACC-048,fixtures/requirements/req-115-swarm.yaml,"ORACLE-REQ-115-NEED: consumer returns deterministic ACK or field-specific NACK without consulting donor corpus; verify fixture-specific expected fields and reject semantic mutation, not merely missing metadata",required_field_recall=1.00; raw_volume_reads=0,"evidence/requirements/req-115/{input,measurement,negative,checker,rollback}.json",GATE-REQ-115-NEED,"REOPEN on source change, failed negative fixture, metric drift or owner reassignment",FINAL_R2_AUTHOR_SIDE_OWNER_LINEAGE_REBUILT / INDEPENDENT_SEMANTIC_REAUDIT_REQUIRED,TT-INDEPENDENT-NRTV-001
REQ-116,HG-KSEOS_實作前開發文檔包_必須涵蓋的設計規劃_設計原意_用戶需求_預期解決痛點_預期目標_功能表現_目的_定位_v2026.08.06-r1.md#COV-15/COV-15-PAIN,COV-15-PAIN,PAIN,Agent 數量先行、共享狀態/工作區、消息重複、delegation scope 漂移、無最終 owner。,P0,F07-01,F15-02,PRE-16,PRE-07/PRE-17,PRESERVE_UPSTREAM_ITEM_WORDING_AND_ORACLE,NEG-REQ-116: alter the decisive meaning `Agent 數量先行、共享狀態/工作區、消息重複、delegation scope 漂移、無最終 owner。` while retaining valid shape; expect ERR-REQ-116-PAIN-SEMANTIC and zero canonical mutation,F07-01,NONE_OWNER_PRESERVED,VALID_OWNER_PRESERVATION,DOC-12,DOC-12-H08,WP-09,RBWI-08,"CA-10,CA-14,CA-16,CA-18",SPEC-049,ACC-049,fixtures/requirements/req-116-agent-delegation-scope-owner.yaml,"ORACLE-REQ-116-PAIN: typed detector identifies the named defect and blocks promotion without false acceptance; verify fixture-specific expected fields and reject semantic mutation, not merely missing metadata",named_failure_detected=1; canonical_mutations=0; false_accepts=0,"evidence/requirements/req-116/{input,measurement,negative,checker,rollback}.json",GATE-REQ-116-PAIN,"REOPEN on source change, failed negative fixture, metric drift or owner reassignment",FINAL_R2_AUTHOR_SIDE_OWNER_LINEAGE_REBUILT / INDEPENDENT_SEMANTIC_REAUDIT_REQUIRED,TT-INDEPENDENT-NRTV-001
REQ-117,HG-KSEOS_實作前開發文檔包_必須涵蓋的設計規劃_設計原意_用戶需求_預期解決痛點_預期目標_功能表現_目的_定位_v2026.08.06-r1.md#COV-15/COV-15-TARGET,COV-15-TARGET,TARGET,建立可預測、可取消、可降級為 single-agent/manual 的協作。,P0,F07-01,F15-02,PRE-16,PRE-07/PRE-17,PRESERVE_UPSTREAM_ITEM_WORDING_AND_ORACLE,NEG-REQ-117: alter the decisive meaning `建立可預測、可取消、可降級為 single-agent/manual 的協作。` while retaining valid shape; expect ERR-REQ-117-TARGET-SEMANTIC and zero canonical mutation,F07-01,NONE_OWNER_PRESERVED,VALID_OWNER_PRESERVATION,DOC-12,DOC-12-H01,WP-09,RBWI-08,"CA-10,CA-14,CA-16,CA-18",SPEC-048,ACC-048,fixtures/requirements/req-117-single-agent-manual.yaml,"ORACLE-REQ-117-TARGET: target metric, measurement method and counter-metric are all reported and thresholded; verify fixture-specific expected fields and reject semantic mutation, not merely missing metadata",measurement_fields=100%; target_met=true or BLOCKED; counter_metric_regression=0,"evidence/requirements/req-117/{input,measurement,negative,checker,rollback}.json",GATE-REQ-117-TARGET,"REOPEN on source change, failed negative fixture, metric drift or owner reassignment",FINAL_R2_AUTHOR_SIDE_OWNER_LINEAGE_REBUILT / INDEPENDENT_SEMANTIC_REAUDIT_REQUIRED,TT-INDEPENDENT-NRTV-001
REQ-118,HG-KSEOS_實作前開發文檔包_必須涵蓋的設計規劃_設計原意_用戶需求_預期解決痛點_預期目標_功能表現_目的_定位_v2026.08.06-r1.md#COV-15/COV-15-FUNCTION,COV-15-FUNCTION,FUNCTION,提供 admission score、TaskDAG states、A2A envelopes、lease/heartbeat、join barrier、adjudicator、evidence aggregation。,P0,F07-01,F15-02,PRE-16,PRE-07/PRE-17,PRESERVE_UPSTREAM_ITEM_WORDING_AND_ORACLE,NEG-REQ-118: alter the decisive meaning `提供 admission score、TaskDAG states、A2A envelopes、lease/heartbeat、join …` while retaining valid shape; expect ERR-REQ-118-FUNCTION-SEMANTIC and zero canonical mutation,F07-01,NONE_OWNER_PRESERVED,VALID_OWNER_PRESERVATION,DOC-12,DOC-12-H02,WP-09,RBWI-08,"CA-10,CA-14,CA-16,CA-18",SPEC-048,ACC-048,fixtures/requirements/req-118-admission-score-taskdag-states-a2a-e.yaml,"ORACLE-REQ-118-FUNCTION: positive produces typed output; negative/edge produce specified error or bounded degraded result; verify fixture-specific expected fields and reject semantic mutation, not merely missing metadata",positive_pass=1; negative_reject=1; edge_bounded=1,"evidence/requirements/req-118/{input,measurement,negative,checker,rollback}.json",GATE-REQ-118-FUNCTION,"REOPEN on source change, failed negative fixture, metric drift or owner reassignment",FINAL_R2_AUTHOR_SIDE_OWNER_LINEAGE_REBUILT / INDEPENDENT_SEMANTIC_REAUDIT_REQUIRED,TT-INDEPENDENT-NRTV-001
REQ-119,HG-KSEOS_實作前開發文檔包_必須涵蓋的設計規劃_設計原意_用戶需求_預期解決痛點_預期目標_功能表現_目的_定位_v2026.08.06-r1.md#COV-15/COV-15-PURPOSE,COV-15-PURPOSE,PURPOSE,支援多 Branch 的受限執行，同時保持 Shared Spine/Authority 不被拓撲取代。,P0,F07-01,F15-02,PRE-16,PRE-07/PRE-17,PRESERVE_UPSTREAM_ITEM_WORDING_AND_ORACLE,NEG-REQ-119: alter the decisive meaning `支援多 Branch 的受限執行，同時保持 Shared Spine/Authority 不被拓撲取代。` while retaining valid shape; expect ERR-REQ-119-PURPOSE-SEMANTIC and zero canonical mutation,F07-01,NONE_OWNER_PRESERVED,VALID_OWNER_PRESERVATION,DOC-12,DOC-12-H01,WP-09,RBWI-08,"CA-10,CA-14,CA-16,CA-18",SPEC-048,ACC-048,fixtures/requirements/req-119-branch-shared-spine-authority.yaml,"ORACLE-REQ-119-PURPOSE: purpose chain is complete and no governance/tool detail replaces the core user outcome; verify fixture-specific expected fields and reject semantic mutation, not merely missing metadata",pain_to_mechanism_edges>=1; mechanism_to_evidence_edges>=1; purpose_orphans=0,"evidence/requirements/req-119/{input,measurement,negative,checker,rollback}.json",GATE-REQ-119-PURPOSE,"REOPEN on source change, failed negative fixture, metric drift or owner reassignment",FINAL_R2_AUTHOR_SIDE_OWNER_LINEAGE_REBUILT / INDEPENDENT_SEMANTIC_REAUDIT_REQUIRED,TT-INDEPENDENT-NRTV-001
REQ-120,HG-KSEOS_實作前開發文檔包_必須涵蓋的設計規劃_設計原意_用戶需求_預期解決痛點_預期目標_功能表現_目的_定位_v2026.08.06-r1.md#COV-15/COV-15-POSITION,COV-15-POSITION,POSITION,Agent topology 是 runtime capability package；Human/Product Authority 與 canonical writers 保持外部。,P0,F07-01,F15-02,PRE-16,PRE-07/PRE-17,PRESERVE_UPSTREAM_ITEM_WORDING_AND_ORACLE,NEG-REQ-120: alter the decisive meaning `Agent topology 是 runtime capability package；Human/Product Authority 與…` while retaining valid shape; expect ERR-REQ-120-POSITION-SEMANTIC and zero canonical mutation,F07-01,NONE_OWNER_PRESERVED,VALID_OWNER_PRESERVATION,DOC-12,DOC-12-H02,WP-09,RBWI-08,"CA-10,CA-14,CA-16,CA-18",SPEC-048,ACC-048,fixtures/requirements/req-120-agent-topology-runtime-capability-pa.yaml,"ORACLE-REQ-120-POSITION: boundary checker rejects the substitution and preserves the canonical owner; verify fixture-specific expected fields and reject semantic mutation, not merely missing metadata",owner_substitution_rejected=1; foreign_writer_count=0; second_root_count=0,"evidence/requirements/req-120/{input,measurement,negative,checker,rollback}.json",GATE-REQ-120-POSITION,"REOPEN on source change, failed negative fixture, metric drift or owner reassignment",FINAL_R2_AUTHOR_SIDE_OWNER_LINEAGE_REBUILT / INDEPENDENT_SEMANTIC_REAUDIT_REQUIRED,TT-INDEPENDENT-NRTV-001
REQ-121,HG-KSEOS_實作前開發文檔包_必須涵蓋的設計規劃_設計原意_用戶需求_預期解決痛點_預期目標_功能表現_目的_定位_v2026.08.06-r1.md#COV-16/COV-16-PLAN,COV-16-PLAN,PLAN,建立 Hermes Rebase Matrix：每 DOC 的 capability、input/output artifact、owner、canonical boundary、provider state、pilot gate、fallback、degrade、rollback。,P0,F14-01,F15-02,PRE-08,PRE-15,PRESERVE_UPSTREAM_ITEM_WORDING_AND_ORACLE,NEG-REQ-121: alter the decisive meaning `建立 Hermes Rebase Matrix：每 DOC 的 capability、input/output artifact、owne…` while retaining valid shape; expect ERR-REQ-121-PLAN-SEMANTIC and zero canonical mutation,F14-01,NONE_OWNER_PRESERVED,VALID_OWNER_PRESERVATION,DOC-16,DOC-16-H01,WP-13,RBWI-07,"CA-15,CA-16,CA-23,CA-27",SPEC-056,ACC-056,fixtures/requirements/req-121-hermes-rebase-matrix-doc-capability-.yaml,"ORACLE-REQ-121-PLAN: required object set equals source-enumerated set; no extra product root; verify fixture-specific expected fields and reject semantic mutation, not merely missing metadata",coverage_ratio=1.00; prohibited_root_count=0,"evidence/requirements/req-121/{input,measurement,negative,checker,rollback}.json",GATE-REQ-121-PLAN,"REOPEN on source change, failed negative fixture, metric drift or owner reassignment",FINAL_R2_AUTHOR_SIDE_OWNER_LINEAGE_REBUILT / INDEPENDENT_SEMANTIC_REAUDIT_REQUIRED,TT-INDEPENDENT-NRTV-001
REQ-122,HG-KSEOS_實作前開發文檔包_必須涵蓋的設計規劃_設計原意_用戶需求_預期解決痛點_預期目標_功能表現_目的_定位_v2026.08.06-r1.md#COV-16/COV-16-INTENT,COV-16-INTENT,INTENT,Hermes 是 cognitive coordination plane 與受治理 workspace host，不能成為產品 Root、Shared Spine 或 release authority。,P0,F14-01,F15-02,PRE-08,PRE-15,PRESERVE_UPSTREAM_ITEM_WORDING_AND_ORACLE,NEG-REQ-122: alter the decisive meaning `Hermes 是 cognitive coordination plane 與受治理 workspace host，不能成為產品 Root…` while retaining valid shape; expect ERR-REQ-122-INTENT-SEMANTIC and zero canonical mutation,F14-01,NONE_OWNER_PRESERVED,VALID_OWNER_PRESERVATION,DOC-16,DOC-16-H01,WP-13,RBWI-07,"CA-15,CA-16,CA-23,CA-27",SPEC-055,ACC-055,fixtures/requirements/req-122-hermes-cognitive-coordination-plane-.yaml,"ORACLE-REQ-122-INTENT: semantic entailment holds for accepted interpretation and fails for mutation; verify fixture-specific expected fields and reject semantic mutation, not merely missing metadata",accepted_assertions=1/1; rejected_mutation=1/1; authority_violation=0,"evidence/requirements/req-122/{input,measurement,negative,checker,rollback}.json",GATE-REQ-122-INTENT,"REOPEN on source change, failed negative fixture, metric drift or owner reassignment",FINAL_R2_AUTHOR_SIDE_OWNER_LINEAGE_REBUILT / INDEPENDENT_SEMANTIC_REAUDIT_REQUIRED,TT-INDEPENDENT-NRTV-001
REQ-123,HG-KSEOS_實作前開發文檔包_必須涵蓋的設計規劃_設計原意_用戶需求_預期解決痛點_預期目標_功能表現_目的_定位_v2026.08.06-r1.md#COV-16/COV-16-NEED,COV-16-NEED,NEED,使用者可快速取得成熟 Agent OS 元件而不重造 runtime，同時保持產品專屬治理與可替換性。,P0,F14-01,F15-02,PRE-08,PRE-15,PRESERVE_UPSTREAM_ITEM_WORDING_AND_ORACLE,NEG-REQ-123: alter the decisive meaning `使用者可快速取得成熟 Agent OS 元件而不重造 runtime，同時保持產品專屬治理與可替換性。` while retaining valid shape; expect ERR-REQ-123-NEED-SEMANTIC and zero canonical mutation,F14-01,NONE_OWNER_PRESERVED,VALID_OWNER_PRESERVATION,DOC-16,DOC-16-H01,WP-13,RBWI-07,"CA-15,CA-16,CA-23,CA-27",SPEC-055,ACC-055,fixtures/requirements/req-123-agent-os-runtime.yaml,"ORACLE-REQ-123-NEED: consumer returns deterministic ACK or field-specific NACK without consulting donor corpus; verify fixture-specific expected fields and reject semantic mutation, not merely missing metadata",required_field_recall=1.00; raw_volume_reads=0,"evidence/requirements/req-123/{input,measurement,negative,checker,rollback}.json",GATE-REQ-123-NEED,"REOPEN on source change, failed negative fixture, metric drift or owner reassignment",FINAL_R2_AUTHOR_SIDE_OWNER_LINEAGE_REBUILT / INDEPENDENT_SEMANTIC_REAUDIT_REQUIRED,TT-INDEPENDENT-NRTV-001
REQ-124,HG-KSEOS_實作前開發文檔包_必須涵蓋的設計規劃_設計原意_用戶需求_預期解決痛點_預期目標_功能表現_目的_定位_v2026.08.06-r1.md#COV-16/COV-16-PAIN,COV-16-PAIN,PAIN,直接整本移植 Hermes 導致名稱/權威/狀態漂移；文件中「NOT_EXECUTED」被誤當可用能力；Hermes local state 變 canonical。,P0,F14-01,F15-02,PRE-08,PRE-15,PRESERVE_UPSTREAM_ITEM_WORDING_AND_ORACLE,NEG-REQ-124: alter the decisive meaning `直接整本移植 Hermes 導致名稱/權威/狀態漂移；文件中「NOTEXECUTED」被誤當可用能力；Hermes local state…` while retaining valid shape; expect ERR-REQ-124-PAIN-SEMANTIC and zero canonical mutation,F14-01,NONE_OWNER_PRESERVED,VALID_OWNER_PRESERVATION,DOC-16,DOC-16-H01,WP-13,RBWI-07,"CA-15,CA-16,CA-23,CA-27",SPEC-055,ACC-055,fixtures/requirements/req-124-hermes-notexecuted-hermes-local-stat.yaml,"ORACLE-REQ-124-PAIN: typed detector identifies the named defect and blocks promotion without false acceptance; verify fixture-specific expected fields and reject semantic mutation, not merely missing metadata",named_failure_detected=1; canonical_mutations=0; false_accepts=0,"evidence/requirements/req-124/{input,measurement,negative,checker,rollback}.json",GATE-REQ-124-PAIN,"REOPEN on source change, failed negative fixture, metric drift or owner reassignment",FINAL_R2_AUTHOR_SIDE_OWNER_LINEAGE_REBUILT / INDEPENDENT_SEMANTIC_REAUDIT_REQUIRED,TT-INDEPENDENT-NRTV-001
REQ-125,HG-KSEOS_實作前開發文檔包_必須涵蓋的設計規劃_設計原意_用戶需求_預期解決痛點_預期目標_功能表現_目的_定位_v2026.08.06-r1.md#COV-16/COV-16-TARGET,COV-16-TARGET,TARGET,以低磨合方式導入可 pilot 的能力槽，每項都有 declared→active 狀態與 native fallback。,P0,F14-01,F15-02,PRE-08,PRE-15,PRESERVE_UPSTREAM_ITEM_WORDING_AND_ORACLE,NEG-REQ-125: alter the decisive meaning `以低磨合方式導入可 pilot 的能力槽，每項都有 declared→active 狀態與 native fallback。` while retaining valid shape; expect ERR-REQ-125-TARGET-SEMANTIC and zero canonical mutation,F14-01,NONE_OWNER_PRESERVED,VALID_OWNER_PRESERVATION,DOC-16,DOC-16-H01,WP-13,RBWI-07,"CA-15,CA-16,CA-23,CA-27",SPEC-056,ACC-056,fixtures/requirements/req-125-pilot-declared-active-native-fallbac.yaml,"ORACLE-REQ-125-TARGET: target metric, measurement method and counter-metric are all reported and thresholded; verify fixture-specific expected fields and reject semantic mutation, not merely missing metadata",measurement_fields=100%; target_met=true or BLOCKED; counter_metric_regression=0,"evidence/requirements/req-125/{input,measurement,negative,checker,rollback}.json",GATE-REQ-125-TARGET,"REOPEN on source change, failed negative fixture, metric drift or owner reassignment",FINAL_R2_AUTHOR_SIDE_OWNER_LINEAGE_REBUILT / INDEPENDENT_SEMANTIC_REAUDIT_REQUIRED,TT-INDEPENDENT-NRTV-001
REQ-126,HG-KSEOS_實作前開發文檔包_必須涵蓋的設計規劃_設計原意_用戶需求_預期解決痛點_預期目標_功能表現_目的_定位_v2026.08.06-r1.md#COV-16/COV-16-FUNCTION,COV-16-FUNCTION,FUNCTION,提供 WorkspaceProfile、Provider Registry、Task/Agent/Workspace states、coordination/A2A、harness/loop、context/memory/skills、ops/release interfaces。,P0,F14-01,F15-02,PRE-08,PRE-15,PRESERVE_UPSTREAM_ITEM_WORDING_AND_ORACLE,NEG-REQ-126: alter the decisive meaning `提供 WorkspaceProfile、Provider Registry、Task/Agent/Workspace states、coo…` while retaining valid shape; expect ERR-REQ-126-FUNCTION-SEMANTIC and zero canonical mutation,F14-01,NONE_OWNER_PRESERVED,VALID_OWNER_PRESERVATION,DOC-16,DOC-16-H02,WP-13,RBWI-07,"CA-15,CA-16,CA-23,CA-27",SPEC-056,ACC-056,fixtures/requirements/req-126-workspaceprofile-provider-registry-t.yaml,"ORACLE-REQ-126-FUNCTION: positive produces typed output; negative/edge produce specified error or bounded degraded result; verify fixture-specific expected fields and reject semantic mutation, not merely missing metadata",positive_pass=1; negative_reject=1; edge_bounded=1,"evidence/requirements/req-126/{input,measurement,negative,checker,rollback}.json",GATE-REQ-126-FUNCTION,"REOPEN on source change, failed negative fixture, metric drift or owner reassignment",FINAL_R2_AUTHOR_SIDE_OWNER_LINEAGE_REBUILT / INDEPENDENT_SEMANTIC_REAUDIT_REQUIRED,TT-INDEPENDENT-NRTV-001
REQ-127,HG-KSEOS_實作前開發文檔包_必須涵蓋的設計規劃_設計原意_用戶需求_預期解決痛點_預期目標_功能表現_目的_定位_v2026.08.06-r1.md#COV-16/COV-16-PURPOSE,COV-16-PURPOSE,PURPOSE,把現成外部 Agent OS 轉成 HG-KSEOS 的可替換執行基座。,P0,F14-01,F15-02,PRE-08,PRE-15,PRESERVE_UPSTREAM_ITEM_WORDING_AND_ORACLE,NEG-REQ-127: alter the decisive meaning `把現成外部 Agent OS 轉成 HG-KSEOS 的可替換執行基座。` while retaining valid shape; expect ERR-REQ-127-PURPOSE-SEMANTIC and zero canonical mutation,F14-01,NONE_OWNER_PRESERVED,VALID_OWNER_PRESERVATION,DOC-16,DOC-16-H01,WP-13,RBWI-07,"CA-15,CA-16,CA-23,CA-27",SPEC-055,ACC-055,fixtures/requirements/req-127-agent-os-hg-kseos.yaml,"ORACLE-REQ-127-PURPOSE: purpose chain is complete and no governance/tool detail replaces the core user outcome; verify fixture-specific expected fields and reject semantic mutation, not merely missing metadata",pain_to_mechanism_edges>=1; mechanism_to_evidence_edges>=1; purpose_orphans=0,"evidence/requirements/req-127/{input,measurement,negative,checker,rollback}.json",GATE-REQ-127-PURPOSE,"REOPEN on source change, failed negative fixture, metric drift or owner reassignment",FINAL_R2_AUTHOR_SIDE_OWNER_LINEAGE_REBUILT / INDEPENDENT_SEMANTIC_REAUDIT_REQUIRED,TT-INDEPENDENT-NRTV-001
REQ-128,HG-KSEOS_實作前開發文檔包_必須涵蓋的設計規劃_設計原意_用戶需求_預期解決痛點_預期目標_功能表現_目的_定位_v2026.08.06-r1.md#COV-16/COV-16-POSITION,COV-16-POSITION,POSITION,Hermes 是 Primary/Preferred Provider 之一，不是不可替換 kernel；HG-KSEOS contract 永遠先於 Hermes implementation。,P0,F14-01,F15-02,PRE-08,PRE-15,PRESERVE_UPSTREAM_ITEM_WORDING_AND_ORACLE,NEG-REQ-128: alter the decisive meaning `Hermes 是 Primary/Preferred Provider 之一，不是不可替換 kernel；HG-KSEOS contrac…` while retaining valid shape; expect ERR-REQ-128-POSITION-SEMANTIC and zero canonical mutation,F14-01,NONE_OWNER_PRESERVED,VALID_OWNER_PRESERVATION,DOC-16,DOC-16-H02,WP-13,RBWI-07,"CA-15,CA-16,CA-23,CA-27",SPEC-056,ACC-056,fixtures/requirements/req-128-hermes-primary-preferred-provider-ke.yaml,"ORACLE-REQ-128-POSITION: boundary checker rejects the substitution and preserves the canonical owner; verify fixture-specific expected fields and reject semantic mutation, not merely missing metadata",owner_substitution_rejected=1; foreign_writer_count=0; second_root_count=0,"evidence/requirements/req-128/{input,measurement,negative,checker,rollback}.json",GATE-REQ-128-POSITION,"REOPEN on source change, failed negative fixture, metric drift or owner reassignment",FINAL_R2_AUTHOR_SIDE_OWNER_LINEAGE_REBUILT / INDEPENDENT_SEMANTIC_REAUDIT_REQUIRED,TT-INDEPENDENT-NRTV-001
REQ-129,HG-KSEOS_實作前開發文檔包_必須涵蓋的設計規劃_設計原意_用戶需求_預期解決痛點_預期目標_功能表現_目的_定位_v2026.08.06-r1.md#COV-17/COV-17-PLAN,COV-17-PLAN,PLAN,建立 HarnessPack、tool allowlist、sandbox/egress、idempotency、attempt/budget policy、checkpoint integrity、watchdog、terminal states、escalation、kill/rollback。,P0,F08-01,F15-02,PRE-17,PRE-18/PRE-26,PRESERVE_UPSTREAM_ITEM_WORDING_AND_ORACLE,NEG-REQ-129: alter the decisive meaning `建立 HarnessPack、tool allowlist、sandbox/egress、idempotency、attempt/budg…` while retaining valid shape; expect ERR-REQ-129-PLAN-SEMANTIC and zero canonical mutation,F08-01,NONE_OWNER_PRESERVED,VALID_OWNER_PRESERVATION,DOC-13,DOC-13-H01,WP-10,RBWI-10,"CA-17,CA-23,CA-25",SPEC-050,ACC-050,fixtures/requirements/req-129-harnesspack-tool-allowlist-sandbox-e.yaml,"ORACLE-REQ-129-PLAN: required object set equals source-enumerated set; no extra product root; verify fixture-specific expected fields and reject semantic mutation, not merely missing metadata",coverage_ratio=1.00; prohibited_root_count=0,"evidence/requirements/req-129/{input,measurement,negative,checker,rollback}.json",GATE-REQ-129-PLAN,"REOPEN on source change, failed negative fixture, metric drift or owner reassignment",FINAL_R2_AUTHOR_SIDE_OWNER_LINEAGE_REBUILT / INDEPENDENT_SEMANTIC_REAUDIT_REQUIRED,TT-INDEPENDENT-NRTV-001
REQ-130,HG-KSEOS_實作前開發文檔包_必須涵蓋的設計規劃_設計原意_用戶需求_預期解決痛點_預期目標_功能表現_目的_定位_v2026.08.06-r1.md#COV-17/COV-17-INTENT,COV-17-INTENT,INTENT,可靠性不是 prompt 技巧；必須由外部控制結構限制 Agent、工具與長任務。,P0,F08-01,F15-02,PRE-17,PRE-18/PRE-26,PRESERVE_UPSTREAM_ITEM_WORDING_AND_ORACLE,NEG-REQ-130: alter the decisive meaning `可靠性不是 prompt 技巧；必須由外部控制結構限制 Agent、工具與長任務。` while retaining valid shape; expect ERR-REQ-130-INTENT-SEMANTIC and zero canonical mutation,F08-01,NONE_OWNER_PRESERVED,VALID_OWNER_PRESERVATION,DOC-13,DOC-13-H01,WP-10,RBWI-10,"CA-17,CA-23,CA-25",SPEC-029,ACC-029,fixtures/requirements/req-130-prompt-agent.yaml,"ORACLE-REQ-130-INTENT: semantic entailment holds for accepted interpretation and fails for mutation; verify fixture-specific expected fields and reject semantic mutation, not merely missing metadata",accepted_assertions=1/1; rejected_mutation=1/1; authority_violation=0,"evidence/requirements/req-130/{input,measurement,negative,checker,rollback}.json",GATE-REQ-130-INTENT,"REOPEN on source change, failed negative fixture, metric drift or owner reassignment",FINAL_R2_AUTHOR_SIDE_OWNER_LINEAGE_REBUILT / INDEPENDENT_SEMANTIC_REAUDIT_REQUIRED,TT-INDEPENDENT-NRTV-001
REQ-131,HG-KSEOS_實作前開發文檔包_必須涵蓋的設計規劃_設計原意_用戶需求_預期解決痛點_預期目標_功能表現_目的_定位_v2026.08.06-r1.md#COV-17/COV-17-NEED,COV-17-NEED,NEED,使用者能安全執行較長或有副作用的任務，失敗可恢復、可解釋、不重複破壞。,P0,F08-01,F15-02,PRE-17,PRE-18/PRE-26,PRESERVE_UPSTREAM_ITEM_WORDING_AND_ORACLE,NEG-REQ-131: alter the decisive meaning `使用者能安全執行較長或有副作用的任務，失敗可恢復、可解釋、不重複破壞。` while retaining valid shape; expect ERR-REQ-131-NEED-SEMANTIC and zero canonical mutation,F08-01,NONE_OWNER_PRESERVED,VALID_OWNER_PRESERVATION,DOC-13,DOC-13-H01,WP-10,RBWI-10,"CA-17,CA-23,CA-25",SPEC-029,ACC-029,fixtures/requirements/req-131-artifact.yaml,"ORACLE-REQ-131-NEED: consumer returns deterministic ACK or field-specific NACK without consulting donor corpus; verify fixture-specific expected fields and reject semantic mutation, not merely missing metadata",required_field_recall=1.00; raw_volume_reads=0,"evidence/requirements/req-131/{input,measurement,negative,checker,rollback}.json",GATE-REQ-131-NEED,"REOPEN on source change, failed negative fixture, metric drift or owner reassignment",FINAL_R2_AUTHOR_SIDE_OWNER_LINEAGE_REBUILT / INDEPENDENT_SEMANTIC_REAUDIT_REQUIRED,TT-INDEPENDENT-NRTV-001
REQ-132,HG-KSEOS_實作前開發文檔包_必須涵蓋的設計規劃_設計原意_用戶需求_預期解決痛點_預期目標_功能表現_目的_定位_v2026.08.06-r1.md#COV-17/COV-17-PAIN,COV-17-PAIN,PAIN,無界 loop、retry storm、checkpoint 污染、重播造成重複副作用、工具權限過寬、失敗後持續運行。,P0,F08-01,F15-02,PRE-17,PRE-18/PRE-26,PRESERVE_UPSTREAM_ITEM_WORDING_AND_ORACLE,NEG-REQ-132: alter the decisive meaning `無界 loop、retry storm、checkpoint 污染、重播造成重複副作用、工具權限過寬、失敗後持續運行。` while retaining valid shape; expect ERR-REQ-132-PAIN-SEMANTIC and zero canonical mutation,F08-01,NONE_OWNER_PRESERVED,VALID_OWNER_PRESERVATION,DOC-13,DOC-13-H01,WP-10,RBWI-10,"CA-17,CA-23,CA-25",SPEC-029,ACC-029,fixtures/requirements/req-132-loop-retry-storm-checkpoint.yaml,"ORACLE-REQ-132-PAIN: typed detector identifies the named defect and blocks promotion without false acceptance; verify fixture-specific expected fields and reject semantic mutation, not merely missing metadata",named_failure_detected=1; canonical_mutations=0; false_accepts=0,"evidence/requirements/req-132/{input,measurement,negative,checker,rollback}.json",GATE-REQ-132-PAIN,"REOPEN on source change, failed negative fixture, metric drift or owner reassignment",FINAL_R2_AUTHOR_SIDE_OWNER_LINEAGE_REBUILT / INDEPENDENT_SEMANTIC_REAUDIT_REQUIRED,TT-INDEPENDENT-NRTV-001
REQ-133,HG-KSEOS_實作前開發文檔包_必須涵蓋的設計規劃_設計原意_用戶需求_預期解決痛點_預期目標_功能表現_目的_定位_v2026.08.06-r1.md#COV-17/COV-17-TARGET,COV-17-TARGET,TARGET,達成 bounded execution、可恢復、可取消、可重放與明確 terminal verdict。,P0,F08-01,F15-02,PRE-17,PRE-18/PRE-26,PRESERVE_UPSTREAM_ITEM_WORDING_AND_ORACLE,NEG-REQ-133: alter the decisive meaning `達成 bounded execution、可恢復、可取消、可重放與明確 terminal verdict。` while retaining valid shape; expect ERR-REQ-133-TARGET-SEMANTIC and zero canonical mutation,F08-01,NONE_OWNER_PRESERVED,VALID_OWNER_PRESERVATION,DOC-13,DOC-13-H01,WP-10,RBWI-10,"CA-17,CA-23,CA-25",SPEC-029,ACC-029,fixtures/requirements/req-133-bounded-execution-terminal-verdict.yaml,"ORACLE-REQ-133-TARGET: target metric, measurement method and counter-metric are all reported and thresholded; verify fixture-specific expected fields and reject semantic mutation, not merely missing metadata",measurement_fields=100%; target_met=true or BLOCKED; counter_metric_regression=0,"evidence/requirements/req-133/{input,measurement,negative,checker,rollback}.json",GATE-REQ-133-TARGET,"REOPEN on source change, failed negative fixture, metric drift or owner reassignment",FINAL_R2_AUTHOR_SIDE_OWNER_LINEAGE_REBUILT / INDEPENDENT_SEMANTIC_REAUDIT_REQUIRED,TT-INDEPENDENT-NRTV-001
REQ-134,HG-KSEOS_實作前開發文檔包_必須涵蓋的設計規劃_設計原意_用戶需求_預期解決痛點_預期目標_功能表現_目的_定位_v2026.08.06-r1.md#COV-17/COV-17-FUNCTION,COV-17-FUNCTION,FUNCTION,提供 state machine、retry taxonomy、budget/timeout、checkpoint hash、replay guard、watchdog、degrade matrix、incident artifact。,P0,F08-01,F15-02,PRE-17,PRE-18/PRE-26,PRESERVE_UPSTREAM_ITEM_WORDING_AND_ORACLE,NEG-REQ-134: alter the decisive meaning `提供 state machine、retry taxonomy、budget/timeout、checkpoint hash、replay…` while retaining valid shape; expect ERR-REQ-134-FUNCTION-SEMANTIC and zero canonical mutation,F08-01,NONE_OWNER_PRESERVED,VALID_OWNER_PRESERVATION,DOC-13,DOC-13-H01,WP-10,RBWI-10,"CA-17,CA-23,CA-25",SPEC-029,ACC-029,fixtures/requirements/req-134-state-machine-retry-taxonomy-budget-.yaml,"ORACLE-REQ-134-FUNCTION: positive produces typed output; negative/edge produce specified error or bounded degraded result; verify fixture-specific expected fields and reject semantic mutation, not merely missing metadata",positive_pass=1; negative_reject=1; edge_bounded=1,"evidence/requirements/req-134/{input,measurement,negative,checker,rollback}.json",GATE-REQ-134-FUNCTION,"REOPEN on source change, failed negative fixture, metric drift or owner reassignment",FINAL_R2_AUTHOR_SIDE_OWNER_LINEAGE_REBUILT / INDEPENDENT_SEMANTIC_REAUDIT_REQUIRED,TT-INDEPENDENT-NRTV-001
REQ-135,HG-KSEOS_實作前開發文檔包_必須涵蓋的設計規劃_設計原意_用戶需求_預期解決痛點_預期目標_功能表現_目的_定位_v2026.08.06-r1.md#COV-17/COV-17-PURPOSE,COV-17-PURPOSE,PURPOSE,把 Agent 能力轉成可運維的工程執行單元。,P0,F08-01,F15-02,PRE-17,PRE-18/PRE-26,PRESERVE_UPSTREAM_ITEM_WORDING_AND_ORACLE,NEG-REQ-135: alter the decisive meaning `把 Agent 能力轉成可運維的工程執行單元。` while retaining valid shape; expect ERR-REQ-135-PURPOSE-SEMANTIC and zero canonical mutation,F08-01,NONE_OWNER_PRESERVED,VALID_OWNER_PRESERVATION,DOC-13,DOC-13-H01,WP-10,RBWI-10,"CA-17,CA-23,CA-25",SPEC-029,ACC-029,fixtures/requirements/req-135-agent.yaml,"ORACLE-REQ-135-PURPOSE: purpose chain is complete and no governance/tool detail replaces the core user outcome; verify fixture-specific expected fields and reject semantic mutation, not merely missing metadata",pain_to_mechanism_edges>=1; mechanism_to_evidence_edges>=1; purpose_orphans=0,"evidence/requirements/req-135/{input,measurement,negative,checker,rollback}.json",GATE-REQ-135-PURPOSE,"REOPEN on source change, failed negative fixture, metric drift or owner reassignment",FINAL_R2_AUTHOR_SIDE_OWNER_LINEAGE_REBUILT / INDEPENDENT_SEMANTIC_REAUDIT_REQUIRED,TT-INDEPENDENT-NRTV-001
REQ-136,HG-KSEOS_實作前開發文檔包_必須涵蓋的設計規劃_設計原意_用戶需求_預期解決痛點_預期目標_功能表現_目的_定位_v2026.08.06-r1.md#COV-17/COV-17-POSITION,COV-17-POSITION,POSITION,Harness 控制副作用；Loop 控制時間與恢復；二者不替代 TaskSpec、Security 或 Release Authority。,P0,F08-01,F15-02,PRE-17,PRE-18/PRE-26,PRESERVE_UPSTREAM_ITEM_WORDING_AND_ORACLE,NEG-REQ-136: alter the decisive meaning `Harness 控制副作用；Loop 控制時間與恢復；二者不替代 TaskSpec、Security 或 Release Authorit…` while retaining valid shape; expect ERR-REQ-136-POSITION-SEMANTIC and zero canonical mutation,F08-01,NONE_OWNER_PRESERVED,VALID_OWNER_PRESERVATION,DOC-13,DOC-13-H01,WP-10,RBWI-10,"CA-17,CA-23,CA-25",SPEC-029,ACC-029,fixtures/requirements/req-136-harness-loop-taskspec-security-relea.yaml,"ORACLE-REQ-136-POSITION: boundary checker rejects the substitution and preserves the canonical owner; verify fixture-specific expected fields and reject semantic mutation, not merely missing metadata",owner_substitution_rejected=1; foreign_writer_count=0; second_root_count=0,"evidence/requirements/req-136/{input,measurement,negative,checker,rollback}.json",GATE-REQ-136-POSITION,"REOPEN on source change, failed negative fixture, metric drift or owner reassignment",FINAL_R2_AUTHOR_SIDE_OWNER_LINEAGE_REBUILT / INDEPENDENT_SEMANTIC_REAUDIT_REQUIRED,TT-INDEPENDENT-NRTV-001
REQ-137,HG-KSEOS_實作前開發文檔包_必須涵蓋的設計規劃_設計原意_用戶需求_預期解決痛點_預期目標_功能表現_目的_定位_v2026.08.06-r1.md#COV-18/COV-18-PLAN,COV-18-PLAN,PLAN,定義 context budget/packing、memory types/scope/TTL/conflict/forget、retrieval pipeline/citations/abstention、Typed KG edge provenance、CodeGraph staleness/impact；Git canonical、SQLite FTS baseline、vector/KG conditional。,LATER,F09-01,F15-02,PRE-19,PRE-20/PRE-23,PRESERVE_UPSTREAM_ITEM_WORDING_AND_ORACLE,NEG-REQ-137: alter the decisive meaning `定義 context budget/packing、memory types/scope/TTL/conflict/forget、retr…` while retaining valid shape; expect ERR-REQ-137-PLAN-SEMANTIC and zero canonical mutation,F09-01,NONE_OWNER_PRESERVED,VALID_OWNER_PRESERVATION,DOC-09,DOC-09-H02,WP-08,RBWI-12,"CA-19,CA-20,CA-22,CA-24",SPEC-043,ACC-043,fixtures/requirements/req-137-context-budget-packing-memory-types-.yaml,"ORACLE-REQ-137-PLAN: required object set equals source-enumerated set; no extra product root; verify fixture-specific expected fields and reject semantic mutation, not merely missing metadata",coverage_ratio=1.00; prohibited_root_count=0,"evidence/requirements/req-137/{input,measurement,negative,checker,rollback}.json",GATE-REQ-137-PLAN,"REOPEN on source change, failed negative fixture, metric drift or owner reassignment",FINAL_R2_AUTHOR_SIDE_OWNER_LINEAGE_REBUILT / INDEPENDENT_SEMANTIC_REAUDIT_REQUIRED,TT-INDEPENDENT-NRTV-001
REQ-138,HG-KSEOS_實作前開發文檔包_必須涵蓋的設計規劃_設計原意_用戶需求_預期解決痛點_預期目標_功能表現_目的_定位_v2026.08.06-r1.md#COV-18/COV-18-INTENT,COV-18-INTENT,INTENT,記憶與檢索服務當前任務與知識可用性，但不成為 canonical truth 或自動 policy。,LATER,F09-01,F15-02,PRE-19,PRE-20/PRE-23,PRESERVE_UPSTREAM_ITEM_WORDING_AND_ORACLE,NEG-REQ-138: alter the decisive meaning `記憶與檢索服務當前任務與知識可用性，但不成為 canonical truth 或自動 policy。` while retaining valid shape; expect ERR-REQ-138-INTENT-SEMANTIC and zero canonical mutation,F09-01,NONE_OWNER_PRESERVED,VALID_OWNER_PRESERVATION,DOC-09,DOC-09-H01,WP-08,RBWI-12,"CA-19,CA-20,CA-22,CA-24",SPEC-042,ACC-042,fixtures/requirements/req-138-canonical-truth-policy.yaml,"ORACLE-REQ-138-INTENT: semantic entailment holds for accepted interpretation and fails for mutation; verify fixture-specific expected fields and reject semantic mutation, not merely missing metadata",accepted_assertions=1/1; rejected_mutation=1/1; authority_violation=0,"evidence/requirements/req-138/{input,measurement,negative,checker,rollback}.json",GATE-REQ-138-INTENT,"REOPEN on source change, failed negative fixture, metric drift or owner reassignment",FINAL_R2_AUTHOR_SIDE_OWNER_LINEAGE_REBUILT / INDEPENDENT_SEMANTIC_REAUDIT_REQUIRED,TT-INDEPENDENT-NRTV-001
REQ-139,HG-KSEOS_實作前開發文檔包_必須涵蓋的設計規劃_設計原意_用戶需求_預期解決痛點_預期目標_功能表現_目的_定位_v2026.08.06-r1.md#COV-18/COV-18-NEED,COV-18-NEED,NEED,使用者/Agent 能取得足夠且可靠上下文，跨 session/長任務可恢復，且錯誤記憶可撤回。,LATER,F09-01,F15-02,PRE-19,PRE-20/PRE-23,PRESERVE_UPSTREAM_ITEM_WORDING_AND_ORACLE,NEG-REQ-139: alter the decisive meaning `使用者/Agent 能取得足夠且可靠上下文，跨 session/長任務可恢復，且錯誤記憶可撤回。` while retaining valid shape; expect ERR-REQ-139-NEED-SEMANTIC and zero canonical mutation,F09-01,NONE_OWNER_PRESERVED,VALID_OWNER_PRESERVATION,DOC-09,DOC-09-H01,WP-08,RBWI-12,"CA-19,CA-20,CA-22,CA-24",SPEC-042,ACC-042,fixtures/requirements/req-139-agent-session.yaml,"ORACLE-REQ-139-NEED: consumer returns deterministic ACK or field-specific NACK without consulting donor corpus; verify fixture-specific expected fields and reject semantic mutation, not merely missing metadata",required_field_recall=1.00; raw_volume_reads=0,"evidence/requirements/req-139/{input,measurement,negative,checker,rollback}.json",GATE-REQ-139-NEED,"REOPEN on source change, failed negative fixture, metric drift or owner reassignment",FINAL_R2_AUTHOR_SIDE_OWNER_LINEAGE_REBUILT / INDEPENDENT_SEMANTIC_REAUDIT_REQUIRED,TT-INDEPENDENT-NRTV-001
REQ-140,HG-KSEOS_實作前開發文檔包_必須涵蓋的設計規劃_設計原意_用戶需求_預期解決痛點_預期目標_功能表現_目的_定位_v2026.08.06-r1.md#COV-18/COV-18-PAIN,COV-18-PAIN,PAIN,全量上下文爆炸、長期記憶污染、RAG 幻覺、KG/Vector/Obsidian 多套 truth、CodeGraph 過期。,LATER,F09-01,F15-02,PRE-19,PRE-20/PRE-23,PRESERVE_UPSTREAM_ITEM_WORDING_AND_ORACLE,NEG-REQ-140: alter the decisive meaning `全量上下文爆炸、長期記憶污染、RAG 幻覺、KG/Vector/Obsidian 多套 truth、CodeGraph 過期。` while retaining valid shape; expect ERR-REQ-140-PAIN-SEMANTIC and zero canonical mutation,F09-01,NONE_OWNER_PRESERVED,VALID_OWNER_PRESERVATION,DOC-09,DOC-09-H01,WP-08,RBWI-12,"CA-19,CA-20,CA-22,CA-24",SPEC-042,ACC-042,fixtures/requirements/req-140-rag-kg-vector-obsidian-truth-codegra.yaml,"ORACLE-REQ-140-PAIN: typed detector identifies the named defect and blocks promotion without false acceptance; verify fixture-specific expected fields and reject semantic mutation, not merely missing metadata",named_failure_detected=1; canonical_mutations=0; false_accepts=0,"evidence/requirements/req-140/{input,measurement,negative,checker,rollback}.json",GATE-REQ-140-PAIN,"REOPEN on source change, failed negative fixture, metric drift or owner reassignment",FINAL_R2_AUTHOR_SIDE_OWNER_LINEAGE_REBUILT / INDEPENDENT_SEMANTIC_REAUDIT_REQUIRED,TT-INDEPENDENT-NRTV-001
REQ-141,HG-KSEOS_實作前開發文檔包_必須涵蓋的設計規劃_設計原意_用戶需求_預期解決痛點_預期目標_功能表現_目的_定位_v2026.08.06-r1.md#COV-18/COV-18-TARGET,COV-18-TARGET,TARGET,建立最小 P0 lexical/source-backed 能力，按實測缺口漸進加入 persistent memory、semantic retrieval、Typed KG/CodeGraph。,LATER,F09-01,F15-02,PRE-19,PRE-20/PRE-23,PRESERVE_UPSTREAM_ITEM_WORDING_AND_ORACLE,NEG-REQ-141: alter the decisive meaning `建立最小 P0 lexical/source-backed 能力，按實測缺口漸進加入 persistent memory、semantic…` while retaining valid shape; expect ERR-REQ-141-TARGET-SEMANTIC and zero canonical mutation,F09-01,NONE_OWNER_PRESERVED,VALID_OWNER_PRESERVATION,DOC-09,DOC-09-H01,WP-08,RBWI-12,"CA-19,CA-20,CA-22,CA-24",SPEC-043,ACC-043,fixtures/requirements/req-141-p0-lexical-source-backed-persistent-.yaml,"ORACLE-REQ-141-TARGET: target metric, measurement method and counter-metric are all reported and thresholded; verify fixture-specific expected fields and reject semantic mutation, not merely missing metadata",measurement_fields=100%; target_met=true or BLOCKED; counter_metric_regression=0,"evidence/requirements/req-141/{input,measurement,negative,checker,rollback}.json",GATE-REQ-141-TARGET,"REOPEN on source change, failed negative fixture, metric drift or owner reassignment",FINAL_R2_AUTHOR_SIDE_OWNER_LINEAGE_REBUILT / INDEPENDENT_SEMANTIC_REAUDIT_REQUIRED,TT-INDEPENDENT-NRTV-001
REQ-142,HG-KSEOS_實作前開發文檔包_必須涵蓋的設計規劃_設計原意_用戶需求_預期解決痛點_預期目標_功能表現_目的_定位_v2026.08.06-r1.md#COV-18/COV-18-FUNCTION,COV-18-FUNCTION,FUNCTION,提供 provenance/freshness/revocation/conflict、citation/abstention、rebuild/delete propagation、staleness/impact warnings。,LATER,F09-01,F15-02,PRE-19,PRE-20/PRE-23,PRESERVE_UPSTREAM_ITEM_WORDING_AND_ORACLE,NEG-REQ-142: alter the decisive meaning `提供 provenance/freshness/revocation/conflict、citation/abstention、rebui…` while retaining valid shape; expect ERR-REQ-142-FUNCTION-SEMANTIC and zero canonical mutation,F09-01,NONE_OWNER_PRESERVED,VALID_OWNER_PRESERVATION,DOC-09,DOC-09-H01,WP-08,RBWI-12,"CA-19,CA-20,CA-22,CA-24",SPEC-042,ACC-042,fixtures/requirements/req-142-provenance-freshness-revocation-conf.yaml,"ORACLE-REQ-142-FUNCTION: positive produces typed output; negative/edge produce specified error or bounded degraded result; verify fixture-specific expected fields and reject semantic mutation, not merely missing metadata",positive_pass=1; negative_reject=1; edge_bounded=1,"evidence/requirements/req-142/{input,measurement,negative,checker,rollback}.json",GATE-REQ-142-FUNCTION,"REOPEN on source change, failed negative fixture, metric drift or owner reassignment",FINAL_R2_AUTHOR_SIDE_OWNER_LINEAGE_REBUILT / INDEPENDENT_SEMANTIC_REAUDIT_REQUIRED,TT-INDEPENDENT-NRTV-001
REQ-143,HG-KSEOS_實作前開發文檔包_必須涵蓋的設計規劃_設計原意_用戶需求_預期解決痛點_預期目標_功能表現_目的_定位_v2026.08.06-r1.md#COV-18/COV-18-PURPOSE,COV-18-PURPOSE,PURPOSE,支撐知識、工程定義、coding 與演進，但保持可替換與低運維。,LATER,F09-01,F15-02,PRE-19,PRE-20/PRE-23,PRESERVE_UPSTREAM_ITEM_WORDING_AND_ORACLE,NEG-REQ-143: alter the decisive meaning `支撐知識、工程定義、coding 與演進，但保持可替換與低運維。` while retaining valid shape; expect ERR-REQ-143-PURPOSE-SEMANTIC and zero canonical mutation,F09-01,NONE_OWNER_PRESERVED,VALID_OWNER_PRESERVATION,DOC-09,DOC-09-H01,WP-08,RBWI-12,"CA-19,CA-20,CA-22,CA-24",SPEC-042,ACC-042,fixtures/requirements/req-143-coding.yaml,"ORACLE-REQ-143-PURPOSE: purpose chain is complete and no governance/tool detail replaces the core user outcome; verify fixture-specific expected fields and reject semantic mutation, not merely missing metadata",pain_to_mechanism_edges>=1; mechanism_to_evidence_edges>=1; purpose_orphans=0,"evidence/requirements/req-143/{input,measurement,negative,checker,rollback}.json",GATE-REQ-143-PURPOSE,"REOPEN on source change, failed negative fixture, metric drift or owner reassignment",FINAL_R2_AUTHOR_SIDE_OWNER_LINEAGE_REBUILT / INDEPENDENT_SEMANTIC_REAUDIT_REQUIRED,TT-INDEPENDENT-NRTV-001
REQ-144,HG-KSEOS_實作前開發文檔包_必須涵蓋的設計規劃_設計原意_用戶需求_預期解決痛點_預期目標_功能表現_目的_定位_v2026.08.06-r1.md#COV-18/COV-18-POSITION,COV-18-POSITION,POSITION,Git Markdown/Source Ledger 為 canonical；SQLite FTS/BM25 為 P0 baseline；Vector/KG/Obsidian/CodeGraph 為 optional derived/advisory provider。,LATER,F09-01,F15-02,PRE-19,PRE-20/PRE-23,PRESERVE_UPSTREAM_ITEM_WORDING_AND_ORACLE,NEG-REQ-144: alter the decisive meaning `Git Markdown/Source Ledger 為 canonical；SQLite FTS/BM25 為 P0 baseline；…` while retaining valid shape; expect ERR-REQ-144-POSITION-SEMANTIC and zero canonical mutation,F09-01,NONE_OWNER_PRESERVED,VALID_OWNER_PRESERVATION,DOC-09,DOC-09-H01,WP-08,RBWI-12,"CA-19,CA-20,CA-22,CA-24",SPEC-042,ACC-042,fixtures/requirements/req-144-git-markdown-source-ledger-canonical.yaml,"ORACLE-REQ-144-POSITION: boundary checker rejects the substitution and preserves the canonical owner; verify fixture-specific expected fields and reject semantic mutation, not merely missing metadata",owner_substitution_rejected=1; foreign_writer_count=0; second_root_count=0,"evidence/requirements/req-144/{input,measurement,negative,checker,rollback}.json",GATE-REQ-144-POSITION,"REOPEN on source change, failed negative fixture, metric drift or owner reassignment",FINAL_R2_AUTHOR_SIDE_OWNER_LINEAGE_REBUILT / INDEPENDENT_SEMANTIC_REAUDIT_REQUIRED,TT-INDEPENDENT-NRTV-001
REQ-145,HG-KSEOS_實作前開發文檔包_必須涵蓋的設計規劃_設計原意_用戶需求_預期解決痛點_預期目標_功能表現_目的_定位_v2026.08.06-r1.md#COV-19/COV-19-PLAN,COV-19-PLAN,PLAN,建立 Capability Slot、Provider Contract、Adapter Contract、QuerySet≥6/Top12/rubric、FIT/GAP、license/security/maintenance/docs/integration、XOR/primary/fallback、certification/degrade/retire。,P0,F14-01,F15-02,PRE-08,PRE-29,PRESERVE_UPSTREAM_ITEM_WORDING_AND_ORACLE,NEG-REQ-145: alter the decisive meaning `建立 Capability Slot、Provider Contract、Adapter Contract、QuerySet≥6/Top1…` while retaining valid shape; expect ERR-REQ-145-PLAN-SEMANTIC and zero canonical mutation,F14-01,NONE_OWNER_PRESERVED,VALID_OWNER_PRESERVATION,DOC-16,DOC-16-H01,WP-13,RBWI-07,"CA-15,CA-16,CA-23,CA-27",SPEC-056,ACC-056,fixtures/requirements/req-145-capability-slot-provider-contract-ad.yaml,"ORACLE-REQ-145-PLAN: required object set equals source-enumerated set; no extra product root; verify fixture-specific expected fields and reject semantic mutation, not merely missing metadata",coverage_ratio=1.00; prohibited_root_count=0,"evidence/requirements/req-145/{input,measurement,negative,checker,rollback}.json",GATE-REQ-145-PLAN,"REOPEN on source change, failed negative fixture, metric drift or owner reassignment",FINAL_R2_AUTHOR_SIDE_OWNER_LINEAGE_REBUILT / INDEPENDENT_SEMANTIC_REAUDIT_REQUIRED,TT-INDEPENDENT-NRTV-001
REQ-146,HG-KSEOS_實作前開發文檔包_必須涵蓋的設計規劃_設計原意_用戶需求_預期解決痛點_預期目標_功能表現_目的_定位_v2026.08.06-r1.md#COV-19/COV-19-INTENT,COV-19-INTENT,INTENT,不重造輪子但也不盲目追熱門；產品需求與 contract 先於工具。,P0,F14-01,F15-02,PRE-08,PRE-29,PRESERVE_UPSTREAM_ITEM_WORDING_AND_ORACLE,NEG-REQ-146: alter the decisive meaning `不重造輪子但也不盲目追熱門；產品需求與 contract 先於工具。` while retaining valid shape; expect ERR-REQ-146-INTENT-SEMANTIC and zero canonical mutation,F14-01,NONE_OWNER_PRESERVED,VALID_OWNER_PRESERVATION,DOC-16,DOC-16-H01,WP-13,RBWI-07,"CA-15,CA-16,CA-23,CA-27",SPEC-096,ACC-096,fixtures/requirements/req-146-contract.yaml,"ORACLE-REQ-146-INTENT: semantic entailment holds for accepted interpretation and fails for mutation; verify fixture-specific expected fields and reject semantic mutation, not merely missing metadata",accepted_assertions=1/1; rejected_mutation=1/1; authority_violation=0,"evidence/requirements/req-146/{input,measurement,negative,checker,rollback}.json",GATE-REQ-146-INTENT,"REOPEN on source change, failed negative fixture, metric drift or owner reassignment",FINAL_R2_AUTHOR_SIDE_OWNER_LINEAGE_REBUILT / INDEPENDENT_SEMANTIC_REAUDIT_REQUIRED,TT-INDEPENDENT-NRTV-001
REQ-147,HG-KSEOS_實作前開發文檔包_必須涵蓋的設計規劃_設計原意_用戶需求_預期解決痛點_預期目標_功能表現_目的_定位_v2026.08.06-r1.md#COV-19/COV-19-NEED,COV-19-NEED,NEED,使用者可重用成熟工具、降低開發時間，又能在工具退化/停更/不適配時替換。,P0,F14-01,F15-02,PRE-08,PRE-29,PRESERVE_UPSTREAM_ITEM_WORDING_AND_ORACLE,NEG-REQ-147: alter the decisive meaning `使用者可重用成熟工具、降低開發時間，又能在工具退化/停更/不適配時替換。` while retaining valid shape; expect ERR-REQ-147-NEED-SEMANTIC and zero canonical mutation,F14-01,NONE_OWNER_PRESERVED,VALID_OWNER_PRESERVATION,DOC-16,DOC-16-H01,WP-13,RBWI-07,"CA-15,CA-16,CA-23,CA-27",SPEC-055,ACC-055,fixtures/requirements/req-147-artifact.yaml,"ORACLE-REQ-147-NEED: consumer returns deterministic ACK or field-specific NACK without consulting donor corpus; verify fixture-specific expected fields and reject semantic mutation, not merely missing metadata",required_field_recall=1.00; raw_volume_reads=0,"evidence/requirements/req-147/{input,measurement,negative,checker,rollback}.json",GATE-REQ-147-NEED,"REOPEN on source change, failed negative fixture, metric drift or owner reassignment",FINAL_R2_AUTHOR_SIDE_OWNER_LINEAGE_REBUILT / INDEPENDENT_SEMANTIC_REAUDIT_REQUIRED,TT-INDEPENDENT-NRTV-001
REQ-148,HG-KSEOS_實作前開發文檔包_必須涵蓋的設計規劃_設計原意_用戶需求_預期解決痛點_預期目標_功能表現_目的_定位_v2026.08.06-r1.md#COV-19/COV-19-PAIN,COV-19-PAIN,PAIN,工具品牌變成規範、宣告即啟用、同類 Provider 疊裝、負評/Stars 偏誤、整合成本高於收益。,P0,F14-01,F15-02,PRE-08,PRE-29,PRESERVE_UPSTREAM_ITEM_WORDING_AND_ORACLE,NEG-REQ-148: alter the decisive meaning `工具品牌變成規範、宣告即啟用、同類 Provider 疊裝、負評/Stars 偏誤、整合成本高於收益。` while retaining valid shape; expect ERR-REQ-148-PAIN-SEMANTIC and zero canonical mutation,F14-01,NONE_OWNER_PRESERVED,VALID_OWNER_PRESERVATION,DOC-16,DOC-16-H02,WP-13,RBWI-07,"CA-15,CA-16,CA-23,CA-27",SPEC-056,ACC-056,fixtures/requirements/req-148-provider-stars.yaml,"ORACLE-REQ-148-PAIN: typed detector identifies the named defect and blocks promotion without false acceptance; verify fixture-specific expected fields and reject semantic mutation, not merely missing metadata",named_failure_detected=1; canonical_mutations=0; false_accepts=0,"evidence/requirements/req-148/{input,measurement,negative,checker,rollback}.json",GATE-REQ-148-PAIN,"REOPEN on source change, failed negative fixture, metric drift or owner reassignment",FINAL_R2_AUTHOR_SIDE_OWNER_LINEAGE_REBUILT / INDEPENDENT_SEMANTIC_REAUDIT_REQUIRED,TT-INDEPENDENT-NRTV-001
REQ-149,HG-KSEOS_實作前開發文檔包_必須涵蓋的設計規劃_設計原意_用戶需求_預期解決痛點_預期目標_功能表現_目的_定位_v2026.08.06-r1.md#COV-19/COV-19-TARGET,COV-19-TARGET,TARGET,形成可重跑的 tool scout 與採用決策，明確 rejected reasons 與 reversal trigger。,P0,F14-01,F15-02,PRE-08,PRE-29,PRESERVE_UPSTREAM_ITEM_WORDING_AND_ORACLE,NEG-REQ-149: alter the decisive meaning `形成可重跑的 tool scout 與採用決策，明確 rejected reasons 與 reversal trigger。` while retaining valid shape; expect ERR-REQ-149-TARGET-SEMANTIC and zero canonical mutation,F14-01,NONE_OWNER_PRESERVED,VALID_OWNER_PRESERVATION,DOC-16,DOC-16-H01,WP-13,RBWI-07,"CA-15,CA-16,CA-23,CA-27",SPEC-096,ACC-096,fixtures/requirements/req-149-tool-scout-rejected-reasons-reversal.yaml,"ORACLE-REQ-149-TARGET: target metric, measurement method and counter-metric are all reported and thresholded; verify fixture-specific expected fields and reject semantic mutation, not merely missing metadata",measurement_fields=100%; target_met=true or BLOCKED; counter_metric_regression=0,"evidence/requirements/req-149/{input,measurement,negative,checker,rollback}.json",GATE-REQ-149-TARGET,"REOPEN on source change, failed negative fixture, metric drift or owner reassignment",FINAL_R2_AUTHOR_SIDE_OWNER_LINEAGE_REBUILT / INDEPENDENT_SEMANTIC_REAUDIT_REQUIRED,TT-INDEPENDENT-NRTV-001
REQ-150,HG-KSEOS_實作前開發文檔包_必須涵蓋的設計規劃_設計原意_用戶需求_預期解決痛點_預期目標_功能表現_目的_定位_v2026.08.06-r1.md#COV-19/COV-19-FUNCTION,COV-19-FUNCTION,FUNCTION,提供 registry、state machine、scorecard、pilot evidence、compatibility matrix、fallback/degrade/retire。,P0,F14-01,F15-02,PRE-08,PRE-29,PRESERVE_UPSTREAM_ITEM_WORDING_AND_ORACLE,NEG-REQ-150: alter the decisive meaning `提供 registry、state machine、scorecard、pilot evidence、compatibility matr…` while retaining valid shape; expect ERR-REQ-150-FUNCTION-SEMANTIC and zero canonical mutation,F14-01,NONE_OWNER_PRESERVED,VALID_OWNER_PRESERVATION,DOC-16,DOC-16-H01,WP-13,RBWI-07,"CA-15,CA-16,CA-23,CA-27",SPEC-055,ACC-055,fixtures/requirements/req-150-registry-state-machine-scorecard-pil.yaml,"ORACLE-REQ-150-FUNCTION: positive produces typed output; negative/edge produce specified error or bounded degraded result; verify fixture-specific expected fields and reject semantic mutation, not merely missing metadata",positive_pass=1; negative_reject=1; edge_bounded=1,"evidence/requirements/req-150/{input,measurement,negative,checker,rollback}.json",GATE-REQ-150-FUNCTION,"REOPEN on source change, failed negative fixture, metric drift or owner reassignment",FINAL_R2_AUTHOR_SIDE_OWNER_LINEAGE_REBUILT / INDEPENDENT_SEMANTIC_REAUDIT_REQUIRED,TT-INDEPENDENT-NRTV-001
REQ-151,HG-KSEOS_實作前開發文檔包_必須涵蓋的設計規劃_設計原意_用戶需求_預期解決痛點_預期目標_功能表現_目的_定位_v2026.08.06-r1.md#COV-19/COV-19-PURPOSE,COV-19-PURPOSE,PURPOSE,最大化現成能力並維持低磨合、可控成本與長期替換性。,P0,F14-01,F15-02,PRE-08,PRE-29,PRESERVE_UPSTREAM_ITEM_WORDING_AND_ORACLE,NEG-REQ-151: alter the decisive meaning `最大化現成能力並維持低磨合、可控成本與長期替換性。` while retaining valid shape; expect ERR-REQ-151-PURPOSE-SEMANTIC and zero canonical mutation,F14-01,NONE_OWNER_PRESERVED,VALID_OWNER_PRESERVATION,DOC-16,DOC-16-H01,WP-13,RBWI-07,"CA-15,CA-16,CA-23,CA-27",SPEC-055,ACC-055,fixtures/requirements/req-151-artifact.yaml,"ORACLE-REQ-151-PURPOSE: purpose chain is complete and no governance/tool detail replaces the core user outcome; verify fixture-specific expected fields and reject semantic mutation, not merely missing metadata",pain_to_mechanism_edges>=1; mechanism_to_evidence_edges>=1; purpose_orphans=0,"evidence/requirements/req-151/{input,measurement,negative,checker,rollback}.json",GATE-REQ-151-PURPOSE,"REOPEN on source change, failed negative fixture, metric drift or owner reassignment",FINAL_R2_AUTHOR_SIDE_OWNER_LINEAGE_REBUILT / INDEPENDENT_SEMANTIC_REAUDIT_REQUIRED,TT-INDEPENDENT-NRTV-001
REQ-152,HG-KSEOS_實作前開發文檔包_必須涵蓋的設計規劃_設計原意_用戶需求_預期解決痛點_預期目標_功能表現_目的_定位_v2026.08.06-r1.md#COV-19/COV-19-POSITION,COV-19-POSITION,POSITION,Tool/Provider 是 capability implementation；Adapter 是邊界轉換；都不取得產品/資料/release authority。,P0,F14-01,F15-02,PRE-08,PRE-29,PRESERVE_UPSTREAM_ITEM_WORDING_AND_ORACLE,NEG-REQ-152: alter the decisive meaning `Tool/Provider 是 capability implementation；Adapter 是邊界轉換；都不取得產品/資料/rel…` while retaining valid shape; expect ERR-REQ-152-POSITION-SEMANTIC and zero canonical mutation,F14-01,NONE_OWNER_PRESERVED,VALID_OWNER_PRESERVATION,DOC-16,DOC-16-H01,WP-13,RBWI-07,"CA-15,CA-16,CA-23,CA-27",SPEC-055,ACC-055,fixtures/requirements/req-152-tool-provider-capability-implementat.yaml,"ORACLE-REQ-152-POSITION: boundary checker rejects the substitution and preserves the canonical owner; verify fixture-specific expected fields and reject semantic mutation, not merely missing metadata",owner_substitution_rejected=1; foreign_writer_count=0; second_root_count=0,"evidence/requirements/req-152/{input,measurement,negative,checker,rollback}.json",GATE-REQ-152-POSITION,"REOPEN on source change, failed negative fixture, metric drift or owner reassignment",FINAL_R2_AUTHOR_SIDE_OWNER_LINEAGE_REBUILT / INDEPENDENT_SEMANTIC_REAUDIT_REQUIRED,TT-INDEPENDENT-NRTV-001
REQ-153,HG-KSEOS_實作前開發文檔包_必須涵蓋的設計規劃_設計原意_用戶需求_預期解決痛點_預期目標_功能表現_目的_定位_v2026.08.06-r1.md#COV-20/COV-20-PLAN,COV-20-PLAN,PLAN,定義 capability_package_id、trigger/negative trigger、input/output schema、allowed tools、permissions、provider binding、eval、version/supersession/revocation、owner/checker。,LATER,F10-01,F15-02,PRE-21,PRE-22/PRE-13,PRESERVE_UPSTREAM_ITEM_WORDING_AND_ORACLE,NEG-REQ-153: alter the decisive meaning `定義 capabilitypackageid、trigger/negative trigger、input/output schema、a…` while retaining valid shape; expect ERR-REQ-153-PLAN-SEMANTIC and zero canonical mutation,F10-01,NONE_OWNER_PRESERVED,VALID_OWNER_PRESERVATION,DOC-15,DOC-15-H03,WP-12,RBWI-06,"CA-11,CA-12,CA-13,CA-14",SPEC-052,ACC-052,fixtures/requirements/req-153-capabilitypackageid-trigger-negative.yaml,"ORACLE-REQ-153-PLAN: required object set equals source-enumerated set; no extra product root; verify fixture-specific expected fields and reject semantic mutation, not merely missing metadata",coverage_ratio=1.00; prohibited_root_count=0,"evidence/requirements/req-153/{input,measurement,negative,checker,rollback}.json",GATE-REQ-153-PLAN,"REOPEN on source change, failed negative fixture, metric drift or owner reassignment",FINAL_R2_AUTHOR_SIDE_OWNER_LINEAGE_REBUILT / INDEPENDENT_SEMANTIC_REAUDIT_REQUIRED,TT-INDEPENDENT-NRTV-001
REQ-154,HG-KSEOS_實作前開發文檔包_必須涵蓋的設計規劃_設計原意_用戶需求_預期解決痛點_預期目標_功能表現_目的_定位_v2026.08.06-r1.md#COV-20/COV-20-INTENT,COV-20-INTENT,INTENT,方法論與 prompt 可重用，但必須翻譯成 HG-KSEOS-native artifacts/roles/gates；不能直接取得控制權。,LATER,F10-01,F15-02,PRE-21,PRE-22/PRE-13,PRESERVE_UPSTREAM_ITEM_WORDING_AND_ORACLE,NEG-REQ-154: alter the decisive meaning `方法論與 prompt 可重用，但必須翻譯成 HG-KSEOS-native artifacts/roles/gates；不能直接取得控制…` while retaining valid shape; expect ERR-REQ-154-INTENT-SEMANTIC and zero canonical mutation,F10-01,NONE_OWNER_PRESERVED,VALID_OWNER_PRESERVATION,DOC-15,DOC-15-H05,WP-12,RBWI-06,"CA-11,CA-12,CA-13,CA-14",SPEC-054,ACC-054,fixtures/requirements/req-154-prompt-hg-kseos-native-artifacts-rol.yaml,"ORACLE-REQ-154-INTENT: semantic entailment holds for accepted interpretation and fails for mutation; verify fixture-specific expected fields and reject semantic mutation, not merely missing metadata",accepted_assertions=1/1; rejected_mutation=1/1; authority_violation=0,"evidence/requirements/req-154/{input,measurement,negative,checker,rollback}.json",GATE-REQ-154-INTENT,"REOPEN on source change, failed negative fixture, metric drift or owner reassignment",FINAL_R2_AUTHOR_SIDE_OWNER_LINEAGE_REBUILT / INDEPENDENT_SEMANTIC_REAUDIT_REQUIRED,TT-INDEPENDENT-NRTV-001
REQ-155,HG-KSEOS_實作前開發文檔包_必須涵蓋的設計規劃_設計原意_用戶需求_預期解決痛點_預期目標_功能表現_目的_定位_v2026.08.06-r1.md#COV-20/COV-20-NEED,COV-20-NEED,NEED,其他 AI 可依明確 package 契約選用正確 Prompt/Skill/Agent Component，而不需要猜使用時機。,LATER,F10-01,F15-02,PRE-21,PRE-22/PRE-13,PRESERVE_UPSTREAM_ITEM_WORDING_AND_ORACLE,NEG-REQ-155: alter the decisive meaning `其他 AI 可依明確 package 契約選用正確 Prompt/Skill/Agent Component，而不需要猜使用時機。` while retaining valid shape; expect ERR-REQ-155-NEED-SEMANTIC and zero canonical mutation,F10-01,NONE_OWNER_PRESERVED,VALID_OWNER_PRESERVATION,DOC-15,DOC-15-H03,WP-12,RBWI-06,"CA-11,CA-12,CA-13,CA-14",SPEC-053,ACC-053,fixtures/requirements/req-155-ai-package-prompt-skill-agent-compon.yaml,"ORACLE-REQ-155-NEED: consumer returns deterministic ACK or field-specific NACK without consulting donor corpus; verify fixture-specific expected fields and reject semantic mutation, not merely missing metadata",required_field_recall=1.00; raw_volume_reads=0,"evidence/requirements/req-155/{input,measurement,negative,checker,rollback}.json",GATE-REQ-155-NEED,"REOPEN on source change, failed negative fixture, metric drift or owner reassignment",FINAL_R2_AUTHOR_SIDE_OWNER_LINEAGE_REBUILT / INDEPENDENT_SEMANTIC_REAUDIT_REQUIRED,TT-INDEPENDENT-NRTV-001
REQ-156,HG-KSEOS_實作前開發文檔包_必須涵蓋的設計規劃_設計原意_用戶需求_預期解決痛點_預期目標_功能表現_目的_定位_v2026.08.06-r1.md#COV-20/COV-20-PAIN,COV-20-PAIN,PAIN,Prompt 漂移、Skills 僅名稱存在、AGENTS.md 與主規格衝突、MCP 工具投毒、外部 workflow 形成第二 lifecycle。,LATER,F10-01,F15-02,PRE-21,PRE-22/PRE-13,PRESERVE_UPSTREAM_ITEM_WORDING_AND_ORACLE,NEG-REQ-156: alter the decisive meaning `Prompt 漂移、Skills 僅名稱存在、AGENTS.md 與主規格衝突、MCP 工具投毒、外部 workflow 形成第二 lif…` while retaining valid shape; expect ERR-REQ-156-PAIN-SEMANTIC and zero canonical mutation,F10-01,NONE_OWNER_PRESERVED,VALID_OWNER_PRESERVATION,DOC-15,DOC-15-H04,WP-12,RBWI-06,"CA-11,CA-12,CA-13,CA-14",SPEC-054,ACC-054,fixtures/requirements/req-156-prompt-skills-agents-md-mcp-workflow.yaml,"ORACLE-REQ-156-PAIN: typed detector identifies the named defect and blocks promotion without false acceptance; verify fixture-specific expected fields and reject semantic mutation, not merely missing metadata",named_failure_detected=1; canonical_mutations=0; false_accepts=0,"evidence/requirements/req-156/{input,measurement,negative,checker,rollback}.json",GATE-REQ-156-PAIN,"REOPEN on source change, failed negative fixture, metric drift or owner reassignment",FINAL_R2_AUTHOR_SIDE_OWNER_LINEAGE_REBUILT / INDEPENDENT_SEMANTIC_REAUDIT_REQUIRED,TT-INDEPENDENT-NRTV-001
REQ-157,HG-KSEOS_實作前開發文檔包_必須涵蓋的設計規劃_設計原意_用戶需求_預期解決痛點_預期目標_功能表現_目的_定位_v2026.08.06-r1.md#COV-20/COV-20-TARGET,COV-20-TARGET,TARGET,建立可發現、可評測、可撤回、可替換且安全的 Agent Engineering Stack。,LATER,F10-01,F15-02,PRE-21,PRE-22/PRE-13,PRESERVE_UPSTREAM_ITEM_WORDING_AND_ORACLE,NEG-REQ-157: alter the decisive meaning `建立可發現、可評測、可撤回、可替換且安全的 Agent Engineering Stack。` while retaining valid shape; expect ERR-REQ-157-TARGET-SEMANTIC and zero canonical mutation,F10-01,NONE_OWNER_PRESERVED,VALID_OWNER_PRESERVATION,DOC-15,DOC-15-H01,WP-12,RBWI-06,"CA-11,CA-12,CA-13,CA-14",SPEC-052,ACC-052,fixtures/requirements/req-157-agent-engineering-stack.yaml,"ORACLE-REQ-157-TARGET: target metric, measurement method and counter-metric are all reported and thresholded; verify fixture-specific expected fields and reject semantic mutation, not merely missing metadata",measurement_fields=100%; target_met=true or BLOCKED; counter_metric_regression=0,"evidence/requirements/req-157/{input,measurement,negative,checker,rollback}.json",GATE-REQ-157-TARGET,"REOPEN on source change, failed negative fixture, metric drift or owner reassignment",FINAL_R2_AUTHOR_SIDE_OWNER_LINEAGE_REBUILT / INDEPENDENT_SEMANTIC_REAUDIT_REQUIRED,TT-INDEPENDENT-NRTV-001
REQ-158,HG-KSEOS_實作前開發文檔包_必須涵蓋的設計規劃_設計原意_用戶需求_預期解決痛點_預期目標_功能表現_目的_定位_v2026.08.06-r1.md#COV-20/COV-20-FUNCTION,COV-20-FUNCTION,FUNCTION,提供 core/expanded instructions split、skill trigger、tool scopes、MCP auth/audit/HITL、prompt fixture/eval、component compiler。,LATER,F10-01,F15-02,PRE-21,PRE-22/PRE-13,PRESERVE_UPSTREAM_ITEM_WORDING_AND_ORACLE,NEG-REQ-158: alter the decisive meaning `提供 core/expanded instructions split、skill trigger、tool scopes、MCP aut…` while retaining valid shape; expect ERR-REQ-158-FUNCTION-SEMANTIC and zero canonical mutation,F10-01,NONE_OWNER_PRESERVED,VALID_OWNER_PRESERVATION,DOC-15,DOC-15-H03,WP-12,RBWI-06,"CA-11,CA-12,CA-13,CA-14",SPEC-054,ACC-054,fixtures/requirements/req-158-core-expanded-instructions-split-ski.yaml,"ORACLE-REQ-158-FUNCTION: positive produces typed output; negative/edge produce specified error or bounded degraded result; verify fixture-specific expected fields and reject semantic mutation, not merely missing metadata",positive_pass=1; negative_reject=1; edge_bounded=1,"evidence/requirements/req-158/{input,measurement,negative,checker,rollback}.json",GATE-REQ-158-FUNCTION,"REOPEN on source change, failed negative fixture, metric drift or owner reassignment",FINAL_R2_AUTHOR_SIDE_OWNER_LINEAGE_REBUILT / INDEPENDENT_SEMANTIC_REAUDIT_REQUIRED,TT-INDEPENDENT-NRTV-001
REQ-159,HG-KSEOS_實作前開發文檔包_必須涵蓋的設計規劃_設計原意_用戶需求_預期解決痛點_預期目標_功能表現_目的_定位_v2026.08.06-r1.md#COV-20/COV-20-PURPOSE,COV-20-PURPOSE,PURPOSE,將外部方法與智能體能力轉成可治理的 first-party 資產。,LATER,F10-01,F15-02,PRE-21,PRE-22/PRE-13,PRESERVE_UPSTREAM_ITEM_WORDING_AND_ORACLE,NEG-REQ-159: alter the decisive meaning `將外部方法與智能體能力轉成可治理的 first-party 資產。` while retaining valid shape; expect ERR-REQ-159-PURPOSE-SEMANTIC and zero canonical mutation,F10-01,NONE_OWNER_PRESERVED,VALID_OWNER_PRESERVATION,DOC-15,DOC-15-H01,WP-12,RBWI-06,"CA-11,CA-12,CA-13,CA-14",SPEC-052,ACC-052,fixtures/requirements/req-159-first-party.yaml,"ORACLE-REQ-159-PURPOSE: purpose chain is complete and no governance/tool detail replaces the core user outcome; verify fixture-specific expected fields and reject semantic mutation, not merely missing metadata",pain_to_mechanism_edges>=1; mechanism_to_evidence_edges>=1; purpose_orphans=0,"evidence/requirements/req-159/{input,measurement,negative,checker,rollback}.json",GATE-REQ-159-PURPOSE,"REOPEN on source change, failed negative fixture, metric drift or owner reassignment",FINAL_R2_AUTHOR_SIDE_OWNER_LINEAGE_REBUILT / INDEPENDENT_SEMANTIC_REAUDIT_REQUIRED,TT-INDEPENDENT-NRTV-001
REQ-160,HG-KSEOS_實作前開發文檔包_必須涵蓋的設計規劃_設計原意_用戶需求_預期解決痛點_預期目標_功能表現_目的_定位_v2026.08.06-r1.md#COV-20/COV-20-POSITION,COV-20-POSITION,POSITION,Prompt/Skill/AGENTS.md 是 projection/capability surface；canonical requirement/artifact contract 在 Shared Spine。,LATER,F10-01,F15-02,PRE-21,PRE-22/PRE-13,PRESERVE_UPSTREAM_ITEM_WORDING_AND_ORACLE,NEG-REQ-160: alter the decisive meaning `Prompt/Skill/AGENTS.md 是 projection/capability surface；canonical requ…` while retaining valid shape; expect ERR-REQ-160-POSITION-SEMANTIC and zero canonical mutation,F10-01,NONE_OWNER_PRESERVED,VALID_OWNER_PRESERVATION,DOC-15,DOC-15-H01,WP-12,RBWI-06,"CA-11,CA-12,CA-13,CA-14",SPEC-052,ACC-052,fixtures/requirements/req-160-prompt-skill-agents-md-projection-ca.yaml,"ORACLE-REQ-160-POSITION: boundary checker rejects the substitution and preserves the canonical owner; verify fixture-specific expected fields and reject semantic mutation, not merely missing metadata",owner_substitution_rejected=1; foreign_writer_count=0; second_root_count=0,"evidence/requirements/req-160/{input,measurement,negative,checker,rollback}.json",GATE-REQ-160-POSITION,"REOPEN on source change, failed negative fixture, metric drift or owner reassignment",FINAL_R2_AUTHOR_SIDE_OWNER_LINEAGE_REBUILT / INDEPENDENT_SEMANTIC_REAUDIT_REQUIRED,TT-INDEPENDENT-NRTV-001
REQ-161,HG-KSEOS_實作前開發文檔包_必須涵蓋的設計規劃_設計原意_用戶需求_預期解決痛點_預期目標_功能表現_目的_定位_v2026.08.06-r1.md#COV-21/COV-21-PLAN,COV-21-PLAN,PLAN,P0-Quick 啟用 orchestrator+codex-worker+verifier、手動分解、人類 publish、受控 worktree；P0-Knowledge 加 Source Registry/DocETL/Git/FTS；P0-Automation 經 gates 加 checkpoint/MCP/observability/publisher wrapper。,P0,F02-01,F15-02,PRE-03,PRE-15/PRE-26/PRE-31,PRESERVE_UPSTREAM_ITEM_WORDING_AND_ORACLE,NEG-REQ-161: alter the decisive meaning `P0-Quick 啟用 orchestrator+codex-worker+verifier、手動分解、人類 publish、受控 wor…` while retaining valid shape; expect ERR-REQ-161-PLAN-SEMANTIC and zero canonical mutation,F02-01,NONE_OWNER_PRESERVED,VALID_OWNER_PRESERVATION,DOC-03,DOC-03-H01,WP-02,RBWI-02,"CA-04,CA-05,CA-06",SPEC-009,ACC-009,fixtures/requirements/req-161-p0-quick-orchestrator-codex-worker-v.yaml,"ORACLE-REQ-161-PLAN: required object set equals source-enumerated set; no extra product root; verify fixture-specific expected fields and reject semantic mutation, not merely missing metadata",coverage_ratio=1.00; prohibited_root_count=0,"evidence/requirements/req-161/{input,measurement,negative,checker,rollback}.json",GATE-REQ-161-PLAN,"REOPEN on source change, failed negative fixture, metric drift or owner reassignment",FINAL_R2_AUTHOR_SIDE_OWNER_LINEAGE_REBUILT / INDEPENDENT_SEMANTIC_REAUDIT_REQUIRED,TT-INDEPENDENT-NRTV-001
REQ-162,HG-KSEOS_實作前開發文檔包_必須涵蓋的設計規劃_設計原意_用戶需求_預期解決痛點_預期目標_功能表現_目的_定位_v2026.08.06-r1.md#COV-21/COV-21-INTENT,COV-21-INTENT,INTENT,單機、本地、低磨合、快速可用、可重建、可搬移；先驗證流程與契約，再擴基礎設施。,P0,F02-01,F15-02,PRE-03,PRE-15/PRE-26/PRE-31,PRESERVE_UPSTREAM_ITEM_WORDING_AND_ORACLE,NEG-REQ-162: alter the decisive meaning `單機、本地、低磨合、快速可用、可重建、可搬移；先驗證流程與契約，再擴基礎設施。` while retaining valid shape; expect ERR-REQ-162-INTENT-SEMANTIC and zero canonical mutation,F02-01,NONE_OWNER_PRESERVED,VALID_OWNER_PRESERVATION,DOC-03,DOC-03-H01,WP-02,RBWI-02,"CA-04,CA-05,CA-06",SPEC-009,ACC-009,fixtures/requirements/req-162-artifact.yaml,"ORACLE-REQ-162-INTENT: semantic entailment holds for accepted interpretation and fails for mutation; verify fixture-specific expected fields and reject semantic mutation, not merely missing metadata",accepted_assertions=1/1; rejected_mutation=1/1; authority_violation=0,"evidence/requirements/req-162/{input,measurement,negative,checker,rollback}.json",GATE-REQ-162-INTENT,"REOPEN on source change, failed negative fixture, metric drift or owner reassignment",FINAL_R2_AUTHOR_SIDE_OWNER_LINEAGE_REBUILT / INDEPENDENT_SEMANTIC_REAUDIT_REQUIRED,TT-INDEPENDENT-NRTV-001
REQ-163,HG-KSEOS_實作前開發文檔包_必須涵蓋的設計規劃_設計原意_用戶需求_預期解決痛點_預期目標_功能表現_目的_定位_v2026.08.06-r1.md#COV-21/COV-21-NEED,COV-21-NEED,NEED,非專業運維使用者能在可理解步驟中安裝、設定、操作、更新、備份、恢復與排錯。,P0,F02-01,F15-02,PRE-03,PRE-15/PRE-26/PRE-31,PRESERVE_UPSTREAM_ITEM_WORDING_AND_ORACLE,NEG-REQ-163: alter the decisive meaning `非專業運維使用者能在可理解步驟中安裝、設定、操作、更新、備份、恢復與排錯。` while retaining valid shape; expect ERR-REQ-163-NEED-SEMANTIC and zero canonical mutation,F02-01,NONE_OWNER_PRESERVED,VALID_OWNER_PRESERVATION,DOC-03,DOC-03-H01,WP-02,RBWI-02,"CA-04,CA-05,CA-06",SPEC-009,ACC-009,fixtures/requirements/req-163-artifact.yaml,"ORACLE-REQ-163-NEED: consumer returns deterministic ACK or field-specific NACK without consulting donor corpus; verify fixture-specific expected fields and reject semantic mutation, not merely missing metadata",required_field_recall=1.00; raw_volume_reads=0,"evidence/requirements/req-163/{input,measurement,negative,checker,rollback}.json",GATE-REQ-163-NEED,"REOPEN on source change, failed negative fixture, metric drift or owner reassignment",FINAL_R2_AUTHOR_SIDE_OWNER_LINEAGE_REBUILT / INDEPENDENT_SEMANTIC_REAUDIT_REQUIRED,TT-INDEPENDENT-NRTV-001
REQ-164,HG-KSEOS_實作前開發文檔包_必須涵蓋的設計規劃_設計原意_用戶需求_預期解決痛點_預期目標_功能表現_目的_定位_v2026.08.06-r1.md#COV-21/COV-21-PAIN,COV-21-PAIN,PAIN,安裝/auth/workspace/version/permission/recovery 不清；過早引入多服務；文件描述與實際可用性不一致。,P0,F02-01,F15-02,PRE-03,PRE-15/PRE-26/PRE-31,PRESERVE_UPSTREAM_ITEM_WORDING_AND_ORACLE,NEG-REQ-164: alter the decisive meaning `安裝/auth/workspace/version/permission/recovery 不清；過早引入多服務；文件描述與實際可用性不一…` while retaining valid shape; expect ERR-REQ-164-PAIN-SEMANTIC and zero canonical mutation,F02-01,NONE_OWNER_PRESERVED,VALID_OWNER_PRESERVATION,DOC-03,DOC-03-H01,WP-02,RBWI-02,"CA-04,CA-05,CA-06",SPEC-009,ACC-009,fixtures/requirements/req-164-auth-workspace-version-permission-re.yaml,"ORACLE-REQ-164-PAIN: typed detector identifies the named defect and blocks promotion without false acceptance; verify fixture-specific expected fields and reject semantic mutation, not merely missing metadata",named_failure_detected=1; canonical_mutations=0; false_accepts=0,"evidence/requirements/req-164/{input,measurement,negative,checker,rollback}.json",GATE-REQ-164-PAIN,"REOPEN on source change, failed negative fixture, metric drift or owner reassignment",FINAL_R2_AUTHOR_SIDE_OWNER_LINEAGE_REBUILT / INDEPENDENT_SEMANTIC_REAUDIT_REQUIRED,TT-INDEPENDENT-NRTV-001
REQ-165,HG-KSEOS_實作前開發文檔包_必須涵蓋的設計規劃_設計原意_用戶需求_預期解決痛點_預期目標_功能表現_目的_定位_v2026.08.06-r1.md#COV-21/COV-21-TARGET,COV-21-TARGET,TARGET,在最小硬體與運維下完成一次 source→packet→change→evidence→human release vertical slice。,P0,F02-01,F15-02,PRE-03,PRE-15/PRE-26/PRE-31,PRESERVE_UPSTREAM_ITEM_WORDING_AND_ORACLE,NEG-REQ-165: alter the decisive meaning `在最小硬體與運維下完成一次 source→packet→change→evidence→human release vertical sl…` while retaining valid shape; expect ERR-REQ-165-TARGET-SEMANTIC and zero canonical mutation,F02-01,NONE_OWNER_PRESERVED,VALID_OWNER_PRESERVATION,DOC-03,DOC-03-H01,WP-02,RBWI-02,"CA-04,CA-05,CA-06",SPEC-009,ACC-009,fixtures/requirements/req-165-source-packet-change-evidence-human-.yaml,"ORACLE-REQ-165-TARGET: target metric, measurement method and counter-metric are all reported and thresholded; verify fixture-specific expected fields and reject semantic mutation, not merely missing metadata",measurement_fields=100%; target_met=true or BLOCKED; counter_metric_regression=0,"evidence/requirements/req-165/{input,measurement,negative,checker,rollback}.json",GATE-REQ-165-TARGET,"REOPEN on source change, failed negative fixture, metric drift or owner reassignment",FINAL_R2_AUTHOR_SIDE_OWNER_LINEAGE_REBUILT / INDEPENDENT_SEMANTIC_REAUDIT_REQUIRED,TT-INDEPENDENT-NRTV-001
REQ-166,HG-KSEOS_實作前開發文檔包_必須涵蓋的設計規劃_設計原意_用戶需求_預期解決痛點_預期目標_功能表現_目的_定位_v2026.08.06-r1.md#COV-21/COV-21-FUNCTION,COV-21-FUNCTION,FUNCTION,提供 setup/doctor/readback、versions.lock、workspace manifest、ACL/network、backup/restore、resource/cost calibration、operator runbook。,P0,F02-01,F15-02,PRE-03,PRE-15/PRE-26/PRE-31,PRESERVE_UPSTREAM_ITEM_WORDING_AND_ORACLE,NEG-REQ-166: alter the decisive meaning `提供 setup/doctor/readback、versions.lock、workspace manifest、ACL/network…` while retaining valid shape; expect ERR-REQ-166-FUNCTION-SEMANTIC and zero canonical mutation,F02-01,NONE_OWNER_PRESERVED,VALID_OWNER_PRESERVATION,DOC-03,DOC-03-H01,WP-02,RBWI-02,"CA-04,CA-05,CA-06",SPEC-009,ACC-009,fixtures/requirements/req-166-setup-doctor-readback-versions-lock-.yaml,"ORACLE-REQ-166-FUNCTION: positive produces typed output; negative/edge produce specified error or bounded degraded result; verify fixture-specific expected fields and reject semantic mutation, not merely missing metadata",positive_pass=1; negative_reject=1; edge_bounded=1,"evidence/requirements/req-166/{input,measurement,negative,checker,rollback}.json",GATE-REQ-166-FUNCTION,"REOPEN on source change, failed negative fixture, metric drift or owner reassignment",FINAL_R2_AUTHOR_SIDE_OWNER_LINEAGE_REBUILT / INDEPENDENT_SEMANTIC_REAUDIT_REQUIRED,TT-INDEPENDENT-NRTV-001
REQ-167,HG-KSEOS_實作前開發文檔包_必須涵蓋的設計規劃_設計原意_用戶需求_預期解決痛點_預期目標_功能表現_目的_定位_v2026.08.06-r1.md#COV-21/COV-21-PURPOSE,COV-21-PURPOSE,PURPOSE,把宏大 Agent OS 架構轉成可立即驗證的本地產品體驗。,P0,F02-01,F15-02,PRE-03,PRE-15/PRE-26/PRE-31,PRESERVE_UPSTREAM_ITEM_WORDING_AND_ORACLE,NEG-REQ-167: alter the decisive meaning `把宏大 Agent OS 架構轉成可立即驗證的本地產品體驗。` while retaining valid shape; expect ERR-REQ-167-PURPOSE-SEMANTIC and zero canonical mutation,F02-01,NONE_OWNER_PRESERVED,VALID_OWNER_PRESERVATION,DOC-03,DOC-03-H01,WP-02,RBWI-02,"CA-04,CA-05,CA-06",SPEC-009,ACC-009,fixtures/requirements/req-167-agent-os.yaml,"ORACLE-REQ-167-PURPOSE: purpose chain is complete and no governance/tool detail replaces the core user outcome; verify fixture-specific expected fields and reject semantic mutation, not merely missing metadata",pain_to_mechanism_edges>=1; mechanism_to_evidence_edges>=1; purpose_orphans=0,"evidence/requirements/req-167/{input,measurement,negative,checker,rollback}.json",GATE-REQ-167-PURPOSE,"REOPEN on source change, failed negative fixture, metric drift or owner reassignment",FINAL_R2_AUTHOR_SIDE_OWNER_LINEAGE_REBUILT / INDEPENDENT_SEMANTIC_REAUDIT_REQUIRED,TT-INDEPENDENT-NRTV-001
REQ-168,HG-KSEOS_實作前開發文檔包_必須涵蓋的設計規劃_設計原意_用戶需求_預期解決痛點_預期目標_功能表現_目的_定位_v2026.08.06-r1.md#COV-21/COV-21-POSITION,COV-21-POSITION,POSITION,Windows Native P0 是 deployment profile，不改產品/Branch/Shared Spine 身份；Obsidian/Vector/KG/Browser 可延後。,P0,F02-01,F15-02,PRE-03,PRE-15/PRE-26/PRE-31,PRESERVE_UPSTREAM_ITEM_WORDING_AND_ORACLE,NEG-REQ-168: alter the decisive meaning `Windows Native P0 是 deployment profile，不改產品/Branch/Shared Spine 身份；Ob…` while retaining valid shape; expect ERR-REQ-168-POSITION-SEMANTIC and zero canonical mutation,F02-01,NONE_OWNER_PRESERVED,VALID_OWNER_PRESERVATION,DOC-03,DOC-03-H02,WP-02,RBWI-02,"CA-04,CA-05,CA-06",SPEC-009,ACC-009,fixtures/requirements/req-168-windows-native-p0-deployment-profile.yaml,"ORACLE-REQ-168-POSITION: boundary checker rejects the substitution and preserves the canonical owner; verify fixture-specific expected fields and reject semantic mutation, not merely missing metadata",owner_substitution_rejected=1; foreign_writer_count=0; second_root_count=0,"evidence/requirements/req-168/{input,measurement,negative,checker,rollback}.json",GATE-REQ-168-POSITION,"REOPEN on source change, failed negative fixture, metric drift or owner reassignment",FINAL_R2_AUTHOR_SIDE_OWNER_LINEAGE_REBUILT / INDEPENDENT_SEMANTIC_REAUDIT_REQUIRED,TT-INDEPENDENT-NRTV-001
REQ-169,HG-KSEOS_實作前開發文檔包_必須涵蓋的設計規劃_設計原意_用戶需求_預期解決痛點_預期目標_功能表現_目的_定位_v2026.08.06-r1.md#COV-22/COV-22-PLAN,COV-22-PLAN,PLAN,建立 threat model、data classification、identity/entitlement、least privilege、approval token、sandbox/egress、secret handling、MCP/auth/schema/logging、red-team runbooks、incident/rollback。,P0,F02-01,F15-02,PRE-07,PRE-17/PRE-25/PRE-27,PRESERVE_UPSTREAM_ITEM_WORDING_AND_ORACLE,NEG-REQ-169: alter the decisive meaning `建立 threat model、data classification、identity/entitlement、least privil…` while retaining valid shape; expect ERR-REQ-169-PLAN-SEMANTIC and zero canonical mutation,F02-01,NONE_OWNER_PRESERVED,VALID_OWNER_PRESERVATION,DOC-03,DOC-03-H04,WP-02,RBWI-02,"CA-04,CA-05,CA-06",SPEC-009,ACC-009,fixtures/requirements/req-169-threat-model-data-classification-ide.yaml,"ORACLE-REQ-169-PLAN: required object set equals source-enumerated set; no extra product root; verify fixture-specific expected fields and reject semantic mutation, not merely missing metadata",coverage_ratio=1.00; prohibited_root_count=0,"evidence/requirements/req-169/{input,measurement,negative,checker,rollback}.json",GATE-REQ-169-PLAN,"REOPEN on source change, failed negative fixture, metric drift or owner reassignment",FINAL_R2_AUTHOR_SIDE_OWNER_LINEAGE_REBUILT / INDEPENDENT_SEMANTIC_REAUDIT_REQUIRED,TT-INDEPENDENT-NRTV-001
REQ-170,HG-KSEOS_實作前開發文檔包_必須涵蓋的設計規劃_設計原意_用戶需求_預期解決痛點_預期目標_功能表現_目的_定位_v2026.08.06-r1.md#COV-22/COV-22-INTENT,COV-22-INTENT,INTENT,安全是產品與執行契約的一部分，但不得以抽象治理壓掉核心需求；高風險 action fail-closed。,P0,F02-01,F15-02,PRE-07,PRE-17/PRE-25/PRE-27,PRESERVE_UPSTREAM_ITEM_WORDING_AND_ORACLE,NEG-REQ-170: alter the decisive meaning `安全是產品與執行契約的一部分，但不得以抽象治理壓掉核心需求；高風險 action fail-closed。` while retaining valid shape; expect ERR-REQ-170-INTENT-SEMANTIC and zero canonical mutation,F02-01,NONE_OWNER_PRESERVED,VALID_OWNER_PRESERVATION,DOC-03,DOC-03-H01,WP-02,RBWI-02,"CA-04,CA-05,CA-06",SPEC-009,ACC-009,fixtures/requirements/req-170-action-fail-closed.yaml,"ORACLE-REQ-170-INTENT: semantic entailment holds for accepted interpretation and fails for mutation; verify fixture-specific expected fields and reject semantic mutation, not merely missing metadata",accepted_assertions=1/1; rejected_mutation=1/1; authority_violation=0,"evidence/requirements/req-170/{input,measurement,negative,checker,rollback}.json",GATE-REQ-170-INTENT,"REOPEN on source change, failed negative fixture, metric drift or owner reassignment",FINAL_R2_AUTHOR_SIDE_OWNER_LINEAGE_REBUILT / INDEPENDENT_SEMANTIC_REAUDIT_REQUIRED,TT-INDEPENDENT-NRTV-001
REQ-171,HG-KSEOS_實作前開發文檔包_必須涵蓋的設計規劃_設計原意_用戶需求_預期解決痛點_預期目標_功能表現_目的_定位_v2026.08.06-r1.md#COV-22/COV-22-NEED,COV-22-NEED,NEED,使用者能安全使用外部來源、工具、Agent 與本地資料，知道何時需要人類批准與如何復原。,P0,F02-01,F15-02,PRE-07,PRE-17/PRE-25/PRE-27,PRESERVE_UPSTREAM_ITEM_WORDING_AND_ORACLE,NEG-REQ-171: alter the decisive meaning `使用者能安全使用外部來源、工具、Agent 與本地資料，知道何時需要人類批准與如何復原。` while retaining valid shape; expect ERR-REQ-171-NEED-SEMANTIC and zero canonical mutation,F02-01,NONE_OWNER_PRESERVED,VALID_OWNER_PRESERVATION,DOC-03,DOC-03-H01,WP-02,RBWI-02,"CA-04,CA-05,CA-06",SPEC-009,ACC-009,fixtures/requirements/req-171-agent.yaml,"ORACLE-REQ-171-NEED: consumer returns deterministic ACK or field-specific NACK without consulting donor corpus; verify fixture-specific expected fields and reject semantic mutation, not merely missing metadata",required_field_recall=1.00; raw_volume_reads=0,"evidence/requirements/req-171/{input,measurement,negative,checker,rollback}.json",GATE-REQ-171-NEED,"REOPEN on source change, failed negative fixture, metric drift or owner reassignment",FINAL_R2_AUTHOR_SIDE_OWNER_LINEAGE_REBUILT / INDEPENDENT_SEMANTIC_REAUDIT_REQUIRED,TT-INDEPENDENT-NRTV-001
REQ-172,HG-KSEOS_實作前開發文檔包_必須涵蓋的設計規劃_設計原意_用戶需求_預期解決痛點_預期目標_功能表現_目的_定位_v2026.08.06-r1.md#COV-22/COV-22-PAIN,COV-22-PAIN,PAIN,來源注入、工具投毒、過寬權限、secret 回顯、外部輸出被信任、RAG 間接注入、Agent 代理越權。,P0,F02-01,F15-02,PRE-07,PRE-17/PRE-25/PRE-27,PRESERVE_UPSTREAM_ITEM_WORDING_AND_ORACLE,NEG-REQ-172: alter the decisive meaning `來源注入、工具投毒、過寬權限、secret 回顯、外部輸出被信任、RAG 間接注入、Agent 代理越權。` while retaining valid shape; expect ERR-REQ-172-PAIN-SEMANTIC and zero canonical mutation,F02-01,NONE_OWNER_PRESERVED,VALID_OWNER_PRESERVATION,DOC-03,DOC-03-H01,WP-02,RBWI-02,"CA-04,CA-05,CA-06",SPEC-009,ACC-009,fixtures/requirements/req-172-secret-rag-agent.yaml,"ORACLE-REQ-172-PAIN: typed detector identifies the named defect and blocks promotion without false acceptance; verify fixture-specific expected fields and reject semantic mutation, not merely missing metadata",named_failure_detected=1; canonical_mutations=0; false_accepts=0,"evidence/requirements/req-172/{input,measurement,negative,checker,rollback}.json",GATE-REQ-172-PAIN,"REOPEN on source change, failed negative fixture, metric drift or owner reassignment",FINAL_R2_AUTHOR_SIDE_OWNER_LINEAGE_REBUILT / INDEPENDENT_SEMANTIC_REAUDIT_REQUIRED,TT-INDEPENDENT-NRTV-001
REQ-173,HG-KSEOS_實作前開發文檔包_必須涵蓋的設計規劃_設計原意_用戶需求_預期解決痛點_預期目標_功能表現_目的_定位_v2026.08.06-r1.md#COV-22/COV-22-TARGET,COV-22-TARGET,TARGET,形成 end-to-end security gate 與可證 least-privilege execution。,P0,F02-01,F15-02,PRE-07,PRE-17/PRE-25/PRE-27,PRESERVE_UPSTREAM_ITEM_WORDING_AND_ORACLE,NEG-REQ-173: alter the decisive meaning `形成 end-to-end security gate 與可證 least-privilege execution。` while retaining valid shape; expect ERR-REQ-173-TARGET-SEMANTIC and zero canonical mutation,F02-01,NONE_OWNER_PRESERVED,VALID_OWNER_PRESERVATION,DOC-03,DOC-03-H01,WP-02,RBWI-02,"CA-04,CA-05,CA-06",SPEC-009,ACC-009,fixtures/requirements/req-173-end-to-end-security-gate-least-privi.yaml,"ORACLE-REQ-173-TARGET: target metric, measurement method and counter-metric are all reported and thresholded; verify fixture-specific expected fields and reject semantic mutation, not merely missing metadata",measurement_fields=100%; target_met=true or BLOCKED; counter_metric_regression=0,"evidence/requirements/req-173/{input,measurement,negative,checker,rollback}.json",GATE-REQ-173-TARGET,"REOPEN on source change, failed negative fixture, metric drift or owner reassignment",FINAL_R2_AUTHOR_SIDE_OWNER_LINEAGE_REBUILT / INDEPENDENT_SEMANTIC_REAUDIT_REQUIRED,TT-INDEPENDENT-NRTV-001
REQ-174,HG-KSEOS_實作前開發文檔包_必須涵蓋的設計規劃_設計原意_用戶需求_預期解決痛點_預期目標_功能表現_目的_定位_v2026.08.06-r1.md#COV-22/COV-22-FUNCTION,COV-22-FUNCTION,FUNCTION,提供 SecurityReview/Envelope、ApprovalToken、PermissionPolicy、quarantine、redaction、negative/adversarial tests、supply-chain pin/SBOM/provenance。,P0,F02-01,F15-02,PRE-07,PRE-17/PRE-25/PRE-27,PRESERVE_UPSTREAM_ITEM_WORDING_AND_ORACLE,NEG-REQ-174: alter the decisive meaning `提供 SecurityReview/Envelope、ApprovalToken、PermissionPolicy、quarantine、…` while retaining valid shape; expect ERR-REQ-174-FUNCTION-SEMANTIC and zero canonical mutation,F02-01,NONE_OWNER_PRESERVED,VALID_OWNER_PRESERVATION,DOC-03,DOC-03-H01,WP-02,RBWI-02,"CA-04,CA-05,CA-06",SPEC-009,ACC-009,fixtures/requirements/req-174-securityreview-envelope-approvaltoke.yaml,"ORACLE-REQ-174-FUNCTION: positive produces typed output; negative/edge produce specified error or bounded degraded result; verify fixture-specific expected fields and reject semantic mutation, not merely missing metadata",positive_pass=1; negative_reject=1; edge_bounded=1,"evidence/requirements/req-174/{input,measurement,negative,checker,rollback}.json",GATE-REQ-174-FUNCTION,"REOPEN on source change, failed negative fixture, metric drift or owner reassignment",FINAL_R2_AUTHOR_SIDE_OWNER_LINEAGE_REBUILT / INDEPENDENT_SEMANTIC_REAUDIT_REQUIRED,TT-INDEPENDENT-NRTV-001
REQ-175,HG-KSEOS_實作前開發文檔包_必須涵蓋的設計規劃_設計原意_用戶需求_預期解決痛點_預期目標_功能表現_目的_定位_v2026.08.06-r1.md#COV-22/COV-22-PURPOSE,COV-22-PURPOSE,PURPOSE,保護資料、權威、工具與發布鏈，維持可信工程協作。,P0,F02-01,F15-02,PRE-07,PRE-17/PRE-25/PRE-27,PRESERVE_UPSTREAM_ITEM_WORDING_AND_ORACLE,NEG-REQ-175: alter the decisive meaning `保護資料、權威、工具與發布鏈，維持可信工程協作。` while retaining valid shape; expect ERR-REQ-175-PURPOSE-SEMANTIC and zero canonical mutation,F02-01,NONE_OWNER_PRESERVED,VALID_OWNER_PRESERVATION,DOC-03,DOC-03-H01,WP-02,RBWI-02,"CA-04,CA-05,CA-06",SPEC-009,ACC-009,fixtures/requirements/req-175-artifact.yaml,"ORACLE-REQ-175-PURPOSE: purpose chain is complete and no governance/tool detail replaces the core user outcome; verify fixture-specific expected fields and reject semantic mutation, not merely missing metadata",pain_to_mechanism_edges>=1; mechanism_to_evidence_edges>=1; purpose_orphans=0,"evidence/requirements/req-175/{input,measurement,negative,checker,rollback}.json",GATE-REQ-175-PURPOSE,"REOPEN on source change, failed negative fixture, metric drift or owner reassignment",FINAL_R2_AUTHOR_SIDE_OWNER_LINEAGE_REBUILT / INDEPENDENT_SEMANTIC_REAUDIT_REQUIRED,TT-INDEPENDENT-NRTV-001
REQ-176,HG-KSEOS_實作前開發文檔包_必須涵蓋的設計規劃_設計原意_用戶需求_預期解決痛點_預期目標_功能表現_目的_定位_v2026.08.06-r1.md#COV-22/COV-22-POSITION,COV-22-POSITION,POSITION,Security owner 有 veto；工具/Agent/來源皆是不受信任輸入，只有經 gate 的 artifact 可推進。,P0,F02-01,F15-02,PRE-07,PRE-17/PRE-25/PRE-27,PRESERVE_UPSTREAM_ITEM_WORDING_AND_ORACLE,NEG-REQ-176: alter the decisive meaning `Security owner 有 veto；工具/Agent/來源皆是不受信任輸入，只有經 gate 的 artifact 可推進。` while retaining valid shape; expect ERR-REQ-176-POSITION-SEMANTIC and zero canonical mutation,F02-01,NONE_OWNER_PRESERVED,VALID_OWNER_PRESERVATION,DOC-03,DOC-03-H05,WP-02,RBWI-02,"CA-04,CA-05,CA-06",SPEC-011,ACC-011,fixtures/requirements/req-176-security-owner-veto-agent-gate-artif.yaml,"ORACLE-REQ-176-POSITION: boundary checker rejects the substitution and preserves the canonical owner; verify fixture-specific expected fields and reject semantic mutation, not merely missing metadata",owner_substitution_rejected=1; foreign_writer_count=0; second_root_count=0,"evidence/requirements/req-176/{input,measurement,negative,checker,rollback}.json",GATE-REQ-176-POSITION,"REOPEN on source change, failed negative fixture, metric drift or owner reassignment",FINAL_R2_AUTHOR_SIDE_OWNER_LINEAGE_REBUILT / INDEPENDENT_SEMANTIC_REAUDIT_REQUIRED,TT-INDEPENDENT-NRTV-001
REQ-177,HG-KSEOS_實作前開發文檔包_必須涵蓋的設計規劃_設計原意_用戶需求_預期解決痛點_預期目標_功能表現_目的_定位_v2026.08.06-r1.md#COV-23/COV-23-PLAN,COV-23-PLAN,PLAN,建立 golden/negative/edge/adversarial/legacy/mutation sets、expected anchor/oracle、baseline/counter-metric、judge calibration、blind NRTV、independent reviewer 與 per-gate status。,P0,F15-01,F02-05,PRE-24,PRE-04/PRE-31,PRESERVE_UPSTREAM_ITEM_WORDING_AND_ORACLE,NEG-REQ-177: alter the decisive meaning `建立 golden/negative/edge/adversarial/legacy/mutation sets、expected anc…` while retaining valid shape; expect ERR-REQ-177-PLAN-SEMANTIC and zero canonical mutation,F15-01,NONE_OWNER_PRESERVED,VALID_OWNER_PRESERVATION,DOC-21,DOC-21-H05,WP-18,RBWI-12,"CA-22,CA-23,CA-25,CA-27",SPEC-074,ACC-074,fixtures/requirements/req-177-golden-negative-edge-adversarial-leg.yaml,"ORACLE-REQ-177-PLAN: required object set equals source-enumerated set; no extra product root; verify fixture-specific expected fields and reject semantic mutation, not merely missing metadata",coverage_ratio=1.00; prohibited_root_count=0,"evidence/requirements/req-177/{input,measurement,negative,checker,rollback}.json",GATE-REQ-177-PLAN,"REOPEN on source change, failed negative fixture, metric drift or owner reassignment",FINAL_R2_AUTHOR_SIDE_OWNER_LINEAGE_REBUILT / INDEPENDENT_SEMANTIC_REAUDIT_REQUIRED,TT-INDEPENDENT-NRTV-001
REQ-178,HG-KSEOS_實作前開發文檔包_必須涵蓋的設計規劃_設計原意_用戶需求_預期解決痛點_預期目標_功能表現_目的_定位_v2026.08.06-r1.md#COV-23/COV-23-INTENT,COV-23-INTENT,INTENT,「看起來合理」不是通過；驗收必須能捕捉遺漏、原意偏離、語義模糊、路徑缺失與 false pass。,P0,F15-01,F02-05,PRE-24,PRE-04/PRE-31,PRESERVE_UPSTREAM_ITEM_WORDING_AND_ORACLE,NEG-REQ-178: alter the decisive meaning `「看起來合理」不是通過；驗收必須能捕捉遺漏、原意偏離、語義模糊、路徑缺失與 false pass。` while retaining valid shape; expect ERR-REQ-178-INTENT-SEMANTIC and zero canonical mutation,F15-01,NONE_OWNER_PRESERVED,VALID_OWNER_PRESERVATION,DOC-21,DOC-21-H01,WP-18,RBWI-12,"CA-22,CA-23,CA-25,CA-27",SPEC-046,ACC-046,fixtures/requirements/req-178-false-pass.yaml,"ORACLE-REQ-178-INTENT: semantic entailment holds for accepted interpretation and fails for mutation; verify fixture-specific expected fields and reject semantic mutation, not merely missing metadata",accepted_assertions=1/1; rejected_mutation=1/1; authority_violation=0,"evidence/requirements/req-178/{input,measurement,negative,checker,rollback}.json",GATE-REQ-178-INTENT,"REOPEN on source change, failed negative fixture, metric drift or owner reassignment",FINAL_R2_AUTHOR_SIDE_OWNER_LINEAGE_REBUILT / INDEPENDENT_SEMANTIC_REAUDIT_REQUIRED,TT-INDEPENDENT-NRTV-001
REQ-179,HG-KSEOS_實作前開發文檔包_必須涵蓋的設計規劃_設計原意_用戶需求_預期解決痛點_預期目標_功能表現_目的_定位_v2026.08.06-r1.md#COV-23/COV-23-NEED,COV-23-NEED,NEED,使用者能客觀判斷文檔、RAG、Agent、工具與 release 是否符合需求，而非信任自評。,P0,F15-01,F02-05,PRE-24,PRE-04/PRE-31,PRESERVE_UPSTREAM_ITEM_WORDING_AND_ORACLE,NEG-REQ-179: alter the decisive meaning `使用者能客觀判斷文檔、RAG、Agent、工具與 release 是否符合需求，而非信任自評。` while retaining valid shape; expect ERR-REQ-179-NEED-SEMANTIC and zero canonical mutation,F15-01,NONE_OWNER_PRESERVED,VALID_OWNER_PRESERVATION,DOC-21,DOC-21-H01,WP-18,RBWI-12,"CA-22,CA-23,CA-25,CA-27",SPEC-046,ACC-046,fixtures/requirements/req-179-rag-agent-release.yaml,"ORACLE-REQ-179-NEED: consumer returns deterministic ACK or field-specific NACK without consulting donor corpus; verify fixture-specific expected fields and reject semantic mutation, not merely missing metadata",required_field_recall=1.00; raw_volume_reads=0,"evidence/requirements/req-179/{input,measurement,negative,checker,rollback}.json",GATE-REQ-179-NEED,"REOPEN on source change, failed negative fixture, metric drift or owner reassignment",FINAL_R2_AUTHOR_SIDE_OWNER_LINEAGE_REBUILT / INDEPENDENT_SEMANTIC_REAUDIT_REQUIRED,TT-INDEPENDENT-NRTV-001
REQ-180,HG-KSEOS_實作前開發文檔包_必須涵蓋的設計規劃_設計原意_用戶需求_預期解決痛點_預期目標_功能表現_目的_定位_v2026.08.06-r1.md#COV-23/COV-23-PAIN,COV-23-PAIN,PAIN,文件存在即 PASS、只測 happy path、LLM 自評、expected anchor 缺失、legacy migration 未回歸、指標過擬合。,P0,F15-01,F02-05,PRE-24,PRE-04/PRE-31,PRESERVE_UPSTREAM_ITEM_WORDING_AND_ORACLE,NEG-REQ-180: alter the decisive meaning `文件存在即 PASS、只測 happy path、LLM 自評、expected anchor 缺失、legacy migration 未…` while retaining valid shape; expect ERR-REQ-180-PAIN-SEMANTIC and zero canonical mutation,F15-01,NONE_OWNER_PRESERVED,VALID_OWNER_PRESERVATION,DOC-21,DOC-21-H01,WP-18,RBWI-12,"CA-22,CA-23,CA-25,CA-27",SPEC-074,ACC-074,fixtures/requirements/req-180-pass-happy-path-llm-expected-anchor-.yaml,"ORACLE-REQ-180-PAIN: typed detector identifies the named defect and blocks promotion without false acceptance; verify fixture-specific expected fields and reject semantic mutation, not merely missing metadata",named_failure_detected=1; canonical_mutations=0; false_accepts=0,"evidence/requirements/req-180/{input,measurement,negative,checker,rollback}.json",GATE-REQ-180-PAIN,"REOPEN on source change, failed negative fixture, metric drift or owner reassignment",FINAL_R2_AUTHOR_SIDE_OWNER_LINEAGE_REBUILT / INDEPENDENT_SEMANTIC_REAUDIT_REQUIRED,TT-INDEPENDENT-NRTV-001
REQ-181,HG-KSEOS_實作前開發文檔包_必須涵蓋的設計規劃_設計原意_用戶需求_預期解決痛點_預期目標_功能表現_目的_定位_v2026.08.06-r1.md#COV-23/COV-23-TARGET,COV-23-TARGET,TARGET,建立可重跑、可校準、可獨立複核的多層 Gate 系統。,P0,F15-01,F02-05,PRE-24,PRE-04/PRE-31,PRESERVE_UPSTREAM_ITEM_WORDING_AND_ORACLE,NEG-REQ-181: alter the decisive meaning `建立可重跑、可校準、可獨立複核的多層 Gate 系統。` while retaining valid shape; expect ERR-REQ-181-TARGET-SEMANTIC and zero canonical mutation,F15-01,NONE_OWNER_PRESERVED,VALID_OWNER_PRESERVATION,DOC-21,DOC-21-H01,WP-18,RBWI-12,"CA-22,CA-23,CA-25,CA-27",SPEC-046,ACC-046,fixtures/requirements/req-181-gate.yaml,"ORACLE-REQ-181-TARGET: target metric, measurement method and counter-metric are all reported and thresholded; verify fixture-specific expected fields and reject semantic mutation, not merely missing metadata",measurement_fields=100%; target_met=true or BLOCKED; counter_metric_regression=0,"evidence/requirements/req-181/{input,measurement,negative,checker,rollback}.json",GATE-REQ-181-TARGET,"REOPEN on source change, failed negative fixture, metric drift or owner reassignment",FINAL_R2_AUTHOR_SIDE_OWNER_LINEAGE_REBUILT / INDEPENDENT_SEMANTIC_REAUDIT_REQUIRED,TT-INDEPENDENT-NRTV-001
REQ-182,HG-KSEOS_實作前開發文檔包_必須涵蓋的設計規劃_設計原意_用戶需求_預期解決痛點_預期目標_功能表現_目的_定位_v2026.08.06-r1.md#COV-23/COV-23-FUNCTION,COV-23-FUNCTION,FUNCTION,提供 TestMatrix、CheckRun、GoldenSet、MutationReport、NRTV blind queries、RAG grounding/abstention、security eval、gate summary。,P0,F15-01,F02-05,PRE-24,PRE-04/PRE-31,PRESERVE_UPSTREAM_ITEM_WORDING_AND_ORACLE,NEG-REQ-182: alter the decisive meaning `提供 TestMatrix、CheckRun、GoldenSet、MutationReport、NRTV blind queries、RA…` while retaining valid shape; expect ERR-REQ-182-FUNCTION-SEMANTIC and zero canonical mutation,F15-01,NONE_OWNER_PRESERVED,VALID_OWNER_PRESERVATION,DOC-21,DOC-21-H07,WP-18,RBWI-12,"CA-22,CA-23,CA-25,CA-27",SPEC-046,ACC-046,fixtures/requirements/req-182-testmatrix-checkrun-goldenset-mutati.yaml,"ORACLE-REQ-182-FUNCTION: positive produces typed output; negative/edge produce specified error or bounded degraded result; verify fixture-specific expected fields and reject semantic mutation, not merely missing metadata",positive_pass=1; negative_reject=1; edge_bounded=1,"evidence/requirements/req-182/{input,measurement,negative,checker,rollback}.json",GATE-REQ-182-FUNCTION,"REOPEN on source change, failed negative fixture, metric drift or owner reassignment",FINAL_R2_AUTHOR_SIDE_OWNER_LINEAGE_REBUILT / INDEPENDENT_SEMANTIC_REAUDIT_REQUIRED,TT-INDEPENDENT-NRTV-001
REQ-183,HG-KSEOS_實作前開發文檔包_必須涵蓋的設計規劃_設計原意_用戶需求_預期解決痛點_預期目標_功能表現_目的_定位_v2026.08.06-r1.md#COV-23/COV-23-PURPOSE,COV-23-PURPOSE,PURPOSE,把產品與工程承諾轉為可證 acceptance，控制 release 與 replacement。,P0,F15-01,F02-05,PRE-24,PRE-04/PRE-31,PRESERVE_UPSTREAM_ITEM_WORDING_AND_ORACLE,NEG-REQ-183: alter the decisive meaning `把產品與工程承諾轉為可證 acceptance，控制 release 與 replacement。` while retaining valid shape; expect ERR-REQ-183-PURPOSE-SEMANTIC and zero canonical mutation,F15-01,NONE_OWNER_PRESERVED,VALID_OWNER_PRESERVATION,DOC-21,DOC-21-H01,WP-18,RBWI-12,"CA-22,CA-23,CA-25,CA-27",SPEC-046,ACC-046,fixtures/requirements/req-183-acceptance-release-replacement.yaml,"ORACLE-REQ-183-PURPOSE: purpose chain is complete and no governance/tool detail replaces the core user outcome; verify fixture-specific expected fields and reject semantic mutation, not merely missing metadata",pain_to_mechanism_edges>=1; mechanism_to_evidence_edges>=1; purpose_orphans=0,"evidence/requirements/req-183/{input,measurement,negative,checker,rollback}.json",GATE-REQ-183-PURPOSE,"REOPEN on source change, failed negative fixture, metric drift or owner reassignment",FINAL_R2_AUTHOR_SIDE_OWNER_LINEAGE_REBUILT / INDEPENDENT_SEMANTIC_REAUDIT_REQUIRED,TT-INDEPENDENT-NRTV-001
REQ-184,HG-KSEOS_實作前開發文檔包_必須涵蓋的設計規劃_設計原意_用戶需求_預期解決痛點_預期目標_功能表現_目的_定位_v2026.08.06-r1.md#COV-23/COV-23-POSITION,COV-23-POSITION,POSITION,Eval 是 independent assurance plane，不是 producer 自證或單一總分。,P0,F15-01,F02-05,PRE-24,PRE-04/PRE-31,PRESERVE_UPSTREAM_ITEM_WORDING_AND_ORACLE,NEG-REQ-184: alter the decisive meaning `Eval 是 independent assurance plane，不是 producer 自證或單一總分。` while retaining valid shape; expect ERR-REQ-184-POSITION-SEMANTIC and zero canonical mutation,F15-01,NONE_OWNER_PRESERVED,VALID_OWNER_PRESERVATION,DOC-21,DOC-21-H09,WP-18,RBWI-12,"CA-22,CA-23,CA-25,CA-27",SPEC-046,ACC-046,fixtures/requirements/req-184-eval-independent-assurance-plane-pro.yaml,"ORACLE-REQ-184-POSITION: boundary checker rejects the substitution and preserves the canonical owner; verify fixture-specific expected fields and reject semantic mutation, not merely missing metadata",owner_substitution_rejected=1; foreign_writer_count=0; second_root_count=0,"evidence/requirements/req-184/{input,measurement,negative,checker,rollback}.json",GATE-REQ-184-POSITION,"REOPEN on source change, failed negative fixture, metric drift or owner reassignment",FINAL_R2_AUTHOR_SIDE_OWNER_LINEAGE_REBUILT / INDEPENDENT_SEMANTIC_REAUDIT_REQUIRED,TT-INDEPENDENT-NRTV-001
REQ-185,HG-KSEOS_實作前開發文檔包_必須涵蓋的設計規劃_設計原意_用戶需求_預期解決痛點_預期目標_功能表現_目的_定位_v2026.08.06-r1.md#COV-24/COV-24-PLAN,COV-24-PLAN,PLAN,定義 evidence schema、claim/evidence mapping、environment/command/actual/expected/hash/reviewer/expiry/limitations、release reducer、SBOM/provenance、canary/rollback、manifest/checksum/readback。,P0,F17-01,F15-02,PRE-27,PRE-31,PRESERVE_UPSTREAM_ITEM_WORDING_AND_ORACLE,NEG-REQ-185: alter the decisive meaning `定義 evidence schema、claim/evidence mapping、environment/command/actual/…` while retaining valid shape; expect ERR-REQ-185-PLAN-SEMANTIC and zero canonical mutation,F17-01,NONE_OWNER_PRESERVED,VALID_OWNER_PRESERVATION,DOC-23,DOC-23-H01,WP-20,RBWI-14,"CA-25,CA-26,CA-27,CA-30",SPEC-085,ACC-085,fixtures/requirements/req-185-evidence-schema-claim-evidence-mappi.yaml,"ORACLE-REQ-185-PLAN: required object set equals source-enumerated set; no extra product root; verify fixture-specific expected fields and reject semantic mutation, not merely missing metadata",coverage_ratio=1.00; prohibited_root_count=0,"evidence/requirements/req-185/{input,measurement,negative,checker,rollback}.json",GATE-REQ-185-PLAN,"REOPEN on source change, failed negative fixture, metric drift or owner reassignment",FINAL_R2_AUTHOR_SIDE_OWNER_LINEAGE_REBUILT / INDEPENDENT_SEMANTIC_REAUDIT_REQUIRED,TT-INDEPENDENT-NRTV-001
REQ-186,HG-KSEOS_實作前開發文檔包_必須涵蓋的設計規劃_設計原意_用戶需求_預期解決痛點_預期目標_功能表現_目的_定位_v2026.08.06-r1.md#COV-24/COV-24-INTENT,COV-24-INTENT,INTENT,任何狀態提升都需同維度證據；工具輸出與模型敘述不能替代獨立裁決。,P0,F17-01,F15-02,PRE-27,PRE-31,PRESERVE_UPSTREAM_ITEM_WORDING_AND_ORACLE,NEG-REQ-186: alter the decisive meaning `任何狀態提升都需同維度證據；工具輸出與模型敘述不能替代獨立裁決。` while retaining valid shape; expect ERR-REQ-186-INTENT-SEMANTIC and zero canonical mutation,F17-01,NONE_OWNER_PRESERVED,VALID_OWNER_PRESERVATION,DOC-23,DOC-23-H01,WP-20,RBWI-14,"CA-25,CA-26,CA-27,CA-30",SPEC-081,ACC-081,fixtures/requirements/req-186-artifact.yaml,"ORACLE-REQ-186-INTENT: semantic entailment holds for accepted interpretation and fails for mutation; verify fixture-specific expected fields and reject semantic mutation, not merely missing metadata",accepted_assertions=1/1; rejected_mutation=1/1; authority_violation=0,"evidence/requirements/req-186/{input,measurement,negative,checker,rollback}.json",GATE-REQ-186-INTENT,"REOPEN on source change, failed negative fixture, metric drift or owner reassignment",FINAL_R2_AUTHOR_SIDE_OWNER_LINEAGE_REBUILT / INDEPENDENT_SEMANTIC_REAUDIT_REQUIRED,TT-INDEPENDENT-NRTV-001
REQ-187,HG-KSEOS_實作前開發文檔包_必須涵蓋的設計規劃_設計原意_用戶需求_預期解決痛點_預期目標_功能表現_目的_定位_v2026.08.06-r1.md#COV-24/COV-24-NEED,COV-24-NEED,NEED,使用者能信任「完成」的範圍，知道未完成/限制/rollback，並可重現發布決策。,P0,F17-01,F15-02,PRE-27,PRE-31,PRESERVE_UPSTREAM_ITEM_WORDING_AND_ORACLE,NEG-REQ-187: alter the decisive meaning `使用者能信任「完成」的範圍，知道未完成/限制/rollback，並可重現發布決策。` while retaining valid shape; expect ERR-REQ-187-NEED-SEMANTIC and zero canonical mutation,F17-01,NONE_OWNER_PRESERVED,VALID_OWNER_PRESERVATION,DOC-23,DOC-23-H01,WP-20,RBWI-14,"CA-25,CA-26,CA-27,CA-30",SPEC-080,ACC-080,fixtures/requirements/req-187-rollback.yaml,"ORACLE-REQ-187-NEED: consumer returns deterministic ACK or field-specific NACK without consulting donor corpus; verify fixture-specific expected fields and reject semantic mutation, not merely missing metadata",required_field_recall=1.00; raw_volume_reads=0,"evidence/requirements/req-187/{input,measurement,negative,checker,rollback}.json",GATE-REQ-187-NEED,"REOPEN on source change, failed negative fixture, metric drift or owner reassignment",FINAL_R2_AUTHOR_SIDE_OWNER_LINEAGE_REBUILT / INDEPENDENT_SEMANTIC_REAUDIT_REQUIRED,TT-INDEPENDENT-NRTV-001
REQ-188,HG-KSEOS_實作前開發文檔包_必須涵蓋的設計規劃_設計原意_用戶需求_預期解決痛點_預期目標_功能表現_目的_定位_v2026.08.06-r1.md#COV-24/COV-24-PAIN,COV-24-PAIN,PAIN,local file 或綠色 CI 被誤寫 production；evidence 缺環境/命令/reviewer；release 無 rollback；package hash/readback 不一致。,P0,F17-01,F15-02,PRE-27,PRE-31,PRESERVE_UPSTREAM_ITEM_WORDING_AND_ORACLE,NEG-REQ-188: alter the decisive meaning `local file 或綠色 CI 被誤寫 production；evidence 缺環境/命令/reviewer；release 無 r…` while retaining valid shape; expect ERR-REQ-188-PAIN-SEMANTIC and zero canonical mutation,F17-01,NONE_OWNER_PRESERVED,VALID_OWNER_PRESERVATION,DOC-23,DOC-23-H01,WP-20,RBWI-14,"CA-25,CA-26,CA-27,CA-30",SPEC-085,ACC-085,fixtures/requirements/req-188-local-file-ci-production-evidence-re.yaml,"ORACLE-REQ-188-PAIN: typed detector identifies the named defect and blocks promotion without false acceptance; verify fixture-specific expected fields and reject semantic mutation, not merely missing metadata",named_failure_detected=1; canonical_mutations=0; false_accepts=0,"evidence/requirements/req-188/{input,measurement,negative,checker,rollback}.json",GATE-REQ-188-PAIN,"REOPEN on source change, failed negative fixture, metric drift or owner reassignment",FINAL_R2_AUTHOR_SIDE_OWNER_LINEAGE_REBUILT / INDEPENDENT_SEMANTIC_REAUDIT_REQUIRED,TT-INDEPENDENT-NRTV-001
REQ-189,HG-KSEOS_實作前開發文檔包_必須涵蓋的設計規劃_設計原意_用戶需求_預期解決痛點_預期目標_功能表現_目的_定位_v2026.08.06-r1.md#COV-24/COV-24-TARGET,COV-24-TARGET,TARGET,形成誠實、可重放、可撤銷、可審計的發布供應鏈。,P0,F17-01,F15-02,PRE-27,PRE-31,PRESERVE_UPSTREAM_ITEM_WORDING_AND_ORACLE,NEG-REQ-189: alter the decisive meaning `形成誠實、可重放、可撤銷、可審計的發布供應鏈。` while retaining valid shape; expect ERR-REQ-189-TARGET-SEMANTIC and zero canonical mutation,F17-01,NONE_OWNER_PRESERVED,VALID_OWNER_PRESERVATION,DOC-23,DOC-23-H01,WP-20,RBWI-14,"CA-25,CA-26,CA-27,CA-30",SPEC-080,ACC-080,fixtures/requirements/req-189-artifact.yaml,"ORACLE-REQ-189-TARGET: target metric, measurement method and counter-metric are all reported and thresholded; verify fixture-specific expected fields and reject semantic mutation, not merely missing metadata",measurement_fields=100%; target_met=true or BLOCKED; counter_metric_regression=0,"evidence/requirements/req-189/{input,measurement,negative,checker,rollback}.json",GATE-REQ-189-TARGET,"REOPEN on source change, failed negative fixture, metric drift or owner reassignment",FINAL_R2_AUTHOR_SIDE_OWNER_LINEAGE_REBUILT / INDEPENDENT_SEMANTIC_REAUDIT_REQUIRED,TT-INDEPENDENT-NRTV-001
REQ-190,HG-KSEOS_實作前開發文檔包_必須涵蓋的設計規劃_設計原意_用戶需求_預期解決痛點_預期目標_功能表現_目的_定位_v2026.08.06-r1.md#COV-24/COV-24-FUNCTION,COV-24-FUNCTION,FUNCTION,提供 EvidenceEnvelope、ReleaseChecklist/Decision、waiver、manifest/checksums、readback、SBOM/attestation/provenance、rollback receipt。,P0,F17-01,F15-02,PRE-27,PRE-31,PRESERVE_UPSTREAM_ITEM_WORDING_AND_ORACLE,NEG-REQ-190: alter the decisive meaning `提供 EvidenceEnvelope、ReleaseChecklist/Decision、waiver、manifest/checksu…` while retaining valid shape; expect ERR-REQ-190-FUNCTION-SEMANTIC and zero canonical mutation,F17-01,NONE_OWNER_PRESERVED,VALID_OWNER_PRESERVATION,DOC-23,DOC-23-H01,WP-20,RBWI-14,"CA-25,CA-26,CA-27,CA-30",SPEC-079,ACC-079,fixtures/requirements/req-190-evidenceenvelope-releasechecklist-de.yaml,"ORACLE-REQ-190-FUNCTION: positive produces typed output; negative/edge produce specified error or bounded degraded result; verify fixture-specific expected fields and reject semantic mutation, not merely missing metadata",positive_pass=1; negative_reject=1; edge_bounded=1,"evidence/requirements/req-190/{input,measurement,negative,checker,rollback}.json",GATE-REQ-190-FUNCTION,"REOPEN on source change, failed negative fixture, metric drift or owner reassignment",FINAL_R2_AUTHOR_SIDE_OWNER_LINEAGE_REBUILT / INDEPENDENT_SEMANTIC_REAUDIT_REQUIRED,TT-INDEPENDENT-NRTV-001
REQ-191,HG-KSEOS_實作前開發文檔包_必須涵蓋的設計規劃_設計原意_用戶需求_預期解決痛點_預期目標_功能表現_目的_定位_v2026.08.06-r1.md#COV-24/COV-24-PURPOSE,COV-24-PURPOSE,PURPOSE,保護產品可信度與 operational safety，防止 false PASS。,P0,F17-01,F15-02,PRE-27,PRE-31,PRESERVE_UPSTREAM_ITEM_WORDING_AND_ORACLE,NEG-REQ-191: alter the decisive meaning `保護產品可信度與 operational safety，防止 false PASS。` while retaining valid shape; expect ERR-REQ-191-PURPOSE-SEMANTIC and zero canonical mutation,F17-01,NONE_OWNER_PRESERVED,VALID_OWNER_PRESERVATION,DOC-23,DOC-23-H01,WP-20,RBWI-14,"CA-25,CA-26,CA-27,CA-30",SPEC-079,ACC-079,fixtures/requirements/req-191-operational-safety-false-pass.yaml,"ORACLE-REQ-191-PURPOSE: purpose chain is complete and no governance/tool detail replaces the core user outcome; verify fixture-specific expected fields and reject semantic mutation, not merely missing metadata",pain_to_mechanism_edges>=1; mechanism_to_evidence_edges>=1; purpose_orphans=0,"evidence/requirements/req-191/{input,measurement,negative,checker,rollback}.json",GATE-REQ-191-PURPOSE,"REOPEN on source change, failed negative fixture, metric drift or owner reassignment",FINAL_R2_AUTHOR_SIDE_OWNER_LINEAGE_REBUILT / INDEPENDENT_SEMANTIC_REAUDIT_REQUIRED,TT-INDEPENDENT-NRTV-001
REQ-192,HG-KSEOS_實作前開發文檔包_必須涵蓋的設計規劃_設計原意_用戶需求_預期解決痛點_預期目標_功能表現_目的_定位_v2026.08.06-r1.md#COV-24/COV-24-POSITION,COV-24-POSITION,POSITION,ReleaseReducer 不執行驗證或取代 Human Authority；只將 evidence 依政策降維成可批准決策。,P0,F17-01,F15-02,PRE-27,PRE-31,PRESERVE_UPSTREAM_ITEM_WORDING_AND_ORACLE,NEG-REQ-192: alter the decisive meaning `ReleaseReducer 不執行驗證或取代 Human Authority；只將 evidence 依政策降維成可批准決策。` while retaining valid shape; expect ERR-REQ-192-POSITION-SEMANTIC and zero canonical mutation,F17-01,NONE_OWNER_PRESERVED,VALID_OWNER_PRESERVATION,DOC-23,DOC-23-H01,WP-20,RBWI-14,"CA-25,CA-26,CA-27,CA-30",SPEC-085,ACC-085,fixtures/requirements/req-192-releasereducer-human-authority-evide.yaml,"ORACLE-REQ-192-POSITION: boundary checker rejects the substitution and preserves the canonical owner; verify fixture-specific expected fields and reject semantic mutation, not merely missing metadata",owner_substitution_rejected=1; foreign_writer_count=0; second_root_count=0,"evidence/requirements/req-192/{input,measurement,negative,checker,rollback}.json",GATE-REQ-192-POSITION,"REOPEN on source change, failed negative fixture, metric drift or owner reassignment",FINAL_R2_AUTHOR_SIDE_OWNER_LINEAGE_REBUILT / INDEPENDENT_SEMANTIC_REAUDIT_REQUIRED,TT-INDEPENDENT-NRTV-001
REQ-193,HG-KSEOS_實作前開發文檔包_必須涵蓋的設計規劃_設計原意_用戶需求_預期解決痛點_預期目標_功能表現_目的_定位_v2026.08.06-r1.md#COV-25/COV-25-PLAN,COV-25-PLAN,PLAN,建立 trace/log/metric/event schema、SLI/SLO、budget/cost attribution、capacity calibration、incident runbook、backup/restore/DR drills、safe remediation。,LATER,F17-01,F15-02,PRE-26,PRE-15/PRE-18,PRESERVE_UPSTREAM_ITEM_WORDING_AND_ORACLE,NEG-REQ-193: alter the decisive meaning `建立 trace/log/metric/event schema、SLI/SLO、budget/cost attribution、capa…` while retaining valid shape; expect ERR-REQ-193-PLAN-SEMANTIC and zero canonical mutation,F17-01,NONE_OWNER_PRESERVED,VALID_OWNER_PRESERVATION,DOC-22,DOC-22-H03,WP-19,RBWI-14,"CA-24,CA-25,CA-27",SPEC-077,ACC-077,fixtures/requirements/req-193-trace-log-metric-event-schema-sli-sl.yaml,"ORACLE-REQ-193-PLAN: required object set equals source-enumerated set; no extra product root; verify fixture-specific expected fields and reject semantic mutation, not merely missing metadata",coverage_ratio=1.00; prohibited_root_count=0,"evidence/requirements/req-193/{input,measurement,negative,checker,rollback}.json",GATE-REQ-193-PLAN,"REOPEN on source change, failed negative fixture, metric drift or owner reassignment",FINAL_R2_AUTHOR_SIDE_OWNER_LINEAGE_REBUILT / INDEPENDENT_SEMANTIC_REAUDIT_REQUIRED,TT-INDEPENDENT-NRTV-001
REQ-194,HG-KSEOS_實作前開發文檔包_必須涵蓋的設計規劃_設計原意_用戶需求_預期解決痛點_預期目標_功能表現_目的_定位_v2026.08.06-r1.md#COV-25/COV-25-INTENT,COV-25-INTENT,INTENT,自主/長任務系統必須可見、可診斷、可限額、可恢復；未量測前不設硬門檻。,LATER,F17-01,F15-02,PRE-26,PRE-15/PRE-18,PRESERVE_UPSTREAM_ITEM_WORDING_AND_ORACLE,NEG-REQ-194: alter the decisive meaning `自主/長任務系統必須可見、可診斷、可限額、可恢復；未量測前不設硬門檻。` while retaining valid shape; expect ERR-REQ-194-INTENT-SEMANTIC and zero canonical mutation,F17-01,NONE_OWNER_PRESERVED,VALID_OWNER_PRESERVATION,DOC-22,DOC-22-H01,WP-19,RBWI-14,"CA-24,CA-25,CA-27",SPEC-077,ACC-077,fixtures/requirements/req-194-artifact.yaml,"ORACLE-REQ-194-INTENT: semantic entailment holds for accepted interpretation and fails for mutation; verify fixture-specific expected fields and reject semantic mutation, not merely missing metadata",accepted_assertions=1/1; rejected_mutation=1/1; authority_violation=0,"evidence/requirements/req-194/{input,measurement,negative,checker,rollback}.json",GATE-REQ-194-INTENT,"REOPEN on source change, failed negative fixture, metric drift or owner reassignment",FINAL_R2_AUTHOR_SIDE_OWNER_LINEAGE_REBUILT / INDEPENDENT_SEMANTIC_REAUDIT_REQUIRED,TT-INDEPENDENT-NRTV-001
REQ-195,HG-KSEOS_實作前開發文檔包_必須涵蓋的設計規劃_設計原意_用戶需求_預期解決痛點_預期目標_功能表現_目的_定位_v2026.08.06-r1.md#COV-25/COV-25-NEED,COV-25-NEED,NEED,使用者能知道系統做了什麼、花多少、為何失敗、是否可恢復，以及何時應降級。,LATER,F17-01,F15-02,PRE-26,PRE-15/PRE-18,PRESERVE_UPSTREAM_ITEM_WORDING_AND_ORACLE,NEG-REQ-195: alter the decisive meaning `使用者能知道系統做了什麼、花多少、為何失敗、是否可恢復，以及何時應降級。` while retaining valid shape; expect ERR-REQ-195-NEED-SEMANTIC and zero canonical mutation,F17-01,NONE_OWNER_PRESERVED,VALID_OWNER_PRESERVATION,DOC-22,DOC-22-H01,WP-19,RBWI-14,"CA-24,CA-25,CA-27",SPEC-077,ACC-077,fixtures/requirements/req-195-artifact.yaml,"ORACLE-REQ-195-NEED: consumer returns deterministic ACK or field-specific NACK without consulting donor corpus; verify fixture-specific expected fields and reject semantic mutation, not merely missing metadata",required_field_recall=1.00; raw_volume_reads=0,"evidence/requirements/req-195/{input,measurement,negative,checker,rollback}.json",GATE-REQ-195-NEED,"REOPEN on source change, failed negative fixture, metric drift or owner reassignment",FINAL_R2_AUTHOR_SIDE_OWNER_LINEAGE_REBUILT / INDEPENDENT_SEMANTIC_REAUDIT_REQUIRED,TT-INDEPENDENT-NRTV-001
REQ-196,HG-KSEOS_實作前開發文檔包_必須涵蓋的設計規劃_設計原意_用戶需求_預期解決痛點_預期目標_功能表現_目的_定位_v2026.08.06-r1.md#COV-25/COV-25-PAIN,COV-25-PAIN,PAIN,黑盒 Agent、成本失控、log 爆量、無 incident owner、恢復未演練、resource target 憑空設定。,LATER,F17-01,F15-02,PRE-26,PRE-15/PRE-18,PRESERVE_UPSTREAM_ITEM_WORDING_AND_ORACLE,NEG-REQ-196: alter the decisive meaning `黑盒 Agent、成本失控、log 爆量、無 incident owner、恢復未演練、resource target 憑空設定。` while retaining valid shape; expect ERR-REQ-196-PAIN-SEMANTIC and zero canonical mutation,F17-01,NONE_OWNER_PRESERVED,VALID_OWNER_PRESERVATION,DOC-22,DOC-22-H07,WP-19,RBWI-14,"CA-24,CA-25,CA-27",SPEC-077,ACC-077,fixtures/requirements/req-196-agent-log-incident-owner-resource-ta.yaml,"ORACLE-REQ-196-PAIN: typed detector identifies the named defect and blocks promotion without false acceptance; verify fixture-specific expected fields and reject semantic mutation, not merely missing metadata",named_failure_detected=1; canonical_mutations=0; false_accepts=0,"evidence/requirements/req-196/{input,measurement,negative,checker,rollback}.json",GATE-REQ-196-PAIN,"REOPEN on source change, failed negative fixture, metric drift or owner reassignment",FINAL_R2_AUTHOR_SIDE_OWNER_LINEAGE_REBUILT / INDEPENDENT_SEMANTIC_REAUDIT_REQUIRED,TT-INDEPENDENT-NRTV-001
REQ-197,HG-KSEOS_實作前開發文檔包_必須涵蓋的設計規劃_設計原意_用戶需求_預期解決痛點_預期目標_功能表現_目的_定位_v2026.08.06-r1.md#COV-25/COV-25-TARGET,COV-25-TARGET,TARGET,建立可操作的 reliability/cost/capacity baseline，支撐 P0 到 automation 演進。,LATER,F17-01,F15-02,PRE-26,PRE-15/PRE-18,PRESERVE_UPSTREAM_ITEM_WORDING_AND_ORACLE,NEG-REQ-197: alter the decisive meaning `建立可操作的 reliability/cost/capacity baseline，支撐 P0 到 automation 演進。` while retaining valid shape; expect ERR-REQ-197-TARGET-SEMANTIC and zero canonical mutation,F17-01,NONE_OWNER_PRESERVED,VALID_OWNER_PRESERVATION,DOC-22,DOC-22-H01,WP-19,RBWI-14,"CA-24,CA-25,CA-27",SPEC-077,ACC-077,fixtures/requirements/req-197-reliability-cost-capacity-baseline-p.yaml,"ORACLE-REQ-197-TARGET: target metric, measurement method and counter-metric are all reported and thresholded; verify fixture-specific expected fields and reject semantic mutation, not merely missing metadata",measurement_fields=100%; target_met=true or BLOCKED; counter_metric_regression=0,"evidence/requirements/req-197/{input,measurement,negative,checker,rollback}.json",GATE-REQ-197-TARGET,"REOPEN on source change, failed negative fixture, metric drift or owner reassignment",FINAL_R2_AUTHOR_SIDE_OWNER_LINEAGE_REBUILT / INDEPENDENT_SEMANTIC_REAUDIT_REQUIRED,TT-INDEPENDENT-NRTV-001
REQ-198,HG-KSEOS_實作前開發文檔包_必須涵蓋的設計規劃_設計原意_用戶需求_預期解決痛點_預期目標_功能表現_目的_定位_v2026.08.06-r1.md#COV-25/COV-25-FUNCTION,COV-25-FUNCTION,FUNCTION,提供 OpenTelemetry-style traces、structured logs、budget/latency/failure dashboards、incident/evidence、backup/restore drill、degrade policy。,LATER,F17-01,F15-02,PRE-26,PRE-15/PRE-18,PRESERVE_UPSTREAM_ITEM_WORDING_AND_ORACLE,NEG-REQ-198: alter the decisive meaning `提供 OpenTelemetry-style traces、structured logs、budget/latency/failure …` while retaining valid shape; expect ERR-REQ-198-FUNCTION-SEMANTIC and zero canonical mutation,F17-01,NONE_OWNER_PRESERVED,VALID_OWNER_PRESERVATION,DOC-22,DOC-22-H08,WP-19,RBWI-14,"CA-24,CA-25,CA-27",SPEC-078,ACC-078,fixtures/requirements/req-198-opentelemetry-style-traces-structure.yaml,"ORACLE-REQ-198-FUNCTION: positive produces typed output; negative/edge produce specified error or bounded degraded result; verify fixture-specific expected fields and reject semantic mutation, not merely missing metadata",positive_pass=1; negative_reject=1; edge_bounded=1,"evidence/requirements/req-198/{input,measurement,negative,checker,rollback}.json",GATE-REQ-198-FUNCTION,"REOPEN on source change, failed negative fixture, metric drift or owner reassignment",FINAL_R2_AUTHOR_SIDE_OWNER_LINEAGE_REBUILT / INDEPENDENT_SEMANTIC_REAUDIT_REQUIRED,TT-INDEPENDENT-NRTV-001
REQ-199,HG-KSEOS_實作前開發文檔包_必須涵蓋的設計規劃_設計原意_用戶需求_預期解決痛點_預期目標_功能表現_目的_定位_v2026.08.06-r1.md#COV-25/COV-25-PURPOSE,COV-25-PURPOSE,PURPOSE,讓工程閉環具備 production-like 可運維設計，即使尚未 production。,LATER,F17-01,F15-02,PRE-26,PRE-15/PRE-18,PRESERVE_UPSTREAM_ITEM_WORDING_AND_ORACLE,NEG-REQ-199: alter the decisive meaning `讓工程閉環具備 production-like 可運維設計，即使尚未 production。` while retaining valid shape; expect ERR-REQ-199-PURPOSE-SEMANTIC and zero canonical mutation,F17-01,NONE_OWNER_PRESERVED,VALID_OWNER_PRESERVATION,DOC-22,DOC-22-H01,WP-19,RBWI-14,"CA-24,CA-25,CA-27",SPEC-077,ACC-077,fixtures/requirements/req-199-production-like-production.yaml,"ORACLE-REQ-199-PURPOSE: purpose chain is complete and no governance/tool detail replaces the core user outcome; verify fixture-specific expected fields and reject semantic mutation, not merely missing metadata",pain_to_mechanism_edges>=1; mechanism_to_evidence_edges>=1; purpose_orphans=0,"evidence/requirements/req-199/{input,measurement,negative,checker,rollback}.json",GATE-REQ-199-PURPOSE,"REOPEN on source change, failed negative fixture, metric drift or owner reassignment",FINAL_R2_AUTHOR_SIDE_OWNER_LINEAGE_REBUILT / INDEPENDENT_SEMANTIC_REAUDIT_REQUIRED,TT-INDEPENDENT-NRTV-001
REQ-200,HG-KSEOS_實作前開發文檔包_必須涵蓋的設計規劃_設計原意_用戶需求_預期解決痛點_預期目標_功能表現_目的_定位_v2026.08.06-r1.md#COV-25/COV-25-POSITION,COV-25-POSITION,POSITION,Observability 提供 evidence/advisory；不自動授予 remediation/release 權限。,LATER,F17-01,F15-02,PRE-26,PRE-15/PRE-18,PRESERVE_UPSTREAM_ITEM_WORDING_AND_ORACLE,NEG-REQ-200: alter the decisive meaning `Observability 提供 evidence/advisory；不自動授予 remediation/release 權限。` while retaining valid shape; expect ERR-REQ-200-POSITION-SEMANTIC and zero canonical mutation,F17-01,NONE_OWNER_PRESERVED,VALID_OWNER_PRESERVATION,DOC-22,DOC-22-H01,WP-19,RBWI-14,"CA-24,CA-25,CA-27",SPEC-077,ACC-077,fixtures/requirements/req-200-observability-evidence-advisory-reme.yaml,"ORACLE-REQ-200-POSITION: boundary checker rejects the substitution and preserves the canonical owner; verify fixture-specific expected fields and reject semantic mutation, not merely missing metadata",owner_substitution_rejected=1; foreign_writer_count=0; second_root_count=0,"evidence/requirements/req-200/{input,measurement,negative,checker,rollback}.json",GATE-REQ-200-POSITION,"REOPEN on source change, failed negative fixture, metric drift or owner reassignment",FINAL_R2_AUTHOR_SIDE_OWNER_LINEAGE_REBUILT / INDEPENDENT_SEMANTIC_REAUDIT_REQUIRED,TT-INDEPENDENT-NRTV-001
REQ-201,HG-KSEOS_實作前開發文檔包_必須涵蓋的設計規劃_設計原意_用戶需求_預期解決痛點_預期目標_功能表現_目的_定位_v2026.08.06-r1.md#COV-26/COV-26-PLAN,COV-26-PLAN,PLAN,逐基座建立 preserve/rebase/translate/merge/split/deprecate/reject matrix、canonical target、schema/version mapping、legacy behavior regression、dual-run/readback、supersession/rollback。,LATER,F18-01,F15-02,PRE-28,PRE-29/PRE-31,PRESERVE_UPSTREAM_ITEM_WORDING_AND_ORACLE,NEG-REQ-201: alter the decisive meaning `逐基座建立 preserve/rebase/translate/merge/split/deprecate/reject matrix、c…` while retaining valid shape; expect ERR-REQ-201-PLAN-SEMANTIC and zero canonical mutation,F18-01,NONE_OWNER_PRESERVED,VALID_OWNER_PRESERVATION,DOC-25,DOC-25-H01,WP-21,RBWI-17,"CA-05,CA-22,CA-28,CA-30",SPEC-087,ACC-087,fixtures/requirements/req-201-preserve-rebase-translate-merge-spli.yaml,"ORACLE-REQ-201-PLAN: required object set equals source-enumerated set; no extra product root; verify fixture-specific expected fields and reject semantic mutation, not merely missing metadata",coverage_ratio=1.00; prohibited_root_count=0,"evidence/requirements/req-201/{input,measurement,negative,checker,rollback}.json",GATE-REQ-201-PLAN,"REOPEN on source change, failed negative fixture, metric drift or owner reassignment",FINAL_R2_AUTHOR_SIDE_OWNER_LINEAGE_REBUILT / INDEPENDENT_SEMANTIC_REAUDIT_REQUIRED,TT-INDEPENDENT-NRTV-001
REQ-202,HG-KSEOS_實作前開發文檔包_必須涵蓋的設計規劃_設計原意_用戶需求_預期解決痛點_預期目標_功能表現_目的_定位_v2026.08.06-r1.md#COV-26/COV-26-INTENT,COV-26-INTENT,INTENT,舊版能力有價值但不能保留平行 SSOT、runtime conflation、模板 clone、宣告即啟用或過期狀態。,LATER,F18-01,F15-02,PRE-28,PRE-29/PRE-31,PRESERVE_UPSTREAM_ITEM_WORDING_AND_ORACLE,NEG-REQ-202: alter the decisive meaning `舊版能力有價值但不能保留平行 SSOT、runtime conflation、模板 clone、宣告即啟用或過期狀態。` while retaining valid shape; expect ERR-REQ-202-INTENT-SEMANTIC and zero canonical mutation,F18-01,NONE_OWNER_PRESERVED,VALID_OWNER_PRESERVATION,DOC-25,DOC-25-H01,WP-21,RBWI-17,"CA-05,CA-22,CA-28,CA-30",SPEC-086,ACC-086,fixtures/requirements/req-202-ssot-runtime-conflation-clone.yaml,"ORACLE-REQ-202-INTENT: semantic entailment holds for accepted interpretation and fails for mutation; verify fixture-specific expected fields and reject semantic mutation, not merely missing metadata",accepted_assertions=1/1; rejected_mutation=1/1; authority_violation=0,"evidence/requirements/req-202/{input,measurement,negative,checker,rollback}.json",GATE-REQ-202-INTENT,"REOPEN on source change, failed negative fixture, metric drift or owner reassignment",FINAL_R2_AUTHOR_SIDE_OWNER_LINEAGE_REBUILT / INDEPENDENT_SEMANTIC_REAUDIT_REQUIRED,TT-INDEPENDENT-NRTV-001
REQ-203,HG-KSEOS_實作前開發文檔包_必須涵蓋的設計規劃_設計原意_用戶需求_預期解決痛點_預期目標_功能表現_目的_定位_v2026.08.06-r1.md#COV-26/COV-26-NEED,COV-26-NEED,NEED,使用者可最大化既有投資與成熟工件，避免重新造輪子，同時得到一致的新包。,LATER,F18-01,F15-02,PRE-28,PRE-29/PRE-31,PRESERVE_UPSTREAM_ITEM_WORDING_AND_ORACLE,NEG-REQ-203: alter the decisive meaning `使用者可最大化既有投資與成熟工件，避免重新造輪子，同時得到一致的新包。` while retaining valid shape; expect ERR-REQ-203-NEED-SEMANTIC and zero canonical mutation,F18-01,NONE_OWNER_PRESERVED,VALID_OWNER_PRESERVATION,DOC-25,DOC-25-H01,WP-21,RBWI-17,"CA-05,CA-22,CA-28,CA-30",SPEC-086,ACC-086,fixtures/requirements/req-203-artifact.yaml,"ORACLE-REQ-203-NEED: consumer returns deterministic ACK or field-specific NACK without consulting donor corpus; verify fixture-specific expected fields and reject semantic mutation, not merely missing metadata",required_field_recall=1.00; raw_volume_reads=0,"evidence/requirements/req-203/{input,measurement,negative,checker,rollback}.json",GATE-REQ-203-NEED,"REOPEN on source change, failed negative fixture, metric drift or owner reassignment",FINAL_R2_AUTHOR_SIDE_OWNER_LINEAGE_REBUILT / INDEPENDENT_SEMANTIC_REAUDIT_REQUIRED,TT-INDEPENDENT-NRTV-001
REQ-204,HG-KSEOS_實作前開發文檔包_必須涵蓋的設計規劃_設計原意_用戶需求_預期解決痛點_預期目標_功能表現_目的_定位_v2026.08.06-r1.md#COV-26/COV-26-PAIN,COV-26-PAIN,PAIN,能力遺失、舊命名/權威滲透、相同 contract 多份、版本 alias 混亂、migration 無回歸。,LATER,F18-01,F15-02,PRE-28,PRE-29/PRE-31,PRESERVE_UPSTREAM_ITEM_WORDING_AND_ORACLE,NEG-REQ-204: alter the decisive meaning `能力遺失、舊命名/權威滲透、相同 contract 多份、版本 alias 混亂、migration 無回歸。` while retaining valid shape; expect ERR-REQ-204-PAIN-SEMANTIC and zero canonical mutation,F18-01,NONE_OWNER_PRESERVED,VALID_OWNER_PRESERVATION,DOC-25,DOC-25-H01,WP-21,RBWI-17,"CA-05,CA-22,CA-28,CA-30",SPEC-087,ACC-087,fixtures/requirements/req-204-contract-alias-migration.yaml,"ORACLE-REQ-204-PAIN: typed detector identifies the named defect and blocks promotion without false acceptance; verify fixture-specific expected fields and reject semantic mutation, not merely missing metadata",named_failure_detected=1; canonical_mutations=0; false_accepts=0,"evidence/requirements/req-204/{input,measurement,negative,checker,rollback}.json",GATE-REQ-204-PAIN,"REOPEN on source change, failed negative fixture, metric drift or owner reassignment",FINAL_R2_AUTHOR_SIDE_OWNER_LINEAGE_REBUILT / INDEPENDENT_SEMANTIC_REAUDIT_REQUIRED,TT-INDEPENDENT-NRTV-001
REQ-205,HG-KSEOS_實作前開發文檔包_必須涵蓋的設計規劃_設計原意_用戶需求_預期解決痛點_預期目標_功能表現_目的_定位_v2026.08.06-r1.md#COV-26/COV-26-TARGET,COV-26-TARGET,TARGET,完成「保留能力、統一法位、消除重複、修補缺陷、建立 replacement evidence」的受控遷移。,LATER,F18-01,F15-02,PRE-28,PRE-29/PRE-31,PRESERVE_UPSTREAM_ITEM_WORDING_AND_ORACLE,NEG-REQ-205: alter the decisive meaning `完成「保留能力、統一法位、消除重複、修補缺陷、建立 replacement evidence」的受控遷移。` while retaining valid shape; expect ERR-REQ-205-TARGET-SEMANTIC and zero canonical mutation,F18-01,NONE_OWNER_PRESERVED,VALID_OWNER_PRESERVATION,DOC-25,DOC-25-H01,WP-21,RBWI-17,"CA-05,CA-22,CA-28,CA-30",SPEC-087,ACC-087,fixtures/requirements/req-205-replacement-evidence.yaml,"ORACLE-REQ-205-TARGET: target metric, measurement method and counter-metric are all reported and thresholded; verify fixture-specific expected fields and reject semantic mutation, not merely missing metadata",measurement_fields=100%; target_met=true or BLOCKED; counter_metric_regression=0,"evidence/requirements/req-205/{input,measurement,negative,checker,rollback}.json",GATE-REQ-205-TARGET,"REOPEN on source change, failed negative fixture, metric drift or owner reassignment",FINAL_R2_AUTHOR_SIDE_OWNER_LINEAGE_REBUILT / INDEPENDENT_SEMANTIC_REAUDIT_REQUIRED,TT-INDEPENDENT-NRTV-001
REQ-206,HG-KSEOS_實作前開發文檔包_必須涵蓋的設計規劃_設計原意_用戶需求_預期解決痛點_預期目標_功能表現_目的_定位_v2026.08.06-r1.md#COV-26/COV-26-FUNCTION,COV-26-FUNCTION,FUNCTION,提供 crosswalk、diff/coverage、compatibility/alias、regression set、dual-run、supersession/tombstone、readback。,LATER,F18-01,F15-02,PRE-28,PRE-29/PRE-31,PRESERVE_UPSTREAM_ITEM_WORDING_AND_ORACLE,NEG-REQ-206: alter the decisive meaning `提供 crosswalk、diff/coverage、compatibility/alias、regression set、dual-ru…` while retaining valid shape; expect ERR-REQ-206-FUNCTION-SEMANTIC and zero canonical mutation,F18-01,NONE_OWNER_PRESERVED,VALID_OWNER_PRESERVATION,DOC-25,DOC-25-H01,WP-21,RBWI-17,"CA-05,CA-22,CA-28,CA-30",SPEC-087,ACC-087,fixtures/requirements/req-206-crosswalk-diff-coverage-compatibilit.yaml,"ORACLE-REQ-206-FUNCTION: positive produces typed output; negative/edge produce specified error or bounded degraded result; verify fixture-specific expected fields and reject semantic mutation, not merely missing metadata",positive_pass=1; negative_reject=1; edge_bounded=1,"evidence/requirements/req-206/{input,measurement,negative,checker,rollback}.json",GATE-REQ-206-FUNCTION,"REOPEN on source change, failed negative fixture, metric drift or owner reassignment",FINAL_R2_AUTHOR_SIDE_OWNER_LINEAGE_REBUILT / INDEPENDENT_SEMANTIC_REAUDIT_REQUIRED,TT-INDEPENDENT-NRTV-001
REQ-207,HG-KSEOS_實作前開發文檔包_必須涵蓋的設計規劃_設計原意_用戶需求_預期解決痛點_預期目標_功能表現_目的_定位_v2026.08.06-r1.md#COV-26/COV-26-PURPOSE,COV-26-PURPOSE,PURPOSE,把歷史工程資產轉成 HG-KSEOS-native 可施工基座。,LATER,F18-01,F15-02,PRE-28,PRE-29/PRE-31,PRESERVE_UPSTREAM_ITEM_WORDING_AND_ORACLE,NEG-REQ-207: alter the decisive meaning `把歷史工程資產轉成 HG-KSEOS-native 可施工基座。` while retaining valid shape; expect ERR-REQ-207-PURPOSE-SEMANTIC and zero canonical mutation,F18-01,NONE_OWNER_PRESERVED,VALID_OWNER_PRESERVATION,DOC-25,DOC-25-H01,WP-21,RBWI-17,"CA-05,CA-22,CA-28,CA-30",SPEC-086,ACC-086,fixtures/requirements/req-207-hg-kseos-native.yaml,"ORACLE-REQ-207-PURPOSE: purpose chain is complete and no governance/tool detail replaces the core user outcome; verify fixture-specific expected fields and reject semantic mutation, not merely missing metadata",pain_to_mechanism_edges>=1; mechanism_to_evidence_edges>=1; purpose_orphans=0,"evidence/requirements/req-207/{input,measurement,negative,checker,rollback}.json",GATE-REQ-207-PURPOSE,"REOPEN on source change, failed negative fixture, metric drift or owner reassignment",FINAL_R2_AUTHOR_SIDE_OWNER_LINEAGE_REBUILT / INDEPENDENT_SEMANTIC_REAUDIT_REQUIRED,TT-INDEPENDENT-NRTV-001
REQ-208,HG-KSEOS_實作前開發文檔包_必須涵蓋的設計規劃_設計原意_用戶需求_預期解決痛點_預期目標_功能表現_目的_定位_v2026.08.06-r1.md#COV-26/COV-26-POSITION,COV-26-POSITION,POSITION,Root=HG-KSEOS；Carrier=P0-CIP/製程；Projection=32冊/Builder/Skills；Runtime=Hermes/SRU/工具；不可倒置。,LATER,F18-01,F15-02,PRE-28,PRE-29/PRE-31,PRESERVE_UPSTREAM_ITEM_WORDING_AND_ORACLE,NEG-REQ-208: alter the decisive meaning `Root=HG-KSEOS；Carrier=P0-CIP/製程；Projection=32冊/Builder/Skills；Runtime…` while retaining valid shape; expect ERR-REQ-208-POSITION-SEMANTIC and zero canonical mutation,F18-01,NONE_OWNER_PRESERVED,VALID_OWNER_PRESERVATION,DOC-25,DOC-25-H01,WP-21,RBWI-17,"CA-05,CA-22,CA-28,CA-30",SPEC-086,ACC-086,fixtures/requirements/req-208-root-hg-kseos-carrier-p0-cip-project.yaml,"ORACLE-REQ-208-POSITION: boundary checker rejects the substitution and preserves the canonical owner; verify fixture-specific expected fields and reject semantic mutation, not merely missing metadata",owner_substitution_rejected=1; foreign_writer_count=0; second_root_count=0,"evidence/requirements/req-208/{input,measurement,negative,checker,rollback}.json",GATE-REQ-208-POSITION,"REOPEN on source change, failed negative fixture, metric drift or owner reassignment",FINAL_R2_AUTHOR_SIDE_OWNER_LINEAGE_REBUILT / INDEPENDENT_SEMANTIC_REAUDIT_REQUIRED,TT-INDEPENDENT-NRTV-001
REQ-209,HG-KSEOS_實作前開發文檔包_必須涵蓋的設計規劃_設計原意_用戶需求_預期解決痛點_預期目標_功能表現_目的_定位_v2026.08.06-r1.md#COV-27/COV-27-PLAN,COV-27-PLAN,PLAN,建立 Route-out Decision Tree、Implementation Command Pack、repo-context request、artifact inventory、task graph、acceptance/security/release/evidence/rollback/approval、evidence return/readback。,P0,F05-01,F15-02,PRE-30,PRE-31,PRESERVE_UPSTREAM_ITEM_WORDING_AND_ORACLE,NEG-REQ-209: alter the decisive meaning `建立 Route-out Decision Tree、Implementation Command Pack、repo-context r…` while retaining valid shape; expect ERR-REQ-209-PLAN-SEMANTIC and zero canonical mutation,F05-01,NONE_OWNER_PRESERVED,VALID_OWNER_PRESERVATION,DOC-26,DOC-26-H02,WP-22,RBWI-16,"CA-10,CA-23,CA-29,CA-30",SPEC-090,ACC-090,fixtures/requirements/req-209-route-out-decision-tree-implementati.yaml,"ORACLE-REQ-209-PLAN: required object set equals source-enumerated set; no extra product root; verify fixture-specific expected fields and reject semantic mutation, not merely missing metadata",coverage_ratio=1.00; prohibited_root_count=0,"evidence/requirements/req-209/{input,measurement,negative,checker,rollback}.json",GATE-REQ-209-PLAN,"REOPEN on source change, failed negative fixture, metric drift or owner reassignment",FINAL_R2_AUTHOR_SIDE_OWNER_LINEAGE_REBUILT / INDEPENDENT_SEMANTIC_REAUDIT_REQUIRED,TT-INDEPENDENT-NRTV-001
REQ-210,HG-KSEOS_實作前開發文檔包_必須涵蓋的設計規劃_設計原意_用戶需求_預期解決痛點_預期目標_功能表現_目的_定位_v2026.08.06-r1.md#COV-27/COV-27-INTENT,COV-27-INTENT,INTENT,設計、指揮、執行、獨立驗收與發布必須分工；GPT A 不假裝 repo/runtime 已讀/已做。,P0,F05-01,F15-02,PRE-30,PRE-31,PRESERVE_UPSTREAM_ITEM_WORDING_AND_ORACLE,NEG-REQ-210: alter the decisive meaning `設計、指揮、執行、獨立驗收與發布必須分工；GPT A 不假裝 repo/runtime 已讀/已做。` while retaining valid shape; expect ERR-REQ-210-INTENT-SEMANTIC and zero canonical mutation,F05-01,NONE_OWNER_PRESERVED,VALID_OWNER_PRESERVATION,DOC-26,DOC-26-H01,WP-22,RBWI-16,"CA-10,CA-23,CA-29,CA-30",SPEC-089,ACC-089,fixtures/requirements/req-210-gpt-a-repo-runtime.yaml,"ORACLE-REQ-210-INTENT: semantic entailment holds for accepted interpretation and fails for mutation; verify fixture-specific expected fields and reject semantic mutation, not merely missing metadata",accepted_assertions=1/1; rejected_mutation=1/1; authority_violation=0,"evidence/requirements/req-210/{input,measurement,negative,checker,rollback}.json",GATE-REQ-210-INTENT,"REOPEN on source change, failed negative fixture, metric drift or owner reassignment",FINAL_R2_AUTHOR_SIDE_OWNER_LINEAGE_REBUILT / INDEPENDENT_SEMANTIC_REAUDIT_REQUIRED,TT-INDEPENDENT-NRTV-001
REQ-211,HG-KSEOS_實作前開發文檔包_必須涵蓋的設計規劃_設計原意_用戶需求_預期解決痛點_預期目標_功能表現_目的_定位_v2026.08.06-r1.md#COV-27/COV-27-NEED,COV-27-NEED,NEED,其他 AI 可直接接手施工，使用者能追蹤輸入/輸出/責任/證據而不重新口頭交代。,P0,F05-01,F15-02,PRE-30,PRE-31,PRESERVE_UPSTREAM_ITEM_WORDING_AND_ORACLE,NEG-REQ-211: alter the decisive meaning `其他 AI 可直接接手施工，使用者能追蹤輸入/輸出/責任/證據而不重新口頭交代。` while retaining valid shape; expect ERR-REQ-211-NEED-SEMANTIC and zero canonical mutation,F05-01,NONE_OWNER_PRESERVED,VALID_OWNER_PRESERVATION,DOC-26,DOC-26-H01,WP-22,RBWI-16,"CA-10,CA-23,CA-29,CA-30",SPEC-089,ACC-089,fixtures/requirements/req-211-ai.yaml,"ORACLE-REQ-211-NEED: consumer returns deterministic ACK or field-specific NACK without consulting donor corpus; verify fixture-specific expected fields and reject semantic mutation, not merely missing metadata",required_field_recall=1.00; raw_volume_reads=0,"evidence/requirements/req-211/{input,measurement,negative,checker,rollback}.json",GATE-REQ-211-NEED,"REOPEN on source change, failed negative fixture, metric drift or owner reassignment",FINAL_R2_AUTHOR_SIDE_OWNER_LINEAGE_REBUILT / INDEPENDENT_SEMANTIC_REAUDIT_REQUIRED,TT-INDEPENDENT-NRTV-001
REQ-212,HG-KSEOS_實作前開發文檔包_必須涵蓋的設計規劃_設計原意_用戶需求_預期解決痛點_預期目標_功能表現_目的_定位_v2026.08.06-r1.md#COV-27/COV-27-PAIN,COV-27-PAIN,PAIN,只寫「交給 OROCHI」、無欄位/owner/gate；執行者自行解讀；GPT A 自稱完成外部動作；evidence 回程斷裂。,P0,F05-01,F15-02,PRE-30,PRE-31,PRESERVE_UPSTREAM_ITEM_WORDING_AND_ORACLE,NEG-REQ-212: alter the decisive meaning `只寫「交給 OROCHI」、無欄位/owner/gate；執行者自行解讀；GPT A 自稱完成外部動作；evidence 回程斷裂。` while retaining valid shape; expect ERR-REQ-212-PAIN-SEMANTIC and zero canonical mutation,F05-01,NONE_OWNER_PRESERVED,VALID_OWNER_PRESERVATION,DOC-26,DOC-26-H06,WP-22,RBWI-16,"CA-10,CA-23,CA-29,CA-30",SPEC-090,ACC-090,fixtures/requirements/req-212-orochi-owner-gate-gpt-a-evidence.yaml,"ORACLE-REQ-212-PAIN: typed detector identifies the named defect and blocks promotion without false acceptance; verify fixture-specific expected fields and reject semantic mutation, not merely missing metadata",named_failure_detected=1; canonical_mutations=0; false_accepts=0,"evidence/requirements/req-212/{input,measurement,negative,checker,rollback}.json",GATE-REQ-212-PAIN,"REOPEN on source change, failed negative fixture, metric drift or owner reassignment",FINAL_R2_AUTHOR_SIDE_OWNER_LINEAGE_REBUILT / INDEPENDENT_SEMANTIC_REAUDIT_REQUIRED,TT-INDEPENDENT-NRTV-001
REQ-213,HG-KSEOS_實作前開發文檔包_必須涵蓋的設計規劃_設計原意_用戶需求_預期解決痛點_預期目標_功能表現_目的_定位_v2026.08.06-r1.md#COV-27/COV-27-TARGET,COV-27-TARGET,TARGET,形成可機器消費、可拒絕、可回填的跨 Agent/工程鏈 contract。,P0,F05-01,F15-02,PRE-30,PRE-31,PRESERVE_UPSTREAM_ITEM_WORDING_AND_ORACLE,NEG-REQ-213: alter the decisive meaning `形成可機器消費、可拒絕、可回填的跨 Agent/工程鏈 contract。` while retaining valid shape; expect ERR-REQ-213-TARGET-SEMANTIC and zero canonical mutation,F05-01,NONE_OWNER_PRESERVED,VALID_OWNER_PRESERVATION,DOC-26,DOC-26-H01,WP-22,RBWI-16,"CA-10,CA-23,CA-29,CA-30",SPEC-089,ACC-089,fixtures/requirements/req-213-agent-contract.yaml,"ORACLE-REQ-213-TARGET: target metric, measurement method and counter-metric are all reported and thresholded; verify fixture-specific expected fields and reject semantic mutation, not merely missing metadata",measurement_fields=100%; target_met=true or BLOCKED; counter_metric_regression=0,"evidence/requirements/req-213/{input,measurement,negative,checker,rollback}.json",GATE-REQ-213-TARGET,"REOPEN on source change, failed negative fixture, metric drift or owner reassignment",FINAL_R2_AUTHOR_SIDE_OWNER_LINEAGE_REBUILT / INDEPENDENT_SEMANTIC_REAUDIT_REQUIRED,TT-INDEPENDENT-NRTV-001
REQ-214,HG-KSEOS_實作前開發文檔包_必須涵蓋的設計規劃_設計原意_用戶需求_預期解決痛點_預期目標_功能表現_目的_定位_v2026.08.06-r1.md#COV-27/COV-27-FUNCTION,COV-27-FUNCTION,FUNCTION,提供 actor boundary matrix、handoff schema、approval token、forbidden claims、REQUEST_CHANGE/EVIDENCE_INSUFFICIENT/AUTHORITY_CONFLICT/SECURITY_BLOCK。,P0,F05-01,F15-02,PRE-30,PRE-31,PRESERVE_UPSTREAM_ITEM_WORDING_AND_ORACLE,NEG-REQ-214: alter the decisive meaning `提供 actor boundary matrix、handoff schema、approval token、forbidden clai…` while retaining valid shape; expect ERR-REQ-214-FUNCTION-SEMANTIC and zero canonical mutation,F05-01,NONE_OWNER_PRESERVED,VALID_OWNER_PRESERVATION,DOC-26,DOC-26-H05,WP-22,RBWI-16,"CA-10,CA-23,CA-29,CA-30",SPEC-089,ACC-089,fixtures/requirements/req-214-actor-boundary-matrix-handoff-schema.yaml,"ORACLE-REQ-214-FUNCTION: positive produces typed output; negative/edge produce specified error or bounded degraded result; verify fixture-specific expected fields and reject semantic mutation, not merely missing metadata",positive_pass=1; negative_reject=1; edge_bounded=1,"evidence/requirements/req-214/{input,measurement,negative,checker,rollback}.json",GATE-REQ-214-FUNCTION,"REOPEN on source change, failed negative fixture, metric drift or owner reassignment",FINAL_R2_AUTHOR_SIDE_OWNER_LINEAGE_REBUILT / INDEPENDENT_SEMANTIC_REAUDIT_REQUIRED,TT-INDEPENDENT-NRTV-001
REQ-215,HG-KSEOS_實作前開發文檔包_必須涵蓋的設計規劃_設計原意_用戶需求_預期解決痛點_預期目標_功能表現_目的_定位_v2026.08.06-r1.md#COV-27/COV-27-PURPOSE,COV-27-PURPOSE,PURPOSE,將文檔包實際連到開發與驗收，不混淆 GPTs-only 與 runtime。,P0,F05-01,F15-02,PRE-30,PRE-31,PRESERVE_UPSTREAM_ITEM_WORDING_AND_ORACLE,NEG-REQ-215: alter the decisive meaning `將文檔包實際連到開發與驗收，不混淆 GPTs-only 與 runtime。` while retaining valid shape; expect ERR-REQ-215-PURPOSE-SEMANTIC and zero canonical mutation,F05-01,NONE_OWNER_PRESERVED,VALID_OWNER_PRESERVATION,DOC-26,DOC-26-H01,WP-22,RBWI-16,"CA-10,CA-23,CA-29,CA-30",SPEC-089,ACC-089,fixtures/requirements/req-215-gpts-only-runtime.yaml,"ORACLE-REQ-215-PURPOSE: purpose chain is complete and no governance/tool detail replaces the core user outcome; verify fixture-specific expected fields and reject semantic mutation, not merely missing metadata",pain_to_mechanism_edges>=1; mechanism_to_evidence_edges>=1; purpose_orphans=0,"evidence/requirements/req-215/{input,measurement,negative,checker,rollback}.json",GATE-REQ-215-PURPOSE,"REOPEN on source change, failed negative fixture, metric drift or owner reassignment",FINAL_R2_AUTHOR_SIDE_OWNER_LINEAGE_REBUILT / INDEPENDENT_SEMANTIC_REAUDIT_REQUIRED,TT-INDEPENDENT-NRTV-001
REQ-216,HG-KSEOS_實作前開發文檔包_必須涵蓋的設計規劃_設計原意_用戶需求_預期解決痛點_預期目標_功能表現_目的_定位_v2026.08.06-r1.md#COV-27/COV-27-POSITION,COV-27-POSITION,POSITION,Handoff packet 是唯一合法跨法位載體；execution evidence 只能由 executor/pilot 產生。,P0,F05-01,F15-02,PRE-30,PRE-31,PRESERVE_UPSTREAM_ITEM_WORDING_AND_ORACLE,NEG-REQ-216: alter the decisive meaning `Handoff packet 是唯一合法跨法位載體；execution evidence 只能由 executor/pilot 產生。` while retaining valid shape; expect ERR-REQ-216-POSITION-SEMANTIC and zero canonical mutation,F05-01,NONE_OWNER_PRESERVED,VALID_OWNER_PRESERVATION,DOC-26,DOC-26-H03,WP-22,RBWI-16,"CA-10,CA-23,CA-29,CA-30",SPEC-089,ACC-089,fixtures/requirements/req-216-handoff-packet-execution-evidence-ex.yaml,"ORACLE-REQ-216-POSITION: boundary checker rejects the substitution and preserves the canonical owner; verify fixture-specific expected fields and reject semantic mutation, not merely missing metadata",owner_substitution_rejected=1; foreign_writer_count=0; second_root_count=0,"evidence/requirements/req-216/{input,measurement,negative,checker,rollback}.json",GATE-REQ-216-POSITION,"REOPEN on source change, failed negative fixture, metric drift or owner reassignment",FINAL_R2_AUTHOR_SIDE_OWNER_LINEAGE_REBUILT / INDEPENDENT_SEMANTIC_REAUDIT_REQUIRED,TT-INDEPENDENT-NRTV-001
REQ-217,HG-KSEOS_實作前開發文檔包_必須涵蓋的設計規劃_設計原意_用戶需求_預期解決痛點_預期目標_功能表現_目的_定位_v2026.08.06-r1.md#COV-28/COV-28-PLAN,COV-28-PLAN,PLAN,每冊含 Reader Contract、authority/source locators、schemas、workflow/state machine、cases、cross-doc interfaces、TaskSpec extraction、No-Return-to-Vol probes、TT/CR/status reducer。,P0,F01-01,F15-02,PRE-00,NONE,PRESERVE_UPSTREAM_ITEM_WORDING_AND_ORACLE,NEG-REQ-217: alter the decisive meaning `每冊含 Reader Contract、authority/source locators、schemas、workflow/state …` while retaining valid shape; expect ERR-REQ-217-PLAN-SEMANTIC and zero canonical mutation,F01-01,NONE_OWNER_PRESERVED,VALID_OWNER_PRESERVATION,DOC-00,DOC-00-H05,"WP-00,WP-23","RBWI-00,RBWI-15,RBWI-16","CA-01,CA-02,CA-05,CA-25,CA-26,CA-27,CA-29,CA-30",SPEC-001,ACC-001,fixtures/requirements/req-217-reader-contract-authority-source-loc.yaml,"ORACLE-REQ-217-PLAN: required object set equals source-enumerated set; no extra product root; verify fixture-specific expected fields and reject semantic mutation, not merely missing metadata",coverage_ratio=1.00; prohibited_root_count=0,"evidence/requirements/req-217/{input,measurement,negative,checker,rollback}.json",GATE-REQ-217-PLAN,"REOPEN on source change, failed negative fixture, metric drift or owner reassignment",FINAL_R2_AUTHOR_SIDE_OWNER_LINEAGE_REBUILT / INDEPENDENT_SEMANTIC_REAUDIT_REQUIRED,TT-INDEPENDENT-NRTV-001
REQ-218,HG-KSEOS_實作前開發文檔包_必須涵蓋的設計規劃_設計原意_用戶需求_預期解決痛點_預期目標_功能表現_目的_定位_v2026.08.06-r1.md#COV-28/COV-28-INTENT,COV-28-INTENT,INTENT,文件包是 AI-readable engineering interface，不是人類摘要或來源長文拼接。,P0,F01-01,F15-02,PRE-00,NONE,PRESERVE_UPSTREAM_ITEM_WORDING_AND_ORACLE,NEG-REQ-218: alter the decisive meaning `文件包是 AI-readable engineering interface，不是人類摘要或來源長文拼接。` while retaining valid shape; expect ERR-REQ-218-INTENT-SEMANTIC and zero canonical mutation,F01-01,NONE_OWNER_PRESERVED,VALID_OWNER_PRESERVATION,DOC-00,DOC-00-H01,"WP-00,WP-23","RBWI-00,RBWI-15,RBWI-16","CA-01,CA-02,CA-05,CA-25,CA-26,CA-27,CA-29,CA-30",SPEC-003,ACC-003,fixtures/requirements/req-218-ai-readable-engineering-interface.yaml,"ORACLE-REQ-218-INTENT: semantic entailment holds for accepted interpretation and fails for mutation; verify fixture-specific expected fields and reject semantic mutation, not merely missing metadata",accepted_assertions=1/1; rejected_mutation=1/1; authority_violation=0,"evidence/requirements/req-218/{input,measurement,negative,checker,rollback}.json",GATE-REQ-218-INTENT,"REOPEN on source change, failed negative fixture, metric drift or owner reassignment",FINAL_R2_AUTHOR_SIDE_OWNER_LINEAGE_REBUILT / INDEPENDENT_SEMANTIC_REAUDIT_REQUIRED,TT-INDEPENDENT-NRTV-001
REQ-219,HG-KSEOS_實作前開發文檔包_必須涵蓋的設計規劃_設計原意_用戶需求_預期解決痛點_預期目標_功能表現_目的_定位_v2026.08.06-r1.md#COV-28/COV-28-NEED,COV-28-NEED,NEED,其他模型不需了解對話歷史與 raw volumes，就能定位正確 anchor、拒絕缺證、產出可施工內容。,P0,F01-01,F15-02,PRE-00,NONE,PRESERVE_UPSTREAM_ITEM_WORDING_AND_ORACLE,NEG-REQ-219: alter the decisive meaning `其他模型不需了解對話歷史與 raw volumes，就能定位正確 anchor、拒絕缺證、產出可施工內容。` while retaining valid shape; expect ERR-REQ-219-NEED-SEMANTIC and zero canonical mutation,F01-01,NONE_OWNER_PRESERVED,VALID_OWNER_PRESERVATION,DOC-00,DOC-00-H01,"WP-00,WP-23","RBWI-00,RBWI-15,RBWI-16","CA-01,CA-02,CA-05,CA-25,CA-26,CA-27,CA-29,CA-30",SPEC-001,ACC-001,fixtures/requirements/req-219-raw-volumes-anchor.yaml,"ORACLE-REQ-219-NEED: consumer returns deterministic ACK or field-specific NACK without consulting donor corpus; verify fixture-specific expected fields and reject semantic mutation, not merely missing metadata",required_field_recall=1.00; raw_volume_reads=0,"evidence/requirements/req-219/{input,measurement,negative,checker,rollback}.json",GATE-REQ-219-NEED,"REOPEN on source change, failed negative fixture, metric drift or owner reassignment",FINAL_R2_AUTHOR_SIDE_OWNER_LINEAGE_REBUILT / INDEPENDENT_SEMANTIC_REAUDIT_REQUIRED,TT-INDEPENDENT-NRTV-001
REQ-220,HG-KSEOS_實作前開發文檔包_必須涵蓋的設計規劃_設計原意_用戶需求_預期解決痛點_預期目標_功能表現_目的_定位_v2026.08.06-r1.md#COV-28/COV-28-PAIN,COV-28-PAIN,PAIN,文件太長但不可導航、只有概念、跨冊接口缺失、需回 source volumes 才能回答、模型自行補空白。,P0,F01-01,F15-02,PRE-00,NONE,PRESERVE_UPSTREAM_ITEM_WORDING_AND_ORACLE,NEG-REQ-220: alter the decisive meaning `文件太長但不可導航、只有概念、跨冊接口缺失、需回 source volumes 才能回答、模型自行補空白。` while retaining valid shape; expect ERR-REQ-220-PAIN-SEMANTIC and zero canonical mutation,F01-01,NONE_OWNER_PRESERVED,VALID_OWNER_PRESERVATION,DOC-00,DOC-00-H01,"WP-00,WP-23","RBWI-00,RBWI-15,RBWI-16","CA-01,CA-02,CA-05,CA-25,CA-26,CA-27,CA-29,CA-30",SPEC-003,ACC-003,fixtures/requirements/req-220-source-volumes.yaml,"ORACLE-REQ-220-PAIN: typed detector identifies the named defect and blocks promotion without false acceptance; verify fixture-specific expected fields and reject semantic mutation, not merely missing metadata",named_failure_detected=1; canonical_mutations=0; false_accepts=0,"evidence/requirements/req-220/{input,measurement,negative,checker,rollback}.json",GATE-REQ-220-PAIN,"REOPEN on source change, failed negative fixture, metric drift or owner reassignment",FINAL_R2_AUTHOR_SIDE_OWNER_LINEAGE_REBUILT / INDEPENDENT_SEMANTIC_REAUDIT_REQUIRED,TT-INDEPENDENT-NRTV-001
REQ-221,HG-KSEOS_實作前開發文檔包_必須涵蓋的設計規劃_設計原意_用戶需求_預期解決痛點_預期目標_功能表現_目的_定位_v2026.08.06-r1.md#COV-28/COV-28-TARGET,COV-28-TARGET,TARGET,達到 NRTV replacement candidate：常見/負面/邊界問題只靠新包可答，並有 abstention/TT。,P0,F01-01,F15-02,PRE-00,NONE,PRESERVE_UPSTREAM_ITEM_WORDING_AND_ORACLE,NEG-REQ-221: alter the decisive meaning `達到 NRTV replacement candidate：常見/負面/邊界問題只靠新包可答，並有 abstention/TT。` while retaining valid shape; expect ERR-REQ-221-TARGET-SEMANTIC and zero canonical mutation,F01-01,NONE_OWNER_PRESERVED,VALID_OWNER_PRESERVATION,DOC-00,DOC-00-H01,"WP-00,WP-23","RBWI-00,RBWI-15,RBWI-16","CA-01,CA-02,CA-05,CA-25,CA-26,CA-27,CA-29,CA-30",SPEC-001,ACC-001,fixtures/requirements/req-221-nrtv-replacement-candidate-abstentio.yaml,"ORACLE-REQ-221-TARGET: target metric, measurement method and counter-metric are all reported and thresholded; verify fixture-specific expected fields and reject semantic mutation, not merely missing metadata",measurement_fields=100%; target_met=true or BLOCKED; counter_metric_regression=0,"evidence/requirements/req-221/{input,measurement,negative,checker,rollback}.json",GATE-REQ-221-TARGET,"REOPEN on source change, failed negative fixture, metric drift or owner reassignment",FINAL_R2_AUTHOR_SIDE_OWNER_LINEAGE_REBUILT / INDEPENDENT_SEMANTIC_REAUDIT_REQUIRED,TT-INDEPENDENT-NRTV-001
REQ-222,HG-KSEOS_實作前開發文檔包_必須涵蓋的設計規劃_設計原意_用戶需求_預期解決痛點_預期目標_功能表現_目的_定位_v2026.08.06-r1.md#COV-28/COV-28-FUNCTION,COV-28-FUNCTION,FUNCTION,提供 anchor-first router、glossary、stable IDs、typed schemas、extraction guides、probe bank、consumer-specific read order。,P0,F01-01,F15-02,PRE-00,NONE,PRESERVE_UPSTREAM_ITEM_WORDING_AND_ORACLE,NEG-REQ-222: alter the decisive meaning `提供 anchor-first router、glossary、stable IDs、typed schemas、extraction g…` while retaining valid shape; expect ERR-REQ-222-FUNCTION-SEMANTIC and zero canonical mutation,F01-01,NONE_OWNER_PRESERVED,VALID_OWNER_PRESERVATION,DOC-00,DOC-00-H02,"WP-00,WP-23","RBWI-00,RBWI-15,RBWI-16","CA-01,CA-02,CA-05,CA-25,CA-26,CA-27,CA-29,CA-30",SPEC-092,ACC-092,fixtures/requirements/req-222-anchor-first-router-glossary-stable-.yaml,"ORACLE-REQ-222-FUNCTION: positive produces typed output; negative/edge produce specified error or bounded degraded result; verify fixture-specific expected fields and reject semantic mutation, not merely missing metadata",positive_pass=1; negative_reject=1; edge_bounded=1,"evidence/requirements/req-222/{input,measurement,negative,checker,rollback}.json",GATE-REQ-222-FUNCTION,"REOPEN on source change, failed negative fixture, metric drift or owner reassignment",FINAL_R2_AUTHOR_SIDE_OWNER_LINEAGE_REBUILT / INDEPENDENT_SEMANTIC_REAUDIT_REQUIRED,TT-INDEPENDENT-NRTV-001
REQ-223,HG-KSEOS_實作前開發文檔包_必須涵蓋的設計規劃_設計原意_用戶需求_預期解決痛點_預期目標_功能表現_目的_定位_v2026.08.06-r1.md#COV-28/COV-28-PURPOSE,COV-28-PURPOSE,PURPOSE,將 60 份來源知識轉成可持續維護的工程知識產品。,P0,F01-01,F15-02,PRE-00,NONE,PRESERVE_UPSTREAM_ITEM_WORDING_AND_ORACLE,NEG-REQ-223: alter the decisive meaning `將 60 份來源知識轉成可持續維護的工程知識產品。` while retaining valid shape; expect ERR-REQ-223-PURPOSE-SEMANTIC and zero canonical mutation,F01-01,NONE_OWNER_PRESERVED,VALID_OWNER_PRESERVATION,DOC-00,DOC-00-H01,"WP-00,WP-23","RBWI-00,RBWI-15,RBWI-16","CA-01,CA-02,CA-05,CA-25,CA-26,CA-27,CA-29,CA-30",SPEC-003,ACC-003,fixtures/requirements/req-223-60.yaml,"ORACLE-REQ-223-PURPOSE: purpose chain is complete and no governance/tool detail replaces the core user outcome; verify fixture-specific expected fields and reject semantic mutation, not merely missing metadata",pain_to_mechanism_edges>=1; mechanism_to_evidence_edges>=1; purpose_orphans=0,"evidence/requirements/req-223/{input,measurement,negative,checker,rollback}.json",GATE-REQ-223-PURPOSE,"REOPEN on source change, failed negative fixture, metric drift or owner reassignment",FINAL_R2_AUTHOR_SIDE_OWNER_LINEAGE_REBUILT / INDEPENDENT_SEMANTIC_REAUDIT_REQUIRED,TT-INDEPENDENT-NRTV-001
REQ-224,HG-KSEOS_實作前開發文檔包_必須涵蓋的設計規劃_設計原意_用戶需求_預期解決痛點_預期目標_功能表現_目的_定位_v2026.08.06-r1.md#COV-28/COV-28-POSITION,COV-28-POSITION,POSITION,新包是 canonical pre-implementation projection；來源群是 donor/evidence，兩者不得混淆。,P0,F01-01,F15-02,PRE-00,NONE,PRESERVE_UPSTREAM_ITEM_WORDING_AND_ORACLE,NEG-REQ-224: alter the decisive meaning `新包是 canonical pre-implementation projection；來源群是 donor/evidence，兩者不得混…` while retaining valid shape; expect ERR-REQ-224-POSITION-SEMANTIC and zero canonical mutation,F01-01,NONE_OWNER_PRESERVED,VALID_OWNER_PRESERVATION,DOC-00,DOC-00-H04,"WP-00,WP-23","RBWI-00,RBWI-15,RBWI-16","CA-01,CA-02,CA-05,CA-25,CA-26,CA-27,CA-29,CA-30",SPEC-003,ACC-003,fixtures/requirements/req-224-canonical-pre-implementation-project.yaml,"ORACLE-REQ-224-POSITION: boundary checker rejects the substitution and preserves the canonical owner; verify fixture-specific expected fields and reject semantic mutation, not merely missing metadata",owner_substitution_rejected=1; foreign_writer_count=0; second_root_count=0,"evidence/requirements/req-224/{input,measurement,negative,checker,rollback}.json",GATE-REQ-224-POSITION,"REOPEN on source change, failed negative fixture, metric drift or owner reassignment",FINAL_R2_AUTHOR_SIDE_OWNER_LINEAGE_REBUILT / INDEPENDENT_SEMANTIC_REAUDIT_REQUIRED,TT-INDEPENDENT-NRTV-001
REQ-225,HG-KSEOS_實作前開發文檔包_必須涵蓋的設計規劃_設計原意_用戶需求_預期解決痛點_預期目標_功能表現_目的_定位_v2026.08.06-r1.md#COV-29/COV-29-PLAN,COV-29-PLAN,PLAN,每 capability 先 reuse scout/FIT-GAP，再決定 ADOPT/REBASE/TRANSLATE/PATTERN_DONOR/DEFER/REJECT；P0 Core 只留 Git Markdown、SQLite/FTS、必要 Agent/worktree/evidence，其他按觸發條件。,P0,F14-01,F15-02,PRE-08,PRE-15/PRE-22/PRE-29,PRESERVE_UPSTREAM_ITEM_WORDING_AND_ORACLE,NEG-REQ-225: alter the decisive meaning `每 capability 先 reuse scout/FIT-GAP，再決定 ADOPT/REBASE/TRANSLATE/PATTERN…` while retaining valid shape; expect ERR-REQ-225-PLAN-SEMANTIC and zero canonical mutation,F14-01,NONE_OWNER_PRESERVED,VALID_OWNER_PRESERVATION,DOC-16,DOC-16-H01,WP-13,RBWI-07,"CA-15,CA-16,CA-23,CA-27",SPEC-055,ACC-055,fixtures/requirements/req-225-capability-reuse-scout-fit-gap-adopt.yaml,"ORACLE-REQ-225-PLAN: required object set equals source-enumerated set; no extra product root; verify fixture-specific expected fields and reject semantic mutation, not merely missing metadata",coverage_ratio=1.00; prohibited_root_count=0,"evidence/requirements/req-225/{input,measurement,negative,checker,rollback}.json",GATE-REQ-225-PLAN,"REOPEN on source change, failed negative fixture, metric drift or owner reassignment",FINAL_R2_AUTHOR_SIDE_OWNER_LINEAGE_REBUILT / INDEPENDENT_SEMANTIC_REAUDIT_REQUIRED,TT-INDEPENDENT-NRTV-001
REQ-226,HG-KSEOS_實作前開發文檔包_必須涵蓋的設計規劃_設計原意_用戶需求_預期解決痛點_預期目標_功能表現_目的_定位_v2026.08.06-r1.md#COV-29/COV-29-INTENT,COV-29-INTENT,INTENT,最大化成熟技術，但拒絕全家桶；最小充分、可替換、可重建優先於熱門度與自動化程度。,P0,F14-01,F15-02,PRE-08,PRE-15/PRE-22/PRE-29,PRESERVE_UPSTREAM_ITEM_WORDING_AND_ORACLE,NEG-REQ-226: alter the decisive meaning `最大化成熟技術，但拒絕全家桶；最小充分、可替換、可重建優先於熱門度與自動化程度。` while retaining valid shape; expect ERR-REQ-226-INTENT-SEMANTIC and zero canonical mutation,F14-01,NONE_OWNER_PRESERVED,VALID_OWNER_PRESERVATION,DOC-16,DOC-16-H01,WP-13,RBWI-07,"CA-15,CA-16,CA-23,CA-27",SPEC-096,ACC-096,fixtures/requirements/req-226-artifact.yaml,"ORACLE-REQ-226-INTENT: semantic entailment holds for accepted interpretation and fails for mutation; verify fixture-specific expected fields and reject semantic mutation, not merely missing metadata",accepted_assertions=1/1; rejected_mutation=1/1; authority_violation=0,"evidence/requirements/req-226/{input,measurement,negative,checker,rollback}.json",GATE-REQ-226-INTENT,"REOPEN on source change, failed negative fixture, metric drift or owner reassignment",FINAL_R2_AUTHOR_SIDE_OWNER_LINEAGE_REBUILT / INDEPENDENT_SEMANTIC_REAUDIT_REQUIRED,TT-INDEPENDENT-NRTV-001
REQ-227,HG-KSEOS_實作前開發文檔包_必須涵蓋的設計規劃_設計原意_用戶需求_預期解決痛點_預期目標_功能表現_目的_定位_v2026.08.06-r1.md#COV-29/COV-29-NEED,COV-29-NEED,NEED,使用者可快速啟動、低運維、低學習成本，後續需求出現時再加 provider，而非預先承擔複雜度。,P0,F14-01,F15-02,PRE-08,PRE-15/PRE-22/PRE-29,PRESERVE_UPSTREAM_ITEM_WORDING_AND_ORACLE,NEG-REQ-227: alter the decisive meaning `使用者可快速啟動、低運維、低學習成本，後續需求出現時再加 provider，而非預先承擔複雜度。` while retaining valid shape; expect ERR-REQ-227-NEED-SEMANTIC and zero canonical mutation,F14-01,NONE_OWNER_PRESERVED,VALID_OWNER_PRESERVATION,DOC-16,DOC-16-H02,WP-13,RBWI-07,"CA-15,CA-16,CA-23,CA-27",SPEC-056,ACC-056,fixtures/requirements/req-227-provider.yaml,"ORACLE-REQ-227-NEED: consumer returns deterministic ACK or field-specific NACK without consulting donor corpus; verify fixture-specific expected fields and reject semantic mutation, not merely missing metadata",required_field_recall=1.00; raw_volume_reads=0,"evidence/requirements/req-227/{input,measurement,negative,checker,rollback}.json",GATE-REQ-227-NEED,"REOPEN on source change, failed negative fixture, metric drift or owner reassignment",FINAL_R2_AUTHOR_SIDE_OWNER_LINEAGE_REBUILT / INDEPENDENT_SEMANTIC_REAUDIT_REQUIRED,TT-INDEPENDENT-NRTV-001
REQ-228,HG-KSEOS_實作前開發文檔包_必須涵蓋的設計規劃_設計原意_用戶需求_預期解決痛點_預期目標_功能表現_目的_定位_v2026.08.06-r1.md#COV-29/COV-29-PAIN,COV-29-PAIN,PAIN,自製已有成熟方案、過早安裝 Vector/KG/Browser/Memory/Swarm、同類工具重疊、框架 lock-in。,P0,F14-01,F15-02,PRE-08,PRE-15/PRE-22/PRE-29,PRESERVE_UPSTREAM_ITEM_WORDING_AND_ORACLE,NEG-REQ-228: alter the decisive meaning `自製已有成熟方案、過早安裝 Vector/KG/Browser/Memory/Swarm、同類工具重疊、框架 lock-in。` while retaining valid shape; expect ERR-REQ-228-PAIN-SEMANTIC and zero canonical mutation,F14-01,NONE_OWNER_PRESERVED,VALID_OWNER_PRESERVATION,DOC-16,DOC-16-H01,WP-13,RBWI-07,"CA-15,CA-16,CA-23,CA-27",SPEC-055,ACC-055,fixtures/requirements/req-228-vector-kg-browser-memory-swarm-lock-.yaml,"ORACLE-REQ-228-PAIN: typed detector identifies the named defect and blocks promotion without false acceptance; verify fixture-specific expected fields and reject semantic mutation, not merely missing metadata",named_failure_detected=1; canonical_mutations=0; false_accepts=0,"evidence/requirements/req-228/{input,measurement,negative,checker,rollback}.json",GATE-REQ-228-PAIN,"REOPEN on source change, failed negative fixture, metric drift or owner reassignment",FINAL_R2_AUTHOR_SIDE_OWNER_LINEAGE_REBUILT / INDEPENDENT_SEMANTIC_REAUDIT_REQUIRED,TT-INDEPENDENT-NRTV-001
REQ-229,HG-KSEOS_實作前開發文檔包_必須涵蓋的設計規劃_設計原意_用戶需求_預期解決痛點_預期目標_功能表現_目的_定位_v2026.08.06-r1.md#COV-29/COV-29-TARGET,COV-29-TARGET,TARGET,P0 在單機形成可證閉環；新增能力有明確 pain/metric/pilot/reversal，總整合成本可控。,P0,F14-01,F15-02,PRE-08,PRE-15/PRE-22/PRE-29,PRESERVE_UPSTREAM_ITEM_WORDING_AND_ORACLE,NEG-REQ-229: alter the decisive meaning `P0 在單機形成可證閉環；新增能力有明確 pain/metric/pilot/reversal，總整合成本可控。` while retaining valid shape; expect ERR-REQ-229-TARGET-SEMANTIC and zero canonical mutation,F14-01,NONE_OWNER_PRESERVED,VALID_OWNER_PRESERVATION,DOC-16,DOC-16-H01,WP-13,RBWI-07,"CA-15,CA-16,CA-23,CA-27",SPEC-055,ACC-055,fixtures/requirements/req-229-p0-pain-metric-pilot-reversal.yaml,"ORACLE-REQ-229-TARGET: target metric, measurement method and counter-metric are all reported and thresholded; verify fixture-specific expected fields and reject semantic mutation, not merely missing metadata",measurement_fields=100%; target_met=true or BLOCKED; counter_metric_regression=0,"evidence/requirements/req-229/{input,measurement,negative,checker,rollback}.json",GATE-REQ-229-TARGET,"REOPEN on source change, failed negative fixture, metric drift or owner reassignment",FINAL_R2_AUTHOR_SIDE_OWNER_LINEAGE_REBUILT / INDEPENDENT_SEMANTIC_REAUDIT_REQUIRED,TT-INDEPENDENT-NRTV-001
REQ-230,HG-KSEOS_實作前開發文檔包_必須涵蓋的設計規劃_設計原意_用戶需求_預期解決痛點_預期目標_功能表現_目的_定位_v2026.08.06-r1.md#COV-29/COV-29-FUNCTION,COV-29-FUNCTION,FUNCTION,提供 minimal profile、native fallback、tool scorecard、integration budget、operator UX、defer triggers、replaceability tests。,P0,F14-01,F15-02,PRE-08,PRE-15/PRE-22/PRE-29,PRESERVE_UPSTREAM_ITEM_WORDING_AND_ORACLE,NEG-REQ-230: alter the decisive meaning `提供 minimal profile、native fallback、tool scorecard、integration budget、…` while retaining valid shape; expect ERR-REQ-230-FUNCTION-SEMANTIC and zero canonical mutation,F14-01,NONE_OWNER_PRESERVED,VALID_OWNER_PRESERVATION,DOC-16,DOC-16-H01,WP-13,RBWI-07,"CA-15,CA-16,CA-23,CA-27",SPEC-096,ACC-096,fixtures/requirements/req-230-minimal-profile-native-fallback-tool.yaml,"ORACLE-REQ-230-FUNCTION: positive produces typed output; negative/edge produce specified error or bounded degraded result; verify fixture-specific expected fields and reject semantic mutation, not merely missing metadata",positive_pass=1; negative_reject=1; edge_bounded=1,"evidence/requirements/req-230/{input,measurement,negative,checker,rollback}.json",GATE-REQ-230-FUNCTION,"REOPEN on source change, failed negative fixture, metric drift or owner reassignment",FINAL_R2_AUTHOR_SIDE_OWNER_LINEAGE_REBUILT / INDEPENDENT_SEMANTIC_REAUDIT_REQUIRED,TT-INDEPENDENT-NRTV-001
REQ-231,HG-KSEOS_實作前開發文檔包_必須涵蓋的設計規劃_設計原意_用戶需求_預期解決痛點_預期目標_功能表現_目的_定位_v2026.08.06-r1.md#COV-29/COV-29-PURPOSE,COV-29-PURPOSE,PURPOSE,實現「不自己重複造輪子、低磨合、快速可用、高落地可行性」。,P0,F14-01,F15-02,PRE-08,PRE-15/PRE-22/PRE-29,PRESERVE_UPSTREAM_ITEM_WORDING_AND_ORACLE,NEG-REQ-231: alter the decisive meaning `實現「不自己重複造輪子、低磨合、快速可用、高落地可行性」。` while retaining valid shape; expect ERR-REQ-231-PURPOSE-SEMANTIC and zero canonical mutation,F14-01,NONE_OWNER_PRESERVED,VALID_OWNER_PRESERVATION,DOC-16,DOC-16-H01,WP-13,RBWI-07,"CA-15,CA-16,CA-23,CA-27",SPEC-096,ACC-096,fixtures/requirements/req-231-artifact.yaml,"ORACLE-REQ-231-PURPOSE: purpose chain is complete and no governance/tool detail replaces the core user outcome; verify fixture-specific expected fields and reject semantic mutation, not merely missing metadata",pain_to_mechanism_edges>=1; mechanism_to_evidence_edges>=1; purpose_orphans=0,"evidence/requirements/req-231/{input,measurement,negative,checker,rollback}.json",GATE-REQ-231-PURPOSE,"REOPEN on source change, failed negative fixture, metric drift or owner reassignment",FINAL_R2_AUTHOR_SIDE_OWNER_LINEAGE_REBUILT / INDEPENDENT_SEMANTIC_REAUDIT_REQUIRED,TT-INDEPENDENT-NRTV-001
REQ-232,HG-KSEOS_實作前開發文檔包_必須涵蓋的設計規劃_設計原意_用戶需求_預期解決痛點_預期目標_功能表現_目的_定位_v2026.08.06-r1.md#COV-29/COV-29-POSITION,COV-29-POSITION,POSITION,工程選型策略，不是特定工具清單；contract 與 outcome 不因工具替換改變。,P0,F14-01,F15-02,PRE-08,PRE-15/PRE-22/PRE-29,PRESERVE_UPSTREAM_ITEM_WORDING_AND_ORACLE,NEG-REQ-232: alter the decisive meaning `工程選型策略，不是特定工具清單；contract 與 outcome 不因工具替換改變。` while retaining valid shape; expect ERR-REQ-232-POSITION-SEMANTIC and zero canonical mutation,F14-01,NONE_OWNER_PRESERVED,VALID_OWNER_PRESERVATION,DOC-16,DOC-16-H01,WP-13,RBWI-07,"CA-15,CA-16,CA-23,CA-27",SPEC-055,ACC-055,fixtures/requirements/req-232-contract-outcome.yaml,"ORACLE-REQ-232-POSITION: boundary checker rejects the substitution and preserves the canonical owner; verify fixture-specific expected fields and reject semantic mutation, not merely missing metadata",owner_substitution_rejected=1; foreign_writer_count=0; second_root_count=0,"evidence/requirements/req-232/{input,measurement,negative,checker,rollback}.json",GATE-REQ-232-POSITION,"REOPEN on source change, failed negative fixture, metric drift or owner reassignment",FINAL_R2_AUTHOR_SIDE_OWNER_LINEAGE_REBUILT / INDEPENDENT_SEMANTIC_REAUDIT_REQUIRED,TT-INDEPENDENT-NRTV-001
REQ-233,HG-KSEOS_實作前開發文檔包_必須涵蓋的設計規劃_設計原意_用戶需求_預期解決痛點_預期目標_功能表現_目的_定位_v2026.08.06-r1.md#COV-30/COV-30-PLAN,COV-30-PLAN,PLAN,建立 StatusReducer、allowed transitions、claim grammar、TT severity/blocking/owner/close evidence、CR affected artifacts/regression/approval、fail-closed/degrade/rollback。,P0,F15-01,F02-05,PRE-24,PRE-27/PRE-28/PRE-31,PRESERVE_UPSTREAM_ITEM_WORDING_AND_ORACLE,NEG-REQ-233: alter the decisive meaning `建立 StatusReducer、allowed transitions、claim grammar、TT severity/blocki…` while retaining valid shape; expect ERR-REQ-233-PLAN-SEMANTIC and zero canonical mutation,F15-01,NONE_OWNER_PRESERVED,VALID_OWNER_PRESERVATION,DOC-21,DOC-21-H01,WP-18,RBWI-12,"CA-22,CA-23,CA-25,CA-27",SPEC-075,ACC-075,fixtures/requirements/req-233-statusreducer-allowed-transitions-cl.yaml,"ORACLE-REQ-233-PLAN: required object set equals source-enumerated set; no extra product root; verify fixture-specific expected fields and reject semantic mutation, not merely missing metadata",coverage_ratio=1.00; prohibited_root_count=0,"evidence/requirements/req-233/{input,measurement,negative,checker,rollback}.json",GATE-REQ-233-PLAN,"REOPEN on source change, failed negative fixture, metric drift or owner reassignment",FINAL_R2_AUTHOR_SIDE_OWNER_LINEAGE_REBUILT / INDEPENDENT_SEMANTIC_REAUDIT_REQUIRED,TT-INDEPENDENT-NRTV-001
REQ-234,HG-KSEOS_實作前開發文檔包_必須涵蓋的設計規劃_設計原意_用戶需求_預期解決痛點_預期目標_功能表現_目的_定位_v2026.08.06-r1.md#COV-30/COV-30-INTENT,COV-30-INTENT,INTENT,誠實狀態是工程能力；未做不等於失敗，但絕不能寫成 PASS。,P0,F15-01,F02-05,PRE-24,PRE-27/PRE-28/PRE-31,PRESERVE_UPSTREAM_ITEM_WORDING_AND_ORACLE,NEG-REQ-234: alter the decisive meaning `誠實狀態是工程能力；未做不等於失敗，但絕不能寫成 PASS。` while retaining valid shape; expect ERR-REQ-234-INTENT-SEMANTIC and zero canonical mutation,F15-01,NONE_OWNER_PRESERVED,VALID_OWNER_PRESERVATION,DOC-21,DOC-21-H01,WP-18,RBWI-12,"CA-22,CA-23,CA-25,CA-27",SPEC-097,ACC-097,fixtures/requirements/req-234-pass.yaml,"ORACLE-REQ-234-INTENT: semantic entailment holds for accepted interpretation and fails for mutation; verify fixture-specific expected fields and reject semantic mutation, not merely missing metadata",accepted_assertions=1/1; rejected_mutation=1/1; authority_violation=0,"evidence/requirements/req-234/{input,measurement,negative,checker,rollback}.json",GATE-REQ-234-INTENT,"REOPEN on source change, failed negative fixture, metric drift or owner reassignment",FINAL_R2_AUTHOR_SIDE_OWNER_LINEAGE_REBUILT / INDEPENDENT_SEMANTIC_REAUDIT_REQUIRED,TT-INDEPENDENT-NRTV-001
REQ-235,HG-KSEOS_實作前開發文檔包_必須涵蓋的設計規劃_設計原意_用戶需求_預期解決痛點_預期目標_功能表現_目的_定位_v2026.08.06-r1.md#COV-30/COV-30-NEED,COV-30-NEED,NEED,使用者能精確知道已完成什麼、未完成什麼、何者阻斷下一步、如何關閉。,P0,F15-01,F02-05,PRE-24,PRE-27/PRE-28/PRE-31,PRESERVE_UPSTREAM_ITEM_WORDING_AND_ORACLE,NEG-REQ-235: alter the decisive meaning `使用者能精確知道已完成什麼、未完成什麼、何者阻斷下一步、如何關閉。` while retaining valid shape; expect ERR-REQ-235-NEED-SEMANTIC and zero canonical mutation,F15-01,NONE_OWNER_PRESERVED,VALID_OWNER_PRESERVATION,DOC-21,DOC-21-H01,WP-18,RBWI-12,"CA-22,CA-23,CA-25,CA-27",SPEC-046,ACC-046,fixtures/requirements/req-235-artifact.yaml,"ORACLE-REQ-235-NEED: consumer returns deterministic ACK or field-specific NACK without consulting donor corpus; verify fixture-specific expected fields and reject semantic mutation, not merely missing metadata",required_field_recall=1.00; raw_volume_reads=0,"evidence/requirements/req-235/{input,measurement,negative,checker,rollback}.json",GATE-REQ-235-NEED,"REOPEN on source change, failed negative fixture, metric drift or owner reassignment",FINAL_R2_AUTHOR_SIDE_OWNER_LINEAGE_REBUILT / INDEPENDENT_SEMANTIC_REAUDIT_REQUIRED,TT-INDEPENDENT-NRTV-001
REQ-236,HG-KSEOS_實作前開發文檔包_必須涵蓋的設計規劃_設計原意_用戶需求_預期解決痛點_預期目標_功能表現_目的_定位_v2026.08.06-r1.md#COV-30/COV-30-PAIN,COV-30-PAIN,PAIN,檔案存在/readback/LLM 自評替代正文或 runtime；TT 只有「stub-only」無 owner/close；局部 PASS 被合併總 PASS。,P0,F15-01,F02-05,PRE-24,PRE-27/PRE-28/PRE-31,PRESERVE_UPSTREAM_ITEM_WORDING_AND_ORACLE,NEG-REQ-236: alter the decisive meaning `檔案存在/readback/LLM 自評替代正文或 runtime；TT 只有「stub-only」無 owner/close；局部 PASS 被合併總…` while retaining valid shape; expect ERR-REQ-236-PAIN-SEMANTIC and zero canonical mutation,F15-01,NONE_OWNER_PRESERVED,VALID_OWNER_PRESERVATION,DOC-21,DOC-21-H01,WP-18,RBWI-12,"CA-22,CA-23,CA-25,CA-27",SPEC-075,ACC-075,fixtures/requirements/req-236-readback-llm-runtime-tt-owner-close-.yaml,"ORACLE-REQ-236-PAIN: typed detector identifies the named defect and blocks promotion without false acceptance; verify fixture-specific expected fields and reject semantic mutation, not merely missing metadata",named_failure_detected=1; canonical_mutations=0; false_accepts=0,"evidence/requirements/req-236/{input,measurement,negative,checker,rollback}.json",GATE-REQ-236-PAIN,"REOPEN on source change, failed negative fixture, metric drift or owner reassignment",FINAL_R2_AUTHOR_SIDE_OWNER_LINEAGE_REBUILT / INDEPENDENT_SEMANTIC_REAUDIT_REQUIRED,TT-INDEPENDENT-NRTV-001
REQ-237,HG-KSEOS_實作前開發文檔包_必須涵蓋的設計規劃_設計原意_用戶需求_預期解決痛點_預期目標_功能表現_目的_定位_v2026.08.06-r1.md#COV-30/COV-30-TARGET,COV-30-TARGET,TARGET,形成可審計狀態提升與可管理的不確定性，避免 false production/replacement。,P0,F15-01,F02-05,PRE-24,PRE-27/PRE-28/PRE-31,PRESERVE_UPSTREAM_ITEM_WORDING_AND_ORACLE,NEG-REQ-237: alter the decisive meaning `形成可審計狀態提升與可管理的不確定性，避免 false production/replacement。` while retaining valid shape; expect ERR-REQ-237-TARGET-SEMANTIC and zero canonical mutation,F15-01,NONE_OWNER_PRESERVED,VALID_OWNER_PRESERVATION,DOC-21,DOC-21-H01,WP-18,RBWI-12,"CA-22,CA-23,CA-25,CA-27",SPEC-046,ACC-046,fixtures/requirements/req-237-false-production-replacement.yaml,"ORACLE-REQ-237-TARGET: target metric, measurement method and counter-metric are all reported and thresholded; verify fixture-specific expected fields and reject semantic mutation, not merely missing metadata",measurement_fields=100%; target_met=true or BLOCKED; counter_metric_regression=0,"evidence/requirements/req-237/{input,measurement,negative,checker,rollback}.json",GATE-REQ-237-TARGET,"REOPEN on source change, failed negative fixture, metric drift or owner reassignment",FINAL_R2_AUTHOR_SIDE_OWNER_LINEAGE_REBUILT / INDEPENDENT_SEMANTIC_REAUDIT_REQUIRED,TT-INDEPENDENT-NRTV-001
REQ-238,HG-KSEOS_實作前開發文檔包_必須涵蓋的設計規劃_設計原意_用戶需求_預期解決痛點_預期目標_功能表現_目的_定位_v2026.08.06-r1.md#COV-30/COV-30-FUNCTION,COV-30-FUNCTION,FUNCTION,提供 state lattice、gate rows、TT/CR ledger、claim ceiling、evidence requirements、status readback、release candidate semantics。,P0,F15-01,F02-05,PRE-24,PRE-27/PRE-28/PRE-31,PRESERVE_UPSTREAM_ITEM_WORDING_AND_ORACLE,NEG-REQ-238: alter the decisive meaning `提供 state lattice、gate rows、TT/CR ledger、claim ceiling、evidence requir…` while retaining valid shape; expect ERR-REQ-238-FUNCTION-SEMANTIC and zero canonical mutation,F15-01,NONE_OWNER_PRESERVED,VALID_OWNER_PRESERVATION,DOC-21,DOC-21-H01,WP-18,RBWI-12,"CA-22,CA-23,CA-25,CA-27",SPEC-097,ACC-097,fixtures/requirements/req-238-state-lattice-gate-rows-tt-cr-ledger.yaml,"ORACLE-REQ-238-FUNCTION: positive produces typed output; negative/edge produce specified error or bounded degraded result; verify fixture-specific expected fields and reject semantic mutation, not merely missing metadata",positive_pass=1; negative_reject=1; edge_bounded=1,"evidence/requirements/req-238/{input,measurement,negative,checker,rollback}.json",GATE-REQ-238-FUNCTION,"REOPEN on source change, failed negative fixture, metric drift or owner reassignment",FINAL_R2_AUTHOR_SIDE_OWNER_LINEAGE_REBUILT / INDEPENDENT_SEMANTIC_REAUDIT_REQUIRED,TT-INDEPENDENT-NRTV-001
REQ-239,HG-KSEOS_實作前開發文檔包_必須涵蓋的設計規劃_設計原意_用戶需求_預期解決痛點_預期目標_功能表現_目的_定位_v2026.08.06-r1.md#COV-30/COV-30-PURPOSE,COV-30-PURPOSE,PURPOSE,維持整個 HG-KSEOS 工程鏈的可信度與安全演進。,P0,F15-01,F02-05,PRE-24,PRE-27/PRE-28/PRE-31,PRESERVE_UPSTREAM_ITEM_WORDING_AND_ORACLE,NEG-REQ-239: alter the decisive meaning `維持整個 HG-KSEOS 工程鏈的可信度與安全演進。` while retaining valid shape; expect ERR-REQ-239-PURPOSE-SEMANTIC and zero canonical mutation,F15-01,NONE_OWNER_PRESERVED,VALID_OWNER_PRESERVATION,DOC-21,DOC-21-H01,WP-18,RBWI-12,"CA-22,CA-23,CA-25,CA-27",SPEC-046,ACC-046,fixtures/requirements/req-239-hg-kseos.yaml,"ORACLE-REQ-239-PURPOSE: purpose chain is complete and no governance/tool detail replaces the core user outcome; verify fixture-specific expected fields and reject semantic mutation, not merely missing metadata",pain_to_mechanism_edges>=1; mechanism_to_evidence_edges>=1; purpose_orphans=0,"evidence/requirements/req-239/{input,measurement,negative,checker,rollback}.json",GATE-REQ-239-PURPOSE,"REOPEN on source change, failed negative fixture, metric drift or owner reassignment",FINAL_R2_AUTHOR_SIDE_OWNER_LINEAGE_REBUILT / INDEPENDENT_SEMANTIC_REAUDIT_REQUIRED,TT-INDEPENDENT-NRTV-001
REQ-240,HG-KSEOS_實作前開發文檔包_必須涵蓋的設計規劃_設計原意_用戶需求_預期解決痛點_預期目標_功能表現_目的_定位_v2026.08.06-r1.md#COV-30/COV-30-POSITION,COV-30-POSITION,POSITION,狀態是多維證據結論，不是行銷標籤；TT/CR 是正式工程工件。,P0,F15-01,F02-05,PRE-24,PRE-27/PRE-28/PRE-31,PRESERVE_UPSTREAM_ITEM_WORDING_AND_ORACLE,NEG-REQ-240: alter the decisive meaning `狀態是多維證據結論，不是行銷標籤；TT/CR 是正式工程工件。` while retaining valid shape; expect ERR-REQ-240-POSITION-SEMANTIC and zero canonical mutation,F15-01,NONE_OWNER_PRESERVED,VALID_OWNER_PRESERVATION,DOC-21,DOC-21-H01,WP-18,RBWI-12,"CA-22,CA-23,CA-25,CA-27",SPEC-097,ACC-097,fixtures/requirements/req-240-tt-cr.yaml,"ORACLE-REQ-240-POSITION: boundary checker rejects the substitution and preserves the canonical owner; verify fixture-specific expected fields and reject semantic mutation, not merely missing metadata",owner_substitution_rejected=1; foreign_writer_count=0; second_root_count=0,"evidence/requirements/req-240/{input,measurement,negative,checker,rollback}.json",GATE-REQ-240-POSITION,"REOPEN on source change, failed negative fixture, metric drift or owner reassignment",FINAL_R2_AUTHOR_SIDE_OWNER_LINEAGE_REBUILT / INDEPENDENT_SEMANTIC_REAUDIT_REQUIRED,TT-INDEPENDENT-NRTV-001
