requirement_id,source,source_locator,architecture,wp,rbwi,contract_artifact,spec,acceptance,implementation_locator,test_locator,evidence_plan,status
REQ-001,PREDEV,HG-KSEOS_實作前開發文檔包_必須涵蓋的設計規劃_設計原意_用戶需求_預期解決痛點_預期目標_功能表現_目的_定位_v2026.08.06-r1.md#COV-01/COV-01-PLAN,DOC-01#DOC-01-H08,WP-00,RBWI-00,"CA-01,CA-02,CA-05,CA-27,CA-30",SPEC-004,ACC-004,UNBOUND_PENDING_WAVE_03_PLUS,fixtures/requirements/req-001-one-liner-in-scope-out-of-scope-targ.yaml,"evidence/requirements/req-001/{input,measurement,negative,checker,rollback}.json",COMPILED_NOT_IMPLEMENTED
REQ-002,PREDEV,HG-KSEOS_實作前開發文檔包_必須涵蓋的設計規劃_設計原意_用戶需求_預期解決痛點_預期目標_功能表現_目的_定位_v2026.08.06-r1.md#COV-01/COV-01-INTENT,DOC-01#DOC-01-H03,WP-00,RBWI-00,"CA-01,CA-02,CA-05,CA-27,CA-30",SPEC-003,ACC-003,UNBOUND_PENDING_WAVE_03_PLUS,fixtures/requirements/req-002-shared-spine-human-authority-knowled.yaml,"evidence/requirements/req-002/{input,measurement,negative,checker,rollback}.json",COMPILED_NOT_IMPLEMENTED
REQ-003,PREDEV,HG-KSEOS_實作前開發文檔包_必須涵蓋的設計規劃_設計原意_用戶需求_預期解決痛點_預期目標_功能表現_目的_定位_v2026.08.06-r1.md#COV-01/COV-01-NEED,DOC-01#DOC-01-H01,WP-00,RBWI-00,"CA-01,CA-02,CA-05,CA-27,CA-30",SPEC-003,ACC-003,UNBOUND_PENDING_WAVE_03_PLUS,fixtures/requirements/req-003-ai-60.yaml,"evidence/requirements/req-003/{input,measurement,negative,checker,rollback}.json",COMPILED_NOT_IMPLEMENTED
REQ-004,PREDEV,HG-KSEOS_實作前開發文檔包_必須涵蓋的設計規劃_設計原意_用戶需求_預期解決痛點_預期目標_功能表現_目的_定位_v2026.08.06-r1.md#COV-01/COV-01-PAIN,DOC-01#DOC-01-H01,WP-00,RBWI-00,"CA-01,CA-02,CA-05,CA-27,CA-30",SPEC-003,ACC-003,UNBOUND_PENDING_WAVE_03_PLUS,fixtures/requirements/req-004-hermes-agent-os-rag-kg.yaml,"evidence/requirements/req-004/{input,measurement,negative,checker,rollback}.json",COMPILED_NOT_IMPLEMENTED
REQ-005,PREDEV,HG-KSEOS_實作前開發文檔包_必須涵蓋的設計規劃_設計原意_用戶需求_預期解決痛點_預期目標_功能表現_目的_定位_v2026.08.06-r1.md#COV-01/COV-01-TARGET,DOC-01#DOC-01-H01,WP-00,RBWI-00,"CA-01,CA-02,CA-05,CA-27,CA-30",SPEC-001,ACC-001,UNBOUND_PENDING_WAVE_03_PLUS,fixtures/requirements/req-005-provider-identity-baseline.yaml,"evidence/requirements/req-005/{input,measurement,negative,checker,rollback}.json",COMPILED_NOT_IMPLEMENTED
REQ-006,PREDEV,HG-KSEOS_實作前開發文檔包_必須涵蓋的設計規劃_設計原意_用戶需求_預期解決痛點_預期目標_功能表現_目的_定位_v2026.08.06-r1.md#COV-01/COV-01-FUNCTION,DOC-01#DOC-01-H01,WP-00,RBWI-00,"CA-01,CA-02,CA-05,CA-27,CA-30",SPEC-001,ACC-001,UNBOUND_PENDING_WAVE_03_PLUS,fixtures/requirements/req-006-route-out.yaml,"evidence/requirements/req-006/{input,measurement,negative,checker,rollback}.json",COMPILED_NOT_IMPLEMENTED
REQ-007,PREDEV,HG-KSEOS_實作前開發文檔包_必須涵蓋的設計規劃_設計原意_用戶需求_預期解決痛點_預期目標_功能表現_目的_定位_v2026.08.06-r1.md#COV-01/COV-01-PURPOSE,DOC-01#DOC-01-H01,WP-00,RBWI-00,"CA-01,CA-02,CA-05,CA-27,CA-30",SPEC-001,ACC-001,UNBOUND_PENDING_WAVE_03_PLUS,fixtures/requirements/req-007-gate.yaml,"evidence/requirements/req-007/{input,measurement,negative,checker,rollback}.json",COMPILED_NOT_IMPLEMENTED
REQ-008,PREDEV,HG-KSEOS_實作前開發文檔包_必須涵蓋的設計規劃_設計原意_用戶需求_預期解決痛點_預期目標_功能表現_目的_定位_v2026.08.06-r1.md#COV-01/COV-01-POSITION,DOC-01#DOC-01-H01,WP-00,RBWI-00,"CA-01,CA-02,CA-05,CA-27,CA-30",SPEC-001,ACC-001,UNBOUND_PENDING_WAVE_03_PLUS,fixtures/requirements/req-008-hg-kseos-os-hermes-docetl-codex-open.yaml,"evidence/requirements/req-008/{input,measurement,negative,checker,rollback}.json",COMPILED_NOT_IMPLEMENTED
REQ-009,PREDEV,HG-KSEOS_實作前開發文檔包_必須涵蓋的設計規劃_設計原意_用戶需求_預期解決痛點_預期目標_功能表現_目的_定位_v2026.08.06-r1.md#COV-02/COV-02-PLAN,DOC-01#DOC-01-H04,WP-00,RBWI-00,"CA-01,CA-02,CA-05,CA-27,CA-30",SPEC-002,ACC-002,UNBOUND_PENDING_WAVE_03_PLUS,fixtures/requirements/req-009-original-intent-pack-upgrade-intent-.yaml,"evidence/requirements/req-009/{input,measurement,negative,checker,rollback}.json",COMPILED_NOT_IMPLEMENTED
REQ-010,PREDEV,HG-KSEOS_實作前開發文檔包_必須涵蓋的設計規劃_設計原意_用戶需求_預期解決痛點_預期目標_功能表現_目的_定位_v2026.08.06-r1.md#COV-02/COV-02-INTENT,DOC-01#DOC-01-H08,WP-00,RBWI-00,"CA-01,CA-02,CA-05,CA-27,CA-30",SPEC-002,ACC-002,UNBOUND_PENDING_WAVE_03_PLUS,fixtures/requirements/req-010-founding-intent.yaml,"evidence/requirements/req-010/{input,measurement,negative,checker,rollback}.json",COMPILED_NOT_IMPLEMENTED
REQ-011,PREDEV,HG-KSEOS_實作前開發文檔包_必須涵蓋的設計規劃_設計原意_用戶需求_預期解決痛點_預期目標_功能表現_目的_定位_v2026.08.06-r1.md#COV-02/COV-02-NEED,DOC-01#DOC-01-H01,WP-00,RBWI-00,"CA-01,CA-02,CA-05,CA-27,CA-30",SPEC-002,ACC-002,UNBOUND_PENDING_WAVE_03_PLUS,fixtures/requirements/req-011-artifact.yaml,"evidence/requirements/req-011/{input,measurement,negative,checker,rollback}.json",COMPILED_NOT_IMPLEMENTED
REQ-012,PREDEV,HG-KSEOS_實作前開發文檔包_必須涵蓋的設計規劃_設計原意_用戶需求_預期解決痛點_預期目標_功能表現_目的_定位_v2026.08.06-r1.md#COV-02/COV-02-PAIN,DOC-01#DOC-01-H01,WP-00,RBWI-00,"CA-01,CA-02,CA-05,CA-27,CA-30",SPEC-001,ACC-001,UNBOUND_PENDING_WAVE_03_PLUS,fixtures/requirements/req-012-artifact.yaml,"evidence/requirements/req-012/{input,measurement,negative,checker,rollback}.json",COMPILED_NOT_IMPLEMENTED
REQ-013,PREDEV,HG-KSEOS_實作前開發文檔包_必須涵蓋的設計規劃_設計原意_用戶需求_預期解決痛點_預期目標_功能表現_目的_定位_v2026.08.06-r1.md#COV-02/COV-02-TARGET,DOC-01#DOC-01-H08,WP-00,RBWI-00,"CA-01,CA-02,CA-05,CA-27,CA-30",SPEC-002,ACC-002,UNBOUND_PENDING_WAVE_03_PLUS,fixtures/requirements/req-013-requirement-taskspec-changeset-relea.yaml,"evidence/requirements/req-013/{input,measurement,negative,checker,rollback}.json",COMPILED_NOT_IMPLEMENTED
REQ-014,PREDEV,HG-KSEOS_實作前開發文檔包_必須涵蓋的設計規劃_設計原意_用戶需求_預期解決痛點_預期目標_功能表現_目的_定位_v2026.08.06-r1.md#COV-02/COV-02-FUNCTION,DOC-01#DOC-01-H01,WP-00,RBWI-00,"CA-01,CA-02,CA-05,CA-27,CA-30",SPEC-001,ACC-001,UNBOUND_PENDING_WAVE_03_PLUS,fixtures/requirements/req-014-quote-preserving-intake-ambiguity-le.yaml,"evidence/requirements/req-014/{input,measurement,negative,checker,rollback}.json",COMPILED_NOT_IMPLEMENTED
REQ-015,PREDEV,HG-KSEOS_實作前開發文檔包_必須涵蓋的設計規劃_設計原意_用戶需求_預期解決痛點_預期目標_功能表現_目的_定位_v2026.08.06-r1.md#COV-02/COV-02-PURPOSE,DOC-01#DOC-01-H01,WP-00,RBWI-00,"CA-01,CA-02,CA-05,CA-27,CA-30",SPEC-001,ACC-001,UNBOUND_PENDING_WAVE_03_PLUS,fixtures/requirements/req-015-spec-translation-drift-raw-voice.yaml,"evidence/requirements/req-015/{input,measurement,negative,checker,rollback}.json",COMPILED_NOT_IMPLEMENTED
REQ-016,PREDEV,HG-KSEOS_實作前開發文檔包_必須涵蓋的設計規劃_設計原意_用戶需求_預期解決痛點_預期目標_功能表現_目的_定位_v2026.08.06-r1.md#COV-02/COV-02-POSITION,DOC-01#DOC-01-H08,WP-00,RBWI-00,"CA-01,CA-02,CA-05,CA-27,CA-30",SPEC-002,ACC-002,UNBOUND_PENDING_WAVE_03_PLUS,fixtures/requirements/req-016-intent-prompt-agent.yaml,"evidence/requirements/req-016/{input,measurement,negative,checker,rollback}.json",COMPILED_NOT_IMPLEMENTED
REQ-017,PREDEV,HG-KSEOS_實作前開發文檔包_必須涵蓋的設計規劃_設計原意_用戶需求_預期解決痛點_預期目標_功能表現_目的_定位_v2026.08.06-r1.md#COV-03/COV-03-PLAN,DOC-01#DOC-01-H02,WP-00,RBWI-00,"CA-01,CA-02,CA-05,CA-27,CA-30",SPEC-004,ACC-004,UNBOUND_PENDING_WAVE_03_PLUS,fixtures/requirements/req-017-user-segment-card-jUNRESOLVED-authority-nee.yaml,"evidence/requirements/req-017/{input,measurement,negative,checker,rollback}.json",COMPILED_NOT_IMPLEMENTED
REQ-018,PREDEV,HG-KSEOS_實作前開發文檔包_必須涵蓋的設計規劃_設計原意_用戶需求_預期解決痛點_預期目標_功能表現_目的_定位_v2026.08.06-r1.md#COV-03/COV-03-INTENT,DOC-01#DOC-01-H01,WP-00,RBWI-00,"CA-01,CA-02,CA-05,CA-27,CA-30",SPEC-002,ACC-002,UNBOUND_PENDING_WAVE_03_PLUS,fixtures/requirements/req-018-agent.yaml,"evidence/requirements/req-018/{input,measurement,negative,checker,rollback}.json",COMPILED_NOT_IMPLEMENTED
REQ-019,PREDEV,HG-KSEOS_實作前開發文檔包_必須涵蓋的設計規劃_設計原意_用戶需求_預期解決痛點_預期目標_功能表現_目的_定位_v2026.08.06-r1.md#COV-03/COV-03-NEED,DOC-01#DOC-01-H01,WP-00,RBWI-00,"CA-01,CA-02,CA-05,CA-27,CA-30",SPEC-001,ACC-001,UNBOUND_PENDING_WAVE_03_PLUS,fixtures/requirements/req-019-artifact.yaml,"evidence/requirements/req-019/{input,measurement,negative,checker,rollback}.json",COMPILED_NOT_IMPLEMENTED
REQ-020,PREDEV,HG-KSEOS_實作前開發文檔包_必須涵蓋的設計規劃_設計原意_用戶需求_預期解決痛點_預期目標_功能表現_目的_定位_v2026.08.06-r1.md#COV-03/COV-03-PAIN,DOC-01#DOC-01-H01,WP-00,RBWI-00,"CA-01,CA-02,CA-05,CA-27,CA-30",SPEC-002,ACC-002,UNBOUND_PENDING_WAVE_03_PLUS,fixtures/requirements/req-020-ai.yaml,"evidence/requirements/req-020/{input,measurement,negative,checker,rollback}.json",COMPILED_NOT_IMPLEMENTED
REQ-021,PREDEV,HG-KSEOS_實作前開發文檔包_必須涵蓋的設計規劃_設計原意_用戶需求_預期解決痛點_預期目標_功能表現_目的_定位_v2026.08.06-r1.md#COV-03/COV-03-TARGET,DOC-01#DOC-01-H01,WP-00,RBWI-00,"CA-01,CA-02,CA-05,CA-27,CA-30",SPEC-001,ACC-001,UNBOUND_PENDING_WAVE_03_PLUS,fixtures/requirements/req-021-consumer.yaml,"evidence/requirements/req-021/{input,measurement,negative,checker,rollback}.json",COMPILED_NOT_IMPLEMENTED
REQ-022,PREDEV,HG-KSEOS_實作前開發文檔包_必須涵蓋的設計規劃_設計原意_用戶需求_預期解決痛點_預期目標_功能表現_目的_定位_v2026.08.06-r1.md#COV-03/COV-03-FUNCTION,DOC-01#DOC-01-H01,WP-00,RBWI-00,"CA-01,CA-02,CA-05,CA-27,CA-30",SPEC-003,ACC-003,UNBOUND_PENDING_WAVE_03_PLUS,fixtures/requirements/req-022-role-based-reader-routes-owner-check.yaml,"evidence/requirements/req-022/{input,measurement,negative,checker,rollback}.json",COMPILED_NOT_IMPLEMENTED
REQ-023,PREDEV,HG-KSEOS_實作前開發文檔包_必須涵蓋的設計規劃_設計原意_用戶需求_預期解決痛點_預期目標_功能表現_目的_定位_v2026.08.06-r1.md#COV-03/COV-03-PURPOSE,DOC-01#DOC-01-H01,WP-00,RBWI-00,"CA-01,CA-02,CA-05,CA-27,CA-30",SPEC-001,ACC-001,UNBOUND_PENDING_WAVE_03_PLUS,fixtures/requirements/req-023-ai.yaml,"evidence/requirements/req-023/{input,measurement,negative,checker,rollback}.json",COMPILED_NOT_IMPLEMENTED
REQ-024,PREDEV,HG-KSEOS_實作前開發文檔包_必須涵蓋的設計規劃_設計原意_用戶需求_預期解決痛點_預期目標_功能表現_目的_定位_v2026.08.06-r1.md#COV-03/COV-03-POSITION,DOC-01#DOC-01-H01,WP-00,RBWI-00,"CA-01,CA-02,CA-05,CA-27,CA-30",SPEC-003,ACC-003,UNBOUND_PENDING_WAVE_03_PLUS,fixtures/requirements/req-024-hg-kseos-agent-persona.yaml,"evidence/requirements/req-024/{input,measurement,negative,checker,rollback}.json",COMPILED_NOT_IMPLEMENTED
REQ-025,PREDEV,HG-KSEOS_實作前開發文檔包_必須涵蓋的設計規劃_設計原意_用戶需求_預期解決痛點_預期目標_功能表現_目的_定位_v2026.08.06-r1.md#COV-04/COV-04-PLAN,DOC-01#DOC-01-H02,WP-00,RBWI-00,"CA-01,CA-02,CA-05,CA-27,CA-30",SPEC-002,ACC-002,UNBOUND_PENDING_WAVE_03_PLUS,fixtures/requirements/req-025-problem-statement-pain-root-cause-im.yaml,"evidence/requirements/req-025/{input,measurement,negative,checker,rollback}.json",COMPILED_NOT_IMPLEMENTED
REQ-026,PREDEV,HG-KSEOS_實作前開發文檔包_必須涵蓋的設計規劃_設計原意_用戶需求_預期解決痛點_預期目標_功能表現_目的_定位_v2026.08.06-r1.md#COV-04/COV-04-INTENT,DOC-01#DOC-01-H01,WP-00,RBWI-00,"CA-01,CA-02,CA-05,CA-27,CA-30",SPEC-002,ACC-002,UNBOUND_PENDING_WAVE_03_PLUS,fixtures/requirements/req-026-hg-kseos-agent.yaml,"evidence/requirements/req-026/{input,measurement,negative,checker,rollback}.json",COMPILED_NOT_IMPLEMENTED
REQ-027,PREDEV,HG-KSEOS_實作前開發文檔包_必須涵蓋的設計規劃_設計原意_用戶需求_預期解決痛點_預期目標_功能表現_目的_定位_v2026.08.06-r1.md#COV-04/COV-04-NEED,DOC-01#DOC-01-H01,WP-00,RBWI-00,"CA-01,CA-02,CA-05,CA-27,CA-30",SPEC-001,ACC-001,UNBOUND_PENDING_WAVE_03_PLUS,fixtures/requirements/req-027-gate.yaml,"evidence/requirements/req-027/{input,measurement,negative,checker,rollback}.json",COMPILED_NOT_IMPLEMENTED
REQ-028,PREDEV,HG-KSEOS_實作前開發文檔包_必須涵蓋的設計規劃_設計原意_用戶需求_預期解決痛點_預期目標_功能表現_目的_定位_v2026.08.06-r1.md#COV-04/COV-04-PAIN,DOC-01#DOC-01-H01,WP-00,RBWI-00,"CA-01,CA-02,CA-05,CA-27,CA-30",SPEC-002,ACC-002,UNBOUND_PENDING_WAVE_03_PLUS,fixtures/requirements/req-028-feature-tool-catalog-job.yaml,"evidence/requirements/req-028/{input,measurement,negative,checker,rollback}.json",COMPILED_NOT_IMPLEMENTED
REQ-029,PREDEV,HG-KSEOS_實作前開發文檔包_必須涵蓋的設計規劃_設計原意_用戶需求_預期解決痛點_預期目標_功能表現_目的_定位_v2026.08.06-r1.md#COV-04/COV-04-TARGET,DOC-01#DOC-01-H01,WP-00,RBWI-00,"CA-01,CA-02,CA-05,CA-27,CA-30",SPEC-001,ACC-001,UNBOUND_PENDING_WAVE_03_PLUS,fixtures/requirements/req-029-problem-owner-blast-radius-baseline-.yaml,"evidence/requirements/req-029/{input,measurement,negative,checker,rollback}.json",COMPILED_NOT_IMPLEMENTED
REQ-030,PREDEV,HG-KSEOS_實作前開發文檔包_必須涵蓋的設計規劃_設計原意_用戶需求_預期解決痛點_預期目標_功能表現_目的_定位_v2026.08.06-r1.md#COV-04/COV-04-FUNCTION,DOC-01#DOC-01-H01,WP-00,RBWI-00,"CA-01,CA-02,CA-05,CA-27,CA-30",SPEC-002,ACC-002,UNBOUND_PENDING_WAVE_03_PLUS,fixtures/requirements/req-030-pain-taxonomy-failure-mode-cards-ris.yaml,"evidence/requirements/req-030/{input,measurement,negative,checker,rollback}.json",COMPILED_NOT_IMPLEMENTED
REQ-031,PREDEV,HG-KSEOS_實作前開發文檔包_必須涵蓋的設計規劃_設計原意_用戶需求_預期解決痛點_預期目標_功能表現_目的_定位_v2026.08.06-r1.md#COV-04/COV-04-PURPOSE,DOC-01#DOC-01-H01,WP-00,RBWI-00,"CA-01,CA-02,CA-05,CA-27,CA-30",SPEC-001,ACC-001,UNBOUND_PENDING_WAVE_03_PLUS,fixtures/requirements/req-031-artifact.yaml,"evidence/requirements/req-031/{input,measurement,negative,checker,rollback}.json",COMPILED_NOT_IMPLEMENTED
REQ-032,PREDEV,HG-KSEOS_實作前開發文檔包_必須涵蓋的設計規劃_設計原意_用戶需求_預期解決痛點_預期目標_功能表現_目的_定位_v2026.08.06-r1.md#COV-04/COV-04-POSITION,DOC-01#DOC-01-H01,WP-00,RBWI-00,"CA-01,CA-02,CA-05,CA-27,CA-30",SPEC-001,ACC-001,UNBOUND_PENDING_WAVE_03_PLUS,fixtures/requirements/req-032-artifact.yaml,"evidence/requirements/req-032/{input,measurement,negative,checker,rollback}.json",COMPILED_NOT_IMPLEMENTED
REQ-033,PREDEV,HG-KSEOS_實作前開發文檔包_必須涵蓋的設計規劃_設計原意_用戶需求_預期解決痛點_預期目標_功能表現_目的_定位_v2026.08.06-r1.md#COV-05/COV-05-PLAN,DOC-01#DOC-01-H01,WP-00,RBWI-00,"CA-01,CA-02,CA-05,CA-27,CA-30",SPEC-001,ACC-001,UNBOUND_PENDING_WAVE_03_PLUS,fixtures/requirements/req-033-value-hypothesis-baseline-target-mea.yaml,"evidence/requirements/req-033/{input,measurement,negative,checker,rollback}.json",COMPILED_NOT_IMPLEMENTED
REQ-034,PREDEV,HG-KSEOS_實作前開發文檔包_必須涵蓋的設計規劃_設計原意_用戶需求_預期解決痛點_預期目標_功能表現_目的_定位_v2026.08.06-r1.md#COV-05/COV-05-INTENT,DOC-01#DOC-01-H01,WP-00,RBWI-00,"CA-01,CA-02,CA-05,CA-27,CA-30",SPEC-002,ACC-002,UNBOUND_PENDING_WAVE_03_PLUS,fixtures/requirements/req-034-agent-release.yaml,"evidence/requirements/req-034/{input,measurement,negative,checker,rollback}.json",COMPILED_NOT_IMPLEMENTED
REQ-035,PREDEV,HG-KSEOS_實作前開發文檔包_必須涵蓋的設計規劃_設計原意_用戶需求_預期解決痛點_預期目標_功能表現_目的_定位_v2026.08.06-r1.md#COV-05/COV-05-NEED,DOC-01#DOC-01-H01,WP-00,RBWI-00,"CA-01,CA-02,CA-05,CA-27,CA-30",SPEC-001,ACC-001,UNBOUND_PENDING_WAVE_03_PLUS,fixtures/requirements/req-035-hg-kseos-provider-lock-in.yaml,"evidence/requirements/req-035/{input,measurement,negative,checker,rollback}.json",COMPILED_NOT_IMPLEMENTED
REQ-036,PREDEV,HG-KSEOS_實作前開發文檔包_必須涵蓋的設計規劃_設計原意_用戶需求_預期解決痛點_預期目標_功能表現_目的_定位_v2026.08.06-r1.md#COV-05/COV-05-PAIN,DOC-01#DOC-01-H01,WP-00,RBWI-00,"CA-01,CA-02,CA-05,CA-27,CA-30",SPEC-002,ACC-002,UNBOUND_PENDING_WAVE_03_PLUS,fixtures/requirements/req-036-outcome-baseline.yaml,"evidence/requirements/req-036/{input,measurement,negative,checker,rollback}.json",COMPILED_NOT_IMPLEMENTED
REQ-037,PREDEV,HG-KSEOS_實作前開發文檔包_必須涵蓋的設計規劃_設計原意_用戶需求_預期解決痛點_預期目標_功能表現_目的_定位_v2026.08.06-r1.md#COV-05/COV-05-TARGET,DOC-01#DOC-01-H01,WP-00,RBWI-00,"CA-01,CA-02,CA-05,CA-27,CA-30",SPEC-001,ACC-001,UNBOUND_PENDING_WAVE_03_PLUS,fixtures/requirements/req-037-success-metrics.yaml,"evidence/requirements/req-037/{input,measurement,negative,checker,rollback}.json",COMPILED_NOT_IMPLEMENTED
REQ-038,PREDEV,HG-KSEOS_實作前開發文檔包_必須涵蓋的設計規劃_設計原意_用戶需求_預期解決痛點_預期目標_功能表現_目的_定位_v2026.08.06-r1.md#COV-05/COV-05-FUNCTION,DOC-01#DOC-01-H01,WP-00,RBWI-00,"CA-01,CA-02,CA-05,CA-27,CA-30",SPEC-001,ACC-001,UNBOUND_PENDING_WAVE_03_PLUS,fixtures/requirements/req-038-trace-coverage-time-to-frozen-packet.yaml,"evidence/requirements/req-038/{input,measurement,negative,checker,rollback}.json",COMPILED_NOT_IMPLEMENTED
REQ-039,PREDEV,HG-KSEOS_實作前開發文檔包_必須涵蓋的設計規劃_設計原意_用戶需求_預期解決痛點_預期目標_功能表現_目的_定位_v2026.08.06-r1.md#COV-05/COV-05-PURPOSE,DOC-01#DOC-01-H01,WP-00,RBWI-00,"CA-01,CA-02,CA-05,CA-27,CA-30",SPEC-001,ACC-001,UNBOUND_PENDING_WAVE_03_PLUS,fixtures/requirements/req-039-roadmap-pilot-release-gate.yaml,"evidence/requirements/req-039/{input,measurement,negative,checker,rollback}.json",COMPILED_NOT_IMPLEMENTED
REQ-040,PREDEV,HG-KSEOS_實作前開發文檔包_必須涵蓋的設計規劃_設計原意_用戶需求_預期解決痛點_預期目標_功能表現_目的_定位_v2026.08.06-r1.md#COV-05/COV-05-POSITION,DOC-01#DOC-01-H01,WP-00,RBWI-00,"CA-01,CA-02,CA-05,CA-27,CA-30",SPEC-001,ACC-001,UNBOUND_PENDING_WAVE_03_PLUS,fixtures/requirements/req-040-hg-kseos-agent.yaml,"evidence/requirements/req-040/{input,measurement,negative,checker,rollback}.json",COMPILED_NOT_IMPLEMENTED
REQ-041,PREDEV,HG-KSEOS_實作前開發文檔包_必須涵蓋的設計規劃_設計原意_用戶需求_預期解決痛點_預期目標_功能表現_目的_定位_v2026.08.06-r1.md#COV-06/COV-06-PLAN,DOC-00#DOC-00-H01,"WP-00,WP-23","RBWI-00,RBWI-15,RBWI-16","CA-01,CA-02,CA-05,CA-25,CA-26,CA-27,CA-29,CA-30",SPEC-095,ACC-095,UNBOUND_PENDING_WAVE_03_PLUS,fixtures/requirements/req-041-mission-non-goal-registry-scope-fenc.yaml,"evidence/requirements/req-041/{input,measurement,negative,checker,rollback}.json",COMPILED_NOT_IMPLEMENTED
REQ-042,PREDEV,HG-KSEOS_實作前開發文檔包_必須涵蓋的設計規劃_設計原意_用戶需求_預期解決痛點_預期目標_功能表現_目的_定位_v2026.08.06-r1.md#COV-06/COV-06-INTENT,DOC-00#DOC-00-H06,"WP-00,WP-23","RBWI-00,RBWI-15,RBWI-16","CA-01,CA-02,CA-05,CA-25,CA-26,CA-27,CA-29,CA-30",SPEC-095,ACC-095,UNBOUND_PENDING_WAVE_03_PLUS,fixtures/requirements/req-042-human-authority-provider-fail-closed.yaml,"evidence/requirements/req-042/{input,measurement,negative,checker,rollback}.json",COMPILED_NOT_IMPLEMENTED
REQ-043,PREDEV,HG-KSEOS_實作前開發文檔包_必須涵蓋的設計規劃_設計原意_用戶需求_預期解決痛點_預期目標_功能表現_目的_定位_v2026.08.06-r1.md#COV-06/COV-06-NEED,DOC-00#DOC-00-H01,"WP-00,WP-23","RBWI-00,RBWI-15,RBWI-16","CA-01,CA-02,CA-05,CA-25,CA-26,CA-27,CA-29,CA-30",SPEC-001,ACC-001,UNBOUND_PENDING_WAVE_03_PLUS,fixtures/requirements/req-043-artifact.yaml,"evidence/requirements/req-043/{input,measurement,negative,checker,rollback}.json",COMPILED_NOT_IMPLEMENTED
REQ-044,PREDEV,HG-KSEOS_實作前開發文檔包_必須涵蓋的設計規劃_設計原意_用戶需求_預期解決痛點_預期目標_功能表現_目的_定位_v2026.08.06-r1.md#COV-06/COV-06-PAIN,DOC-00#DOC-00-H01,"WP-00,WP-23","RBWI-00,RBWI-15,RBWI-16","CA-01,CA-02,CA-05,CA-25,CA-26,CA-27,CA-29,CA-30",SPEC-002,ACC-002,UNBOUND_PENDING_WAVE_03_PLUS,fixtures/requirements/req-044-p0.yaml,"evidence/requirements/req-044/{input,measurement,negative,checker,rollback}.json",COMPILED_NOT_IMPLEMENTED
REQ-045,PREDEV,HG-KSEOS_實作前開發文檔包_必須涵蓋的設計規劃_設計原意_用戶需求_預期解決痛點_預期目標_功能表現_目的_定位_v2026.08.06-r1.md#COV-06/COV-06-TARGET,DOC-00#DOC-00-H01,"WP-00,WP-23","RBWI-00,RBWI-15,RBWI-16","CA-01,CA-02,CA-05,CA-25,CA-26,CA-27,CA-29,CA-30",SPEC-001,ACC-001,UNBOUND_PENDING_WAVE_03_PLUS,fixtures/requirements/req-045-adopt-defer-reject-p0.yaml,"evidence/requirements/req-045/{input,measurement,negative,checker,rollback}.json",COMPILED_NOT_IMPLEMENTED
REQ-046,PREDEV,HG-KSEOS_實作前開發文檔包_必須涵蓋的設計規劃_設計原意_用戶需求_預期解決痛點_預期目標_功能表現_目的_定位_v2026.08.06-r1.md#COV-06/COV-06-FUNCTION,DOC-00#DOC-00-H09,"WP-00,WP-23","RBWI-00,RBWI-15,RBWI-16","CA-01,CA-02,CA-05,CA-25,CA-26,CA-27,CA-29,CA-30",SPEC-095,ACC-095,UNBOUND_PENDING_WAVE_03_PLUS,fixtures/requirements/req-046-scope-gate-phase-gate-capability-sta.yaml,"evidence/requirements/req-046/{input,measurement,negative,checker,rollback}.json",COMPILED_NOT_IMPLEMENTED
REQ-047,PREDEV,HG-KSEOS_實作前開發文檔包_必須涵蓋的設計規劃_設計原意_用戶需求_預期解決痛點_預期目標_功能表現_目的_定位_v2026.08.06-r1.md#COV-06/COV-06-PURPOSE,DOC-00#DOC-00-H01,"WP-00,WP-23","RBWI-00,RBWI-15,RBWI-16","CA-01,CA-02,CA-05,CA-25,CA-26,CA-27,CA-29,CA-30",SPEC-001,ACC-001,UNBOUND_PENDING_WAVE_03_PLUS,fixtures/requirements/req-047-artifact.yaml,"evidence/requirements/req-047/{input,measurement,negative,checker,rollback}.json",COMPILED_NOT_IMPLEMENTED
REQ-048,PREDEV,HG-KSEOS_實作前開發文檔包_必須涵蓋的設計規劃_設計原意_用戶需求_預期解決痛點_預期目標_功能表現_目的_定位_v2026.08.06-r1.md#COV-06/COV-06-POSITION,DOC-00#DOC-00-H01,"WP-00,WP-23","RBWI-00,RBWI-15,RBWI-16","CA-01,CA-02,CA-05,CA-25,CA-26,CA-27,CA-29,CA-30",SPEC-001,ACC-001,UNBOUND_PENDING_WAVE_03_PLUS,fixtures/requirements/req-048-hg-kseos-os-agent.yaml,"evidence/requirements/req-048/{input,measurement,negative,checker,rollback}.json",COMPILED_NOT_IMPLEMENTED
REQ-049,PREDEV,HG-KSEOS_實作前開發文檔包_必須涵蓋的設計規劃_設計原意_用戶需求_預期解決痛點_預期目標_功能表現_目的_定位_v2026.08.06-r1.md#COV-07/COV-07-PLAN,DOC-01#DOC-01-H06,WP-00,RBWI-00,"CA-01,CA-02,CA-05,CA-27,CA-30",SPEC-003,ACC-003,UNBOUND_PENDING_WAVE_03_PLUS,fixtures/requirements/req-049-raci-approval-token-delegation-scope.yaml,"evidence/requirements/req-049/{input,measurement,negative,checker,rollback}.json",COMPILED_NOT_IMPLEMENTED
REQ-050,PREDEV,HG-KSEOS_實作前開發文檔包_必須涵蓋的設計規劃_設計原意_用戶需求_預期解決痛點_預期目標_功能表現_目的_定位_v2026.08.06-r1.md#COV-07/COV-07-INTENT,DOC-01#DOC-01-H03,WP-00,RBWI-00,"CA-01,CA-02,CA-05,CA-27,CA-30",SPEC-001,ACC-001,UNBOUND_PENDING_WAVE_03_PLUS,fixtures/requirements/req-050-agent-frozen-contract-constitution-r.yaml,"evidence/requirements/req-050/{input,measurement,negative,checker,rollback}.json",COMPILED_NOT_IMPLEMENTED
REQ-051,PREDEV,HG-KSEOS_實作前開發文檔包_必須涵蓋的設計規劃_設計原意_用戶需求_預期解決痛點_預期目標_功能表現_目的_定位_v2026.08.06-r1.md#COV-07/COV-07-NEED,DOC-01#DOC-01-H01,WP-00,RBWI-00,"CA-01,CA-02,CA-05,CA-27,CA-30",SPEC-001,ACC-001,UNBOUND_PENDING_WAVE_03_PLUS,fixtures/requirements/req-051-artifact.yaml,"evidence/requirements/req-051/{input,measurement,negative,checker,rollback}.json",COMPILED_NOT_IMPLEMENTED
REQ-052,PREDEV,HG-KSEOS_實作前開發文檔包_必須涵蓋的設計規劃_設計原意_用戶需求_預期解決痛點_預期目標_功能表現_目的_定位_v2026.08.06-r1.md#COV-07/COV-07-PAIN,DOC-01#DOC-01-H01,WP-00,RBWI-00,"CA-01,CA-02,CA-05,CA-27,CA-30",SPEC-003,ACC-003,UNBOUND_PENDING_WAVE_03_PLUS,fixtures/requirements/req-052-producer-reviewer-writer-session-age.yaml,"evidence/requirements/req-052/{input,measurement,negative,checker,rollback}.json",COMPILED_NOT_IMPLEMENTED
REQ-053,PREDEV,HG-KSEOS_實作前開發文檔包_必須涵蓋的設計規劃_設計原意_用戶需求_預期解決痛點_預期目標_功能表現_目的_定位_v2026.08.06-r1.md#COV-07/COV-07-TARGET,DOC-01#DOC-01-H01,WP-00,RBWI-00,"CA-01,CA-02,CA-05,CA-27,CA-30",SPEC-001,ACC-001,UNBOUND_PENDING_WAVE_03_PLUS,fixtures/requirements/req-053-artifact.yaml,"evidence/requirements/req-053/{input,measurement,negative,checker,rollback}.json",COMPILED_NOT_IMPLEMENTED
REQ-054,PREDEV,HG-KSEOS_實作前開發文檔包_必須涵蓋的設計規劃_設計原意_用戶需求_預期解決痛點_預期目標_功能表現_目的_定位_v2026.08.06-r1.md#COV-07/COV-07-FUNCTION,DOC-01#DOC-01-H01,WP-00,RBWI-00,"CA-01,CA-02,CA-05,CA-27,CA-30",SPEC-002,ACC-002,UNBOUND_PENDING_WAVE_03_PLUS,fixtures/requirements/req-054-approval-store-role-identity-lease-d.yaml,"evidence/requirements/req-054/{input,measurement,negative,checker,rollback}.json",COMPILED_NOT_IMPLEMENTED
REQ-055,PREDEV,HG-KSEOS_實作前開發文檔包_必須涵蓋的設計規劃_設計原意_用戶需求_預期解決痛點_預期目標_功能表現_目的_定位_v2026.08.06-r1.md#COV-07/COV-07-PURPOSE,DOC-01#DOC-01-H01,WP-00,RBWI-00,"CA-01,CA-02,CA-05,CA-27,CA-30",SPEC-001,ACC-001,UNBOUND_PENDING_WAVE_03_PLUS,fixtures/requirements/req-055-artifact.yaml,"evidence/requirements/req-055/{input,measurement,negative,checker,rollback}.json",COMPILED_NOT_IMPLEMENTED
REQ-056,PREDEV,HG-KSEOS_實作前開發文檔包_必須涵蓋的設計規劃_設計原意_用戶需求_預期解決痛點_預期目標_功能表現_目的_定位_v2026.08.06-r1.md#COV-07/COV-07-POSITION,DOC-01#DOC-01-H03,WP-00,RBWI-00,"CA-01,CA-02,CA-05,CA-27,CA-30",SPEC-001,ACC-001,UNBOUND_PENDING_WAVE_03_PLUS,fixtures/requirements/req-056-human-authority-delegated-capability.yaml,"evidence/requirements/req-056/{input,measurement,negative,checker,rollback}.json",COMPILED_NOT_IMPLEMENTED
REQ-057,PREDEV,HG-KSEOS_實作前開發文檔包_必須涵蓋的設計規劃_設計原意_用戶需求_預期解決痛點_預期目標_功能表現_目的_定位_v2026.08.06-r1.md#COV-08/COV-08-PLAN,DOC-03#DOC-03-H03,WP-02,RBWI-02,"CA-04,CA-05,CA-06",SPEC-009,ACC-009,UNBOUND_PENDING_WAVE_03_PLUS,fixtures/requirements/req-057-productconstitution-sourcerecord-int.yaml,"evidence/requirements/req-057/{input,measurement,negative,checker,rollback}.json",COMPILED_NOT_IMPLEMENTED
REQ-058,PREDEV,HG-KSEOS_實作前開發文檔包_必須涵蓋的設計規劃_設計原意_用戶需求_預期解決痛點_預期目標_功能表現_目的_定位_v2026.08.06-r1.md#COV-08/COV-08-INTENT,DOC-03#DOC-03-H01,WP-02,RBWI-02,"CA-04,CA-05,CA-06",SPEC-010,ACC-010,UNBOUND_PENDING_WAVE_03_PLUS,fixtures/requirements/req-058-branch-provider-view-authoritative-w.yaml,"evidence/requirements/req-058/{input,measurement,negative,checker,rollback}.json",COMPILED_NOT_IMPLEMENTED
REQ-059,PREDEV,HG-KSEOS_實作前開發文檔包_必須涵蓋的設計規劃_設計原意_用戶需求_預期解決痛點_預期目標_功能表現_目的_定位_v2026.08.06-r1.md#COV-08/COV-08-NEED,DOC-03#DOC-03-H01,WP-02,RBWI-02,"CA-04,CA-05,CA-06",SPEC-009,ACC-009,UNBOUND_PENDING_WAVE_03_PLUS,fixtures/requirements/req-059-ui-rag-kg-memory-provider-agent.yaml,"evidence/requirements/req-059/{input,measurement,negative,checker,rollback}.json",COMPILED_NOT_IMPLEMENTED
REQ-060,PREDEV,HG-KSEOS_實作前開發文檔包_必須涵蓋的設計規劃_設計原意_用戶需求_預期解決痛點_預期目標_功能表現_目的_定位_v2026.08.06-r1.md#COV-08/COV-08-PAIN,DOC-03#DOC-03-H01,WP-02,RBWI-02,"CA-04,CA-05,CA-06",SPEC-010,ACC-010,UNBOUND_PENDING_WAVE_03_PLUS,fixtures/requirements/req-060-obsidian-hermes-state-plugin-state-s.yaml,"evidence/requirements/req-060/{input,measurement,negative,checker,rollback}.json",COMPILED_NOT_IMPLEMENTED
REQ-061,PREDEV,HG-KSEOS_實作前開發文檔包_必須涵蓋的設計規劃_設計原意_用戶需求_預期解決痛點_預期目標_功能表現_目的_定位_v2026.08.06-r1.md#COV-08/COV-08-TARGET,DOC-03#DOC-03-H03,WP-02,RBWI-02,"CA-04,CA-05,CA-06",SPEC-009,ACC-009,UNBOUND_PENDING_WAVE_03_PLUS,fixtures/requirements/req-061-derived-store-tombstone-supersede-ca.yaml,"evidence/requirements/req-061/{input,measurement,negative,checker,rollback}.json",COMPILED_NOT_IMPLEMENTED
REQ-062,PREDEV,HG-KSEOS_實作前開發文檔包_必須涵蓋的設計規劃_設計原意_用戶需求_預期解決痛點_預期目標_功能表現_目的_定位_v2026.08.06-r1.md#COV-08/COV-08-FUNCTION,DOC-03#DOC-03-H03,WP-02,RBWI-02,"CA-04,CA-05,CA-06",SPEC-010,ACC-010,UNBOUND_PENDING_WAVE_03_PLUS,fixtures/requirements/req-062-canonical-ownership-table-write-tran.yaml,"evidence/requirements/req-062/{input,measurement,negative,checker,rollback}.json",COMPILED_NOT_IMPLEMENTED
REQ-063,PREDEV,HG-KSEOS_實作前開發文檔包_必須涵蓋的設計規劃_設計原意_用戶需求_預期解決痛點_預期目標_功能表現_目的_定位_v2026.08.06-r1.md#COV-08/COV-08-PURPOSE,DOC-03#DOC-03-H01,WP-02,RBWI-02,"CA-04,CA-05,CA-06",SPEC-011,ACC-011,UNBOUND_PENDING_WAVE_03_PLUS,fixtures/requirements/req-063-rollback-cross-branch-trace.yaml,"evidence/requirements/req-063/{input,measurement,negative,checker,rollback}.json",COMPILED_NOT_IMPLEMENTED
REQ-064,PREDEV,HG-KSEOS_實作前開發文檔包_必須涵蓋的設計規劃_設計原意_用戶需求_預期解決痛點_預期目標_功能表現_目的_定位_v2026.08.06-r1.md#COV-08/COV-08-POSITION,DOC-03#DOC-03-H02,WP-02,RBWI-02,"CA-04,CA-05,CA-06",SPEC-010,ACC-010,UNBOUND_PENDING_WAVE_03_PLUS,fixtures/requirements/req-064-shared-spine-kernel-hermes-coordinat.yaml,"evidence/requirements/req-064/{input,measurement,negative,checker,rollback}.json",COMPILED_NOT_IMPLEMENTED
REQ-065,PREDEV,HG-KSEOS_實作前開發文檔包_必須涵蓋的設計規劃_設計原意_用戶需求_預期解決痛點_預期目標_功能表現_目的_定位_v2026.08.06-r1.md#COV-09/COV-09-PLAN,DOC-04#DOC-04-H01,WP-03,RBWI-03,"CA-02,CA-07,CA-22",SPEC-016,ACC-016,UNBOUND_PENDING_WAVE_03_PLUS,fixtures/requirements/req-065-artifact-contract-catalog-projectgra.yaml,"evidence/requirements/req-065/{input,measurement,negative,checker,rollback}.json",COMPILED_NOT_IMPLEMENTED
REQ-066,PREDEV,HG-KSEOS_實作前開發文檔包_必須涵蓋的設計規劃_設計原意_用戶需求_預期解決痛點_預期目標_功能表現_目的_定位_v2026.08.06-r1.md#COV-09/COV-09-INTENT,DOC-04#DOC-04-H01,WP-03,RBWI-03,"CA-02,CA-07,CA-22",SPEC-014,ACC-014,UNBOUND_PENDING_WAVE_03_PLUS,fixtures/requirements/req-066-typed-artifact.yaml,"evidence/requirements/req-066/{input,measurement,negative,checker,rollback}.json",COMPILED_NOT_IMPLEMENTED
REQ-067,PREDEV,HG-KSEOS_實作前開發文檔包_必須涵蓋的設計規劃_設計原意_用戶需求_預期解決痛點_預期目標_功能表現_目的_定位_v2026.08.06-r1.md#COV-09/COV-09-NEED,DOC-04#DOC-04-H01,WP-03,RBWI-03,"CA-02,CA-07,CA-22",SPEC-014,ACC-014,UNBOUND_PENDING_WAVE_03_PLUS,fixtures/requirements/req-067-ai-taskspec-implementationpacket.yaml,"evidence/requirements/req-067/{input,measurement,negative,checker,rollback}.json",COMPILED_NOT_IMPLEMENTED
REQ-068,PREDEV,HG-KSEOS_實作前開發文檔包_必須涵蓋的設計規劃_設計原意_用戶需求_預期解決痛點_預期目標_功能表現_目的_定位_v2026.08.06-r1.md#COV-09/COV-09-PAIN,DOC-04#DOC-04-H01,WP-03,RBWI-03,"CA-02,CA-07,CA-22",SPEC-014,ACC-014,UNBOUND_PENDING_WAVE_03_PLUS,fixtures/requirements/req-068-pass-id-parent-owner.yaml,"evidence/requirements/req-068/{input,measurement,negative,checker,rollback}.json",COMPILED_NOT_IMPLEMENTED
REQ-069,PREDEV,HG-KSEOS_實作前開發文檔包_必須涵蓋的設計規劃_設計原意_用戶需求_預期解決痛點_預期目標_功能表現_目的_定位_v2026.08.06-r1.md#COV-09/COV-09-TARGET,DOC-04#DOC-04-H01,WP-03,RBWI-03,"CA-02,CA-07,CA-22",SPEC-014,ACC-014,UNBOUND_PENDING_WAVE_03_PLUS,fixtures/requirements/req-069-requirement-to-release-100-trace-sch.yaml,"evidence/requirements/req-069/{input,measurement,negative,checker,rollback}.json",COMPILED_NOT_IMPLEMENTED
REQ-070,PREDEV,HG-KSEOS_實作前開發文檔包_必須涵蓋的設計規劃_設計原意_用戶需求_預期解決痛點_預期目標_功能表現_目的_定位_v2026.08.06-r1.md#COV-09/COV-09-FUNCTION,DOC-04#DOC-04-H01,WP-03,RBWI-03,"CA-02,CA-07,CA-22",SPEC-018,ACC-018,UNBOUND_PENDING_WAVE_03_PLUS,fixtures/requirements/req-070-stable-ids-semantic-hash-derivesfrom.yaml,"evidence/requirements/req-070/{input,measurement,negative,checker,rollback}.json",COMPILED_NOT_IMPLEMENTED
REQ-071,PREDEV,HG-KSEOS_實作前開發文檔包_必須涵蓋的設計規劃_設計原意_用戶需求_預期解決痛點_預期目標_功能表現_目的_定位_v2026.08.06-r1.md#COV-09/COV-09-PURPOSE,DOC-04#DOC-04-H01,WP-03,RBWI-03,"CA-02,CA-07,CA-22",SPEC-014,ACC-014,UNBOUND_PENDING_WAVE_03_PLUS,fixtures/requirements/req-071-artifact.yaml,"evidence/requirements/req-071/{input,measurement,negative,checker,rollback}.json",COMPILED_NOT_IMPLEMENTED
REQ-072,PREDEV,HG-KSEOS_實作前開發文檔包_必須涵蓋的設計規劃_設計原意_用戶需求_預期解決痛點_預期目標_功能表現_目的_定位_v2026.08.06-r1.md#COV-09/COV-09-POSITION,DOC-04#DOC-04-H01,WP-03,RBWI-03,"CA-02,CA-07,CA-22",SPEC-014,ACC-014,UNBOUND_PENDING_WAVE_03_PLUS,fixtures/requirements/req-072-projectgraph-canonical-artifacts.yaml,"evidence/requirements/req-072/{input,measurement,negative,checker,rollback}.json",COMPILED_NOT_IMPLEMENTED
REQ-073,PREDEV,HG-KSEOS_實作前開發文檔包_必須涵蓋的設計規劃_設計原意_用戶需求_預期解決痛點_預期目標_功能表現_目的_定位_v2026.08.06-r1.md#COV-10/COV-10-PLAN,DOC-03#DOC-03-H01,WP-02,RBWI-02,"CA-04,CA-05,CA-06",SPEC-011,ACC-011,UNBOUND_PENDING_WAVE_03_PLUS,fixtures/requirements/req-073-branch-input-stages-typed-outputs-ro.yaml,"evidence/requirements/req-073/{input,measurement,negative,checker,rollback}.json",COMPILED_NOT_IMPLEMENTED
REQ-074,PREDEV,HG-KSEOS_實作前開發文檔包_必須涵蓋的設計規劃_設計原意_用戶需求_預期解決痛點_預期目標_功能表現_目的_定位_v2026.08.06-r1.md#COV-10/COV-10-INTENT,DOC-03#DOC-03-H01,WP-02,RBWI-02,"CA-04,CA-05,CA-06",SPEC-009,ACC-009,UNBOUND_PENDING_WAVE_03_PLUS,fixtures/requirements/req-074-identity-trace-evidence-job.yaml,"evidence/requirements/req-074/{input,measurement,negative,checker,rollback}.json",COMPILED_NOT_IMPLEMENTED
REQ-075,PREDEV,HG-KSEOS_實作前開發文檔包_必須涵蓋的設計規劃_設計原意_用戶需求_預期解決痛點_預期目標_功能表現_目的_定位_v2026.08.06-r1.md#COV-10/COV-10-NEED,DOC-03#DOC-03-H01,WP-02,RBWI-02,"CA-04,CA-05,CA-06",SPEC-009,ACC-009,UNBOUND_PENDING_WAVE_03_PLUS,fixtures/requirements/req-075-corpus-repo-failure-domain-intent-br.yaml,"evidence/requirements/req-075/{input,measurement,negative,checker,rollback}.json",COMPILED_NOT_IMPLEMENTED
REQ-076,PREDEV,HG-KSEOS_實作前開發文檔包_必須涵蓋的設計規劃_設計原意_用戶需求_預期解決痛點_預期目標_功能表現_目的_定位_v2026.08.06-r1.md#COV-10/COV-10-PAIN,DOC-03#DOC-03-H01,WP-02,RBWI-02,"CA-04,CA-05,CA-06",SPEC-009,ACC-009,UNBOUND_PENDING_WAVE_03_PLUS,fixtures/requirements/req-076-branch-board-card-branch-artifact-ty.yaml,"evidence/requirements/req-076/{input,measurement,negative,checker,rollback}.json",COMPILED_NOT_IMPLEMENTED
REQ-077,PREDEV,HG-KSEOS_實作前開發文檔包_必須涵蓋的設計規劃_設計原意_用戶需求_預期解決痛點_預期目標_功能表現_目的_定位_v2026.08.06-r1.md#COV-10/COV-10-TARGET,DOC-03#DOC-03-H01,WP-02,RBWI-02,"CA-04,CA-05,CA-06",SPEC-009,ACC-009,UNBOUND_PENDING_WAVE_03_PLUS,fixtures/requirements/req-077-knowledge-compilation-engineering-de.yaml,"evidence/requirements/req-077/{input,measurement,negative,checker,rollback}.json",COMPILED_NOT_IMPLEMENTED
REQ-078,PREDEV,HG-KSEOS_實作前開發文檔包_必須涵蓋的設計規劃_設計原意_用戶需求_預期解決痛點_預期目標_功能表現_目的_定位_v2026.08.06-r1.md#COV-10/COV-10-FUNCTION,DOC-03#DOC-03-H05,WP-02,RBWI-02,"CA-04,CA-05,CA-06",SPEC-010,ACC-010,UNBOUND_PENDING_WAVE_03_PLUS,fixtures/requirements/req-078-branch-state-machine-queue-board-pro.yaml,"evidence/requirements/req-078/{input,measurement,negative,checker,rollback}.json",COMPILED_NOT_IMPLEMENTED
REQ-079,PREDEV,HG-KSEOS_實作前開發文檔包_必須涵蓋的設計規劃_設計原意_用戶需求_預期解決痛點_預期目標_功能表現_目的_定位_v2026.08.06-r1.md#COV-10/COV-10-PURPOSE,DOC-03#DOC-03-H01,WP-02,RBWI-02,"CA-04,CA-05,CA-06",SPEC-009,ACC-009,UNBOUND_PENDING_WAVE_03_PLUS,fixtures/requirements/req-079-trace-evidence.yaml,"evidence/requirements/req-079/{input,measurement,negative,checker,rollback}.json",COMPILED_NOT_IMPLEMENTED
REQ-080,PREDEV,HG-KSEOS_實作前開發文檔包_必須涵蓋的設計規劃_設計原意_用戶需求_預期解決痛點_預期目標_功能表現_目的_定位_v2026.08.06-r1.md#COV-10/COV-10-POSITION,DOC-03#DOC-03-H01,WP-02,RBWI-02,"CA-04,CA-05,CA-06",SPEC-009,ACC-009,UNBOUND_PENDING_WAVE_03_PLUS,fixtures/requirements/req-080-branch-profile-agent-provider.yaml,"evidence/requirements/req-080/{input,measurement,negative,checker,rollback}.json",COMPILED_NOT_IMPLEMENTED
REQ-081,PREDEV,HG-KSEOS_實作前開發文檔包_必須涵蓋的設計規劃_設計原意_用戶需求_預期解決痛點_預期目標_功能表現_目的_定位_v2026.08.06-r1.md#COV-11/COV-11-PLAN,DOC-02#DOC-02-H08,WP-01,RBWI-01,"CA-03,CA-20,CA-25,CA-27",SPEC-006,ACC-006,UNBOUND_PENDING_WAVE_03_PLUS,fixtures/requirements/req-081-k00-k16-source-inventory-hash-saniti.yaml,"evidence/requirements/req-081/{input,measurement,negative,checker,rollback}.json",COMPILED_NOT_IMPLEMENTED
REQ-082,PREDEV,HG-KSEOS_實作前開發文檔包_必須涵蓋的設計規劃_設計原意_用戶需求_預期解決痛點_預期目標_功能表現_目的_定位_v2026.08.06-r1.md#COV-11/COV-11-INTENT,DOC-02#DOC-02-H01,WP-01,RBWI-01,"CA-03,CA-20,CA-25,CA-27",SPEC-007,ACC-007,UNBOUND_PENDING_WAVE_03_PLUS,fixtures/requirements/req-082-rag.yaml,"evidence/requirements/req-082/{input,measurement,negative,checker,rollback}.json",COMPILED_NOT_IMPLEMENTED
REQ-083,PREDEV,HG-KSEOS_實作前開發文檔包_必須涵蓋的設計規劃_設計原意_用戶需求_預期解決痛點_預期目標_功能表現_目的_定位_v2026.08.06-r1.md#COV-11/COV-11-NEED,DOC-02#DOC-02-H01,WP-01,RBWI-01,"CA-03,CA-20,CA-25,CA-27",SPEC-005,ACC-005,UNBOUND_PENDING_WAVE_03_PLUS,fixtures/requirements/req-083-ai-raw-volumes-claim.yaml,"evidence/requirements/req-083/{input,measurement,negative,checker,rollback}.json",COMPILED_NOT_IMPLEMENTED
REQ-084,PREDEV,HG-KSEOS_實作前開發文檔包_必須涵蓋的設計規劃_設計原意_用戶需求_預期解決痛點_預期目標_功能表現_目的_定位_v2026.08.06-r1.md#COV-11/COV-11-PAIN,DOC-02#DOC-02-H01,WP-01,RBWI-01,"CA-03,CA-20,CA-25,CA-27",SPEC-008,ACC-008,UNBOUND_PENDING_WAVE_03_PLUS,fixtures/requirements/req-084-raw-stuffing-chunk-only-retrieval-ca.yaml,"evidence/requirements/req-084/{input,measurement,negative,checker,rollback}.json",COMPILED_NOT_IMPLEMENTED
REQ-085,PREDEV,HG-KSEOS_實作前開發文檔包_必須涵蓋的設計規劃_設計原意_用戶需求_預期解決痛點_預期目標_功能表現_目的_定位_v2026.08.06-r1.md#COV-11/COV-11-TARGET,DOC-02#DOC-02-H01,WP-01,RBWI-01,"CA-03,CA-20,CA-25,CA-27",SPEC-005,ACC-005,UNBOUND_PENDING_WAVE_03_PLUS,fixtures/requirements/req-085-sourcecapsule-candidate-wiki-skill-g.yaml,"evidence/requirements/req-085/{input,measurement,negative,checker,rollback}.json",COMPILED_NOT_IMPLEMENTED
REQ-086,PREDEV,HG-KSEOS_實作前開發文檔包_必須涵蓋的設計規劃_設計原意_用戶需求_預期解決痛點_預期目標_功能表現_目的_定位_v2026.08.06-r1.md#COV-11/COV-11-FUNCTION,DOC-02#DOC-02-H01,WP-01,RBWI-01,"CA-03,CA-20,CA-25,CA-27",SPEC-005,ACC-005,UNBOUND_PENDING_WAVE_03_PLUS,fixtures/requirements/req-086-provenance-citation-coverage-conflic.yaml,"evidence/requirements/req-086/{input,measurement,negative,checker,rollback}.json",COMPILED_NOT_IMPLEMENTED
REQ-087,PREDEV,HG-KSEOS_實作前開發文檔包_必須涵蓋的設計規劃_設計原意_用戶需求_預期解決痛點_預期目標_功能表現_目的_定位_v2026.08.06-r1.md#COV-11/COV-11-PURPOSE,DOC-02#DOC-02-H01,WP-01,RBWI-01,"CA-03,CA-20,CA-25,CA-27",SPEC-005,ACC-005,UNBOUND_PENDING_WAVE_03_PLUS,fixtures/requirements/req-087-hg-kseos-engineering-context.yaml,"evidence/requirements/req-087/{input,measurement,negative,checker,rollback}.json",COMPILED_NOT_IMPLEMENTED
REQ-088,PREDEV,HG-KSEOS_實作前開發文檔包_必須涵蓋的設計規劃_設計原意_用戶需求_預期解決痛點_預期目標_功能表現_目的_定位_v2026.08.06-r1.md#COV-11/COV-11-POSITION,DOC-02#DOC-02-H04,WP-01,RBWI-01,"CA-03,CA-20,CA-25,CA-27",SPEC-005,ACC-005,UNBOUND_PENDING_WAVE_03_PLUS,fixtures/requirements/req-088-git-markdown-source-ledger-canonical.yaml,"evidence/requirements/req-088/{input,measurement,negative,checker,rollback}.json",COMPILED_NOT_IMPLEMENTED
REQ-089,PREDEV,HG-KSEOS_實作前開發文檔包_必須涵蓋的設計規劃_設計原意_用戶需求_預期解決痛點_預期目標_功能表現_目的_定位_v2026.08.06-r1.md#COV-12/COV-12-PLAN,DOC-01#DOC-01-H06,WP-00,RBWI-00,"CA-01,CA-02,CA-05,CA-27,CA-30",SPEC-002,ACC-002,UNBOUND_PENDING_WAVE_03_PLUS,fixtures/requirements/req-089-intent-ontology-prd-srs-sdd-adr-task.yaml,"evidence/requirements/req-089/{input,measurement,negative,checker,rollback}.json",COMPILED_NOT_IMPLEMENTED
REQ-090,PREDEV,HG-KSEOS_實作前開發文檔包_必須涵蓋的設計規劃_設計原意_用戶需求_預期解決痛點_預期目標_功能表現_目的_定位_v2026.08.06-r1.md#COV-12/COV-12-INTENT,DOC-01#DOC-01-H01,WP-00,RBWI-00,"CA-01,CA-02,CA-05,CA-27,CA-30",SPEC-002,ACC-002,UNBOUND_PENDING_WAVE_03_PLUS,fixtures/requirements/req-090-coding-canonical-artifact-hg-kseos-n.yaml,"evidence/requirements/req-090/{input,measurement,negative,checker,rollback}.json",COMPILED_NOT_IMPLEMENTED
REQ-091,PREDEV,HG-KSEOS_實作前開發文檔包_必須涵蓋的設計規劃_設計原意_用戶需求_預期解決痛點_預期目標_功能表現_目的_定位_v2026.08.06-r1.md#COV-12/COV-12-NEED,DOC-01#DOC-01-H01,WP-00,RBWI-00,"CA-01,CA-02,CA-05,CA-27,CA-30",SPEC-001,ACC-001,UNBOUND_PENDING_WAVE_03_PLUS,fixtures/requirements/req-091-ai-frozen-packet.yaml,"evidence/requirements/req-091/{input,measurement,negative,checker,rollback}.json",COMPILED_NOT_IMPLEMENTED
REQ-092,PREDEV,HG-KSEOS_實作前開發文檔包_必須涵蓋的設計規劃_設計原意_用戶需求_預期解決痛點_預期目標_功能表現_目的_定位_v2026.08.06-r1.md#COV-12/COV-12-PAIN,DOC-01#DOC-01-H01,WP-00,RBWI-00,"CA-01,CA-02,CA-05,CA-27,CA-30",SPEC-002,ACC-002,UNBOUND_PENDING_WAVE_03_PLUS,fixtures/requirements/req-092-feature-list-prd-adr-alternatives-re.yaml,"evidence/requirements/req-092/{input,measurement,negative,checker,rollback}.json",COMPILED_NOT_IMPLEMENTED
REQ-093,PREDEV,HG-KSEOS_實作前開發文檔包_必須涵蓋的設計規劃_設計原意_用戶需求_預期解決痛點_預期目標_功能表現_目的_定位_v2026.08.06-r1.md#COV-12/COV-12-TARGET,DOC-01#DOC-01-H01,WP-00,RBWI-00,"CA-01,CA-02,CA-05,CA-27,CA-30",SPEC-001,ACC-001,UNBOUND_PENDING_WAVE_03_PLUS,fixtures/requirements/req-093-route-out-implementationpacket.yaml,"evidence/requirements/req-093/{input,measurement,negative,checker,rollback}.json",COMPILED_NOT_IMPLEMENTED
REQ-094,PREDEV,HG-KSEOS_實作前開發文檔包_必須涵蓋的設計規劃_設計原意_用戶需求_預期解決痛點_預期目標_功能表現_目的_定位_v2026.08.06-r1.md#COV-12/COV-12-FUNCTION,DOC-01#DOC-01-H06,WP-00,RBWI-00,"CA-01,CA-02,CA-05,CA-27,CA-30",SPEC-001,ACC-001,UNBOUND_PENDING_WAVE_03_PLUS,fixtures/requirements/req-094-grill-me-grill-with-docs-product-ont.yaml,"evidence/requirements/req-094/{input,measurement,negative,checker,rollback}.json",COMPILED_NOT_IMPLEMENTED
REQ-095,PREDEV,HG-KSEOS_實作前開發文檔包_必須涵蓋的設計規劃_設計原意_用戶需求_預期解決痛點_預期目標_功能表現_目的_定位_v2026.08.06-r1.md#COV-12/COV-12-PURPOSE,DOC-01#DOC-01-H01,WP-00,RBWI-00,"CA-01,CA-02,CA-05,CA-27,CA-30",SPEC-001,ACC-001,UNBOUND_PENDING_WAVE_03_PLUS,fixtures/requirements/req-095-artifact.yaml,"evidence/requirements/req-095/{input,measurement,negative,checker,rollback}.json",COMPILED_NOT_IMPLEMENTED
REQ-096,PREDEV,HG-KSEOS_實作前開發文檔包_必須涵蓋的設計規劃_設計原意_用戶需求_預期解決痛點_預期目標_功能表現_目的_定位_v2026.08.06-r1.md#COV-12/COV-12-POSITION,DOC-01#DOC-01-H01,WP-00,RBWI-00,"CA-01,CA-02,CA-05,CA-27,CA-30",SPEC-004,ACC-004,UNBOUND_PENDING_WAVE_03_PLUS,fixtures/requirements/req-096-hlpe-engineering-definition-branch-s.yaml,"evidence/requirements/req-096/{input,measurement,negative,checker,rollback}.json",COMPILED_NOT_IMPLEMENTED
REQ-097,PREDEV,HG-KSEOS_實作前開發文檔包_必須涵蓋的設計規劃_設計原意_用戶需求_預期解決痛點_預期目標_功能表現_目的_定位_v2026.08.06-r1.md#COV-13/COV-13-PLAN,DOC-18#DOC-18-H01,WP-15,RBWI-09,"CA-10,CA-17,CA-21,CA-22",SPEC-031,ACC-031,UNBOUND_PENDING_WAVE_03_PLUS,fixtures/requirements/req-097-codex-primary-opencode-fallback-revi.yaml,"evidence/requirements/req-097/{input,measurement,negative,checker,rollback}.json",COMPILED_NOT_IMPLEMENTED
REQ-098,PREDEV,HG-KSEOS_實作前開發文檔包_必須涵蓋的設計規劃_設計原意_用戶需求_預期解決痛點_預期目標_功能表現_目的_定位_v2026.08.06-r1.md#COV-13/COV-13-INTENT,DOC-18#DOC-18-H09,WP-15,RBWI-09,"CA-10,CA-17,CA-21,CA-22",SPEC-030,ACC-030,UNBOUND_PENDING_WAVE_03_PLUS,fixtures/requirements/req-098-coding-agent-writer.yaml,"evidence/requirements/req-098/{input,measurement,negative,checker,rollback}.json",COMPILED_NOT_IMPLEMENTED
REQ-099,PREDEV,HG-KSEOS_實作前開發文檔包_必須涵蓋的設計規劃_設計原意_用戶需求_預期解決痛點_預期目標_功能表現_目的_定位_v2026.08.06-r1.md#COV-13/COV-13-NEED,DOC-18#DOC-18-H01,WP-15,RBWI-09,"CA-10,CA-17,CA-21,CA-22",SPEC-063,ACC-063,UNBOUND_PENDING_WAVE_03_PLUS,fixtures/requirements/req-099-patch.yaml,"evidence/requirements/req-099/{input,measurement,negative,checker,rollback}.json",COMPILED_NOT_IMPLEMENTED
REQ-100,PREDEV,HG-KSEOS_實作前開發文檔包_必須涵蓋的設計規劃_設計原意_用戶需求_預期解決痛點_預期目標_功能表現_目的_定位_v2026.08.06-r1.md#COV-13/COV-13-PAIN,DOC-18#DOC-18-H01,WP-15,RBWI-09,"CA-10,CA-17,CA-21,CA-22",SPEC-030,ACC-030,UNBOUND_PENDING_WAVE_03_PLUS,fixtures/requirements/req-100-agent-scope-base-drift-commit-produc.yaml,"evidence/requirements/req-100/{input,measurement,negative,checker,rollback}.json",COMPILED_NOT_IMPLEMENTED
REQ-101,PREDEV,HG-KSEOS_實作前開發文檔包_必須涵蓋的設計規劃_設計原意_用戶需求_預期解決痛點_預期目標_功能表現_目的_定位_v2026.08.06-r1.md#COV-13/COV-13-TARGET,DOC-18#DOC-18-H01,WP-15,RBWI-09,"CA-10,CA-17,CA-21,CA-22",SPEC-030,ACC-030,UNBOUND_PENDING_WAVE_03_PLUS,fixtures/requirements/req-101-issue-task-to-changeset-to-pr-to-evi.yaml,"evidence/requirements/req-101/{input,measurement,negative,checker,rollback}.json",COMPILED_NOT_IMPLEMENTED
REQ-102,PREDEV,HG-KSEOS_實作前開發文檔包_必須涵蓋的設計規劃_設計原意_用戶需求_預期解決痛點_預期目標_功能表現_目的_定位_v2026.08.06-r1.md#COV-13/COV-13-FUNCTION,DOC-18#DOC-18-H02,WP-15,RBWI-09,"CA-10,CA-17,CA-21,CA-22",SPEC-030,ACC-030,UNBOUND_PENDING_WAVE_03_PLUS,fixtures/requirements/req-102-repo-inventory-worktree-lease-pre-dr.yaml,"evidence/requirements/req-102/{input,measurement,negative,checker,rollback}.json",COMPILED_NOT_IMPLEMENTED
REQ-103,PREDEV,HG-KSEOS_實作前開發文檔包_必須涵蓋的設計規劃_設計原意_用戶需求_預期解決痛點_預期目標_功能表現_目的_定位_v2026.08.06-r1.md#COV-13/COV-13-PURPOSE,DOC-18#DOC-18-H09,WP-15,RBWI-09,"CA-10,CA-17,CA-21,CA-22",SPEC-062,ACC-062,UNBOUND_PENDING_WAVE_03_PLUS,fixtures/requirements/req-103-rollback.yaml,"evidence/requirements/req-103/{input,measurement,negative,checker,rollback}.json",COMPILED_NOT_IMPLEMENTED
REQ-104,PREDEV,HG-KSEOS_實作前開發文檔包_必須涵蓋的設計規劃_設計原意_用戶需求_預期解決痛點_預期目標_功能表現_目的_定位_v2026.08.06-r1.md#COV-13/COV-13-POSITION,DOC-18#DOC-18-H01,WP-15,RBWI-09,"CA-10,CA-17,CA-21,CA-22",SPEC-030,ACC-030,UNBOUND_PENDING_WAVE_03_PLUS,fixtures/requirements/req-104-codex-opencode-provider-writer-sruor.yaml,"evidence/requirements/req-104/{input,measurement,negative,checker,rollback}.json",COMPILED_NOT_IMPLEMENTED
REQ-105,PREDEV,HG-KSEOS_實作前開發文檔包_必須涵蓋的設計規劃_設計原意_用戶需求_預期解決痛點_預期目標_功能表現_目的_定位_v2026.08.06-r1.md#COV-14/COV-14-PLAN,DOC-25#DOC-25-H03,WP-21,RBWI-17,"CA-05,CA-22,CA-28,CA-30",SPEC-086,ACC-086,UNBOUND_PENDING_WAVE_03_PLUS,fixtures/requirements/req-105-candidate-registry-experiment-plan-f.yaml,"evidence/requirements/req-105/{input,measurement,negative,checker,rollback}.json",COMPILED_NOT_IMPLEMENTED
REQ-106,PREDEV,HG-KSEOS_實作前開發文檔包_必須涵蓋的設計規劃_設計原意_用戶需求_預期解決痛點_預期目標_功能表現_目的_定位_v2026.08.06-r1.md#COV-14/COV-14-INTENT,DOC-25#DOC-25-H01,WP-21,RBWI-17,"CA-05,CA-22,CA-28,CA-30",SPEC-087,ACC-087,UNBOUND_PENDING_WAVE_03_PLUS,fixtures/requirements/req-106-constitution-evaluator-release-polic.yaml,"evidence/requirements/req-106/{input,measurement,negative,checker,rollback}.json",COMPILED_NOT_IMPLEMENTED
REQ-107,PREDEV,HG-KSEOS_實作前開發文檔包_必須涵蓋的設計規劃_設計原意_用戶需求_預期解決痛點_預期目標_功能表現_目的_定位_v2026.08.06-r1.md#COV-14/COV-14-NEED,DOC-25#DOC-25-H01,WP-21,RBWI-17,"CA-05,CA-22,CA-28,CA-30",SPEC-086,ACC-086,UNBOUND_PENDING_WAVE_03_PLUS,fixtures/requirements/req-107-artifact.yaml,"evidence/requirements/req-107/{input,measurement,negative,checker,rollback}.json",COMPILED_NOT_IMPLEMENTED
REQ-108,PREDEV,HG-KSEOS_實作前開發文檔包_必須涵蓋的設計規劃_設計原意_用戶需求_預期解決痛點_預期目標_功能表現_目的_定位_v2026.08.06-r1.md#COV-14/COV-14-PAIN,DOC-25#DOC-25-H03,WP-21,RBWI-17,"CA-05,CA-22,CA-28,CA-30",SPEC-086,ACC-086,UNBOUND_PENDING_WAVE_03_PLUS,fixtures/requirements/req-108-rsi-evaluator-production-domain-shar.yaml,"evidence/requirements/req-108/{input,measurement,negative,checker,rollback}.json",COMPILED_NOT_IMPLEMENTED
REQ-109,PREDEV,HG-KSEOS_實作前開發文檔包_必須涵蓋的設計規劃_設計原意_用戶需求_預期解決痛點_預期目標_功能表現_目的_定位_v2026.08.06-r1.md#COV-14/COV-14-TARGET,DOC-25#DOC-25-H01,WP-21,RBWI-17,"CA-05,CA-22,CA-28,CA-30",SPEC-086,ACC-086,UNBOUND_PENDING_WAVE_03_PLUS,fixtures/requirements/req-109-artifact.yaml,"evidence/requirements/req-109/{input,measurement,negative,checker,rollback}.json",COMPILED_NOT_IMPLEMENTED
REQ-110,PREDEV,HG-KSEOS_實作前開發文檔包_必須涵蓋的設計規劃_設計原意_用戶需求_預期解決痛點_預期目標_功能表現_目的_定位_v2026.08.06-r1.md#COV-14/COV-14-FUNCTION,DOC-25#DOC-25-H04,WP-21,RBWI-17,"CA-05,CA-22,CA-28,CA-30",SPEC-087,ACC-087,UNBOUND_PENDING_WAVE_03_PLUS,fixtures/requirements/req-110-experiment-isolation-versioned-candi.yaml,"evidence/requirements/req-110/{input,measurement,negative,checker,rollback}.json",COMPILED_NOT_IMPLEMENTED
REQ-111,PREDEV,HG-KSEOS_實作前開發文檔包_必須涵蓋的設計規劃_設計原意_用戶需求_預期解決痛點_預期目標_功能表現_目的_定位_v2026.08.06-r1.md#COV-14/COV-14-PURPOSE,DOC-25#DOC-25-H01,WP-21,RBWI-17,"CA-05,CA-22,CA-28,CA-30",SPEC-086,ACC-086,UNBOUND_PENDING_WAVE_03_PLUS,fixtures/requirements/req-111-artifact.yaml,"evidence/requirements/req-111/{input,measurement,negative,checker,rollback}.json",COMPILED_NOT_IMPLEMENTED
REQ-112,PREDEV,HG-KSEOS_實作前開發文檔包_必須涵蓋的設計規劃_設計原意_用戶需求_預期解決痛點_預期目標_功能表現_目的_定位_v2026.08.06-r1.md#COV-14/COV-14-POSITION,DOC-25#DOC-25-H01,WP-21,RBWI-17,"CA-05,CA-22,CA-28,CA-30",SPEC-086,ACC-086,UNBOUND_PENDING_WAVE_03_PLUS,fixtures/requirements/req-112-evolution-lab-domain-factory-shared-.yaml,"evidence/requirements/req-112/{input,measurement,negative,checker,rollback}.json",COMPILED_NOT_IMPLEMENTED
REQ-113,PREDEV,HG-KSEOS_實作前開發文檔包_必須涵蓋的設計規劃_設計原意_用戶需求_預期解決痛點_預期目標_功能表現_目的_定位_v2026.08.06-r1.md#COV-15/COV-15-PLAN,DOC-12#DOC-12-H02,WP-09,RBWI-08,"CA-10,CA-14,CA-16,CA-18",SPEC-048,ACC-048,UNBOUND_PENDING_WAVE_03_PLUS,fixtures/requirements/req-113-topology-admission-taskdag-agent-ide.yaml,"evidence/requirements/req-113/{input,measurement,negative,checker,rollback}.json",COMPILED_NOT_IMPLEMENTED
REQ-114,PREDEV,HG-KSEOS_實作前開發文檔包_必須涵蓋的設計規劃_設計原意_用戶需求_預期解決痛點_預期目標_功能表現_目的_定位_v2026.08.06-r1.md#COV-15/COV-15-INTENT,DOC-12#DOC-12-H01,WP-09,RBWI-08,"CA-10,CA-14,CA-16,CA-18",SPEC-048,ACC-048,UNBOUND_PENDING_WAVE_03_PLUS,fixtures/requirements/req-114-artifact.yaml,"evidence/requirements/req-114/{input,measurement,negative,checker,rollback}.json",COMPILED_NOT_IMPLEMENTED
REQ-115,PREDEV,HG-KSEOS_實作前開發文檔包_必須涵蓋的設計規劃_設計原意_用戶需求_預期解決痛點_預期目標_功能表現_目的_定位_v2026.08.06-r1.md#COV-15/COV-15-NEED,DOC-12#DOC-12-H01,WP-09,RBWI-08,"CA-10,CA-14,CA-16,CA-18",SPEC-048,ACC-048,UNBOUND_PENDING_WAVE_03_PLUS,fixtures/requirements/req-115-swarm.yaml,"evidence/requirements/req-115/{input,measurement,negative,checker,rollback}.json",COMPILED_NOT_IMPLEMENTED
REQ-116,PREDEV,HG-KSEOS_實作前開發文檔包_必須涵蓋的設計規劃_設計原意_用戶需求_預期解決痛點_預期目標_功能表現_目的_定位_v2026.08.06-r1.md#COV-15/COV-15-PAIN,DOC-12#DOC-12-H08,WP-09,RBWI-08,"CA-10,CA-14,CA-16,CA-18",SPEC-049,ACC-049,UNBOUND_PENDING_WAVE_03_PLUS,fixtures/requirements/req-116-agent-delegation-scope-owner.yaml,"evidence/requirements/req-116/{input,measurement,negative,checker,rollback}.json",COMPILED_NOT_IMPLEMENTED
REQ-117,PREDEV,HG-KSEOS_實作前開發文檔包_必須涵蓋的設計規劃_設計原意_用戶需求_預期解決痛點_預期目標_功能表現_目的_定位_v2026.08.06-r1.md#COV-15/COV-15-TARGET,DOC-12#DOC-12-H01,WP-09,RBWI-08,"CA-10,CA-14,CA-16,CA-18",SPEC-048,ACC-048,UNBOUND_PENDING_WAVE_03_PLUS,fixtures/requirements/req-117-single-agent-manual.yaml,"evidence/requirements/req-117/{input,measurement,negative,checker,rollback}.json",COMPILED_NOT_IMPLEMENTED
REQ-118,PREDEV,HG-KSEOS_實作前開發文檔包_必須涵蓋的設計規劃_設計原意_用戶需求_預期解決痛點_預期目標_功能表現_目的_定位_v2026.08.06-r1.md#COV-15/COV-15-FUNCTION,DOC-12#DOC-12-H02,WP-09,RBWI-08,"CA-10,CA-14,CA-16,CA-18",SPEC-048,ACC-048,UNBOUND_PENDING_WAVE_03_PLUS,fixtures/requirements/req-118-admission-score-taskdag-states-a2a-e.yaml,"evidence/requirements/req-118/{input,measurement,negative,checker,rollback}.json",COMPILED_NOT_IMPLEMENTED
REQ-119,PREDEV,HG-KSEOS_實作前開發文檔包_必須涵蓋的設計規劃_設計原意_用戶需求_預期解決痛點_預期目標_功能表現_目的_定位_v2026.08.06-r1.md#COV-15/COV-15-PURPOSE,DOC-12#DOC-12-H01,WP-09,RBWI-08,"CA-10,CA-14,CA-16,CA-18",SPEC-048,ACC-048,UNBOUND_PENDING_WAVE_03_PLUS,fixtures/requirements/req-119-branch-shared-spine-authority.yaml,"evidence/requirements/req-119/{input,measurement,negative,checker,rollback}.json",COMPILED_NOT_IMPLEMENTED
REQ-120,PREDEV,HG-KSEOS_實作前開發文檔包_必須涵蓋的設計規劃_設計原意_用戶需求_預期解決痛點_預期目標_功能表現_目的_定位_v2026.08.06-r1.md#COV-15/COV-15-POSITION,DOC-12#DOC-12-H02,WP-09,RBWI-08,"CA-10,CA-14,CA-16,CA-18",SPEC-048,ACC-048,UNBOUND_PENDING_WAVE_03_PLUS,fixtures/requirements/req-120-agent-topology-runtime-capability-pa.yaml,"evidence/requirements/req-120/{input,measurement,negative,checker,rollback}.json",COMPILED_NOT_IMPLEMENTED
REQ-121,PREDEV,HG-KSEOS_實作前開發文檔包_必須涵蓋的設計規劃_設計原意_用戶需求_預期解決痛點_預期目標_功能表現_目的_定位_v2026.08.06-r1.md#COV-16/COV-16-PLAN,DOC-16#DOC-16-H01,WP-13,RBWI-07,"CA-15,CA-16,CA-23,CA-27",SPEC-056,ACC-056,UNBOUND_PENDING_WAVE_03_PLUS,fixtures/requirements/req-121-hermes-rebase-matrix-doc-capability-.yaml,"evidence/requirements/req-121/{input,measurement,negative,checker,rollback}.json",COMPILED_NOT_IMPLEMENTED
REQ-122,PREDEV,HG-KSEOS_實作前開發文檔包_必須涵蓋的設計規劃_設計原意_用戶需求_預期解決痛點_預期目標_功能表現_目的_定位_v2026.08.06-r1.md#COV-16/COV-16-INTENT,DOC-16#DOC-16-H01,WP-13,RBWI-07,"CA-15,CA-16,CA-23,CA-27",SPEC-055,ACC-055,UNBOUND_PENDING_WAVE_03_PLUS,fixtures/requirements/req-122-hermes-cognitive-coordination-plane-.yaml,"evidence/requirements/req-122/{input,measurement,negative,checker,rollback}.json",COMPILED_NOT_IMPLEMENTED
REQ-123,PREDEV,HG-KSEOS_實作前開發文檔包_必須涵蓋的設計規劃_設計原意_用戶需求_預期解決痛點_預期目標_功能表現_目的_定位_v2026.08.06-r1.md#COV-16/COV-16-NEED,DOC-16#DOC-16-H01,WP-13,RBWI-07,"CA-15,CA-16,CA-23,CA-27",SPEC-055,ACC-055,UNBOUND_PENDING_WAVE_03_PLUS,fixtures/requirements/req-123-agent-os-runtime.yaml,"evidence/requirements/req-123/{input,measurement,negative,checker,rollback}.json",COMPILED_NOT_IMPLEMENTED
REQ-124,PREDEV,HG-KSEOS_實作前開發文檔包_必須涵蓋的設計規劃_設計原意_用戶需求_預期解決痛點_預期目標_功能表現_目的_定位_v2026.08.06-r1.md#COV-16/COV-16-PAIN,DOC-16#DOC-16-H01,WP-13,RBWI-07,"CA-15,CA-16,CA-23,CA-27",SPEC-055,ACC-055,UNBOUND_PENDING_WAVE_03_PLUS,fixtures/requirements/req-124-hermes-notexecuted-hermes-local-stat.yaml,"evidence/requirements/req-124/{input,measurement,negative,checker,rollback}.json",COMPILED_NOT_IMPLEMENTED
REQ-125,PREDEV,HG-KSEOS_實作前開發文檔包_必須涵蓋的設計規劃_設計原意_用戶需求_預期解決痛點_預期目標_功能表現_目的_定位_v2026.08.06-r1.md#COV-16/COV-16-TARGET,DOC-16#DOC-16-H01,WP-13,RBWI-07,"CA-15,CA-16,CA-23,CA-27",SPEC-056,ACC-056,UNBOUND_PENDING_WAVE_03_PLUS,fixtures/requirements/req-125-pilot-declared-active-native-fallbac.yaml,"evidence/requirements/req-125/{input,measurement,negative,checker,rollback}.json",COMPILED_NOT_IMPLEMENTED
REQ-126,PREDEV,HG-KSEOS_實作前開發文檔包_必須涵蓋的設計規劃_設計原意_用戶需求_預期解決痛點_預期目標_功能表現_目的_定位_v2026.08.06-r1.md#COV-16/COV-16-FUNCTION,DOC-16#DOC-16-H02,WP-13,RBWI-07,"CA-15,CA-16,CA-23,CA-27",SPEC-056,ACC-056,UNBOUND_PENDING_WAVE_03_PLUS,fixtures/requirements/req-126-workspaceprofile-provider-registry-t.yaml,"evidence/requirements/req-126/{input,measurement,negative,checker,rollback}.json",COMPILED_NOT_IMPLEMENTED
REQ-127,PREDEV,HG-KSEOS_實作前開發文檔包_必須涵蓋的設計規劃_設計原意_用戶需求_預期解決痛點_預期目標_功能表現_目的_定位_v2026.08.06-r1.md#COV-16/COV-16-PURPOSE,DOC-16#DOC-16-H01,WP-13,RBWI-07,"CA-15,CA-16,CA-23,CA-27",SPEC-055,ACC-055,UNBOUND_PENDING_WAVE_03_PLUS,fixtures/requirements/req-127-agent-os-hg-kseos.yaml,"evidence/requirements/req-127/{input,measurement,negative,checker,rollback}.json",COMPILED_NOT_IMPLEMENTED
REQ-128,PREDEV,HG-KSEOS_實作前開發文檔包_必須涵蓋的設計規劃_設計原意_用戶需求_預期解決痛點_預期目標_功能表現_目的_定位_v2026.08.06-r1.md#COV-16/COV-16-POSITION,DOC-16#DOC-16-H02,WP-13,RBWI-07,"CA-15,CA-16,CA-23,CA-27",SPEC-056,ACC-056,UNBOUND_PENDING_WAVE_03_PLUS,fixtures/requirements/req-128-hermes-primary-preferred-provider-ke.yaml,"evidence/requirements/req-128/{input,measurement,negative,checker,rollback}.json",COMPILED_NOT_IMPLEMENTED
REQ-129,PREDEV,HG-KSEOS_實作前開發文檔包_必須涵蓋的設計規劃_設計原意_用戶需求_預期解決痛點_預期目標_功能表現_目的_定位_v2026.08.06-r1.md#COV-17/COV-17-PLAN,DOC-13#DOC-13-H01,WP-10,RBWI-10,"CA-17,CA-23,CA-25",SPEC-050,ACC-050,UNBOUND_PENDING_WAVE_03_PLUS,fixtures/requirements/req-129-harnesspack-tool-allowlist-sandbox-e.yaml,"evidence/requirements/req-129/{input,measurement,negative,checker,rollback}.json",COMPILED_NOT_IMPLEMENTED
REQ-130,PREDEV,HG-KSEOS_實作前開發文檔包_必須涵蓋的設計規劃_設計原意_用戶需求_預期解決痛點_預期目標_功能表現_目的_定位_v2026.08.06-r1.md#COV-17/COV-17-INTENT,DOC-13#DOC-13-H01,WP-10,RBWI-10,"CA-17,CA-23,CA-25",SPEC-029,ACC-029,UNBOUND_PENDING_WAVE_03_PLUS,fixtures/requirements/req-130-prompt-agent.yaml,"evidence/requirements/req-130/{input,measurement,negative,checker,rollback}.json",COMPILED_NOT_IMPLEMENTED
REQ-131,PREDEV,HG-KSEOS_實作前開發文檔包_必須涵蓋的設計規劃_設計原意_用戶需求_預期解決痛點_預期目標_功能表現_目的_定位_v2026.08.06-r1.md#COV-17/COV-17-NEED,DOC-13#DOC-13-H01,WP-10,RBWI-10,"CA-17,CA-23,CA-25",SPEC-029,ACC-029,UNBOUND_PENDING_WAVE_03_PLUS,fixtures/requirements/req-131-artifact.yaml,"evidence/requirements/req-131/{input,measurement,negative,checker,rollback}.json",COMPILED_NOT_IMPLEMENTED
REQ-132,PREDEV,HG-KSEOS_實作前開發文檔包_必須涵蓋的設計規劃_設計原意_用戶需求_預期解決痛點_預期目標_功能表現_目的_定位_v2026.08.06-r1.md#COV-17/COV-17-PAIN,DOC-13#DOC-13-H01,WP-10,RBWI-10,"CA-17,CA-23,CA-25",SPEC-029,ACC-029,UNBOUND_PENDING_WAVE_03_PLUS,fixtures/requirements/req-132-loop-retry-storm-checkpoint.yaml,"evidence/requirements/req-132/{input,measurement,negative,checker,rollback}.json",COMPILED_NOT_IMPLEMENTED
REQ-133,PREDEV,HG-KSEOS_實作前開發文檔包_必須涵蓋的設計規劃_設計原意_用戶需求_預期解決痛點_預期目標_功能表現_目的_定位_v2026.08.06-r1.md#COV-17/COV-17-TARGET,DOC-13#DOC-13-H01,WP-10,RBWI-10,"CA-17,CA-23,CA-25",SPEC-029,ACC-029,UNBOUND_PENDING_WAVE_03_PLUS,fixtures/requirements/req-133-bounded-execution-terminal-verdict.yaml,"evidence/requirements/req-133/{input,measurement,negative,checker,rollback}.json",COMPILED_NOT_IMPLEMENTED
REQ-134,PREDEV,HG-KSEOS_實作前開發文檔包_必須涵蓋的設計規劃_設計原意_用戶需求_預期解決痛點_預期目標_功能表現_目的_定位_v2026.08.06-r1.md#COV-17/COV-17-FUNCTION,DOC-13#DOC-13-H01,WP-10,RBWI-10,"CA-17,CA-23,CA-25",SPEC-029,ACC-029,UNBOUND_PENDING_WAVE_03_PLUS,fixtures/requirements/req-134-state-machine-retry-taxonomy-budget-.yaml,"evidence/requirements/req-134/{input,measurement,negative,checker,rollback}.json",COMPILED_NOT_IMPLEMENTED
REQ-135,PREDEV,HG-KSEOS_實作前開發文檔包_必須涵蓋的設計規劃_設計原意_用戶需求_預期解決痛點_預期目標_功能表現_目的_定位_v2026.08.06-r1.md#COV-17/COV-17-PURPOSE,DOC-13#DOC-13-H01,WP-10,RBWI-10,"CA-17,CA-23,CA-25",SPEC-029,ACC-029,UNBOUND_PENDING_WAVE_03_PLUS,fixtures/requirements/req-135-agent.yaml,"evidence/requirements/req-135/{input,measurement,negative,checker,rollback}.json",COMPILED_NOT_IMPLEMENTED
REQ-136,PREDEV,HG-KSEOS_實作前開發文檔包_必須涵蓋的設計規劃_設計原意_用戶需求_預期解決痛點_預期目標_功能表現_目的_定位_v2026.08.06-r1.md#COV-17/COV-17-POSITION,DOC-13#DOC-13-H01,WP-10,RBWI-10,"CA-17,CA-23,CA-25",SPEC-029,ACC-029,UNBOUND_PENDING_WAVE_03_PLUS,fixtures/requirements/req-136-harness-loop-taskspec-security-relea.yaml,"evidence/requirements/req-136/{input,measurement,negative,checker,rollback}.json",COMPILED_NOT_IMPLEMENTED
REQ-137,PREDEV,HG-KSEOS_實作前開發文檔包_必須涵蓋的設計規劃_設計原意_用戶需求_預期解決痛點_預期目標_功能表現_目的_定位_v2026.08.06-r1.md#COV-18/COV-18-PLAN,DOC-09#DOC-09-H02,WP-08,RBWI-12,"CA-19,CA-20,CA-22,CA-24",SPEC-043,ACC-043,UNBOUND_PENDING_WAVE_03_PLUS,fixtures/requirements/req-137-context-budget-packing-memory-types-.yaml,"evidence/requirements/req-137/{input,measurement,negative,checker,rollback}.json",COMPILED_NOT_IMPLEMENTED
REQ-138,PREDEV,HG-KSEOS_實作前開發文檔包_必須涵蓋的設計規劃_設計原意_用戶需求_預期解決痛點_預期目標_功能表現_目的_定位_v2026.08.06-r1.md#COV-18/COV-18-INTENT,DOC-09#DOC-09-H01,WP-08,RBWI-12,"CA-19,CA-20,CA-22,CA-24",SPEC-042,ACC-042,UNBOUND_PENDING_WAVE_03_PLUS,fixtures/requirements/req-138-canonical-truth-policy.yaml,"evidence/requirements/req-138/{input,measurement,negative,checker,rollback}.json",COMPILED_NOT_IMPLEMENTED
REQ-139,PREDEV,HG-KSEOS_實作前開發文檔包_必須涵蓋的設計規劃_設計原意_用戶需求_預期解決痛點_預期目標_功能表現_目的_定位_v2026.08.06-r1.md#COV-18/COV-18-NEED,DOC-09#DOC-09-H01,WP-08,RBWI-12,"CA-19,CA-20,CA-22,CA-24",SPEC-042,ACC-042,UNBOUND_PENDING_WAVE_03_PLUS,fixtures/requirements/req-139-agent-session.yaml,"evidence/requirements/req-139/{input,measurement,negative,checker,rollback}.json",COMPILED_NOT_IMPLEMENTED
REQ-140,PREDEV,HG-KSEOS_實作前開發文檔包_必須涵蓋的設計規劃_設計原意_用戶需求_預期解決痛點_預期目標_功能表現_目的_定位_v2026.08.06-r1.md#COV-18/COV-18-PAIN,DOC-09#DOC-09-H01,WP-08,RBWI-12,"CA-19,CA-20,CA-22,CA-24",SPEC-042,ACC-042,UNBOUND_PENDING_WAVE_03_PLUS,fixtures/requirements/req-140-rag-kg-vector-obsidian-truth-codegra.yaml,"evidence/requirements/req-140/{input,measurement,negative,checker,rollback}.json",COMPILED_NOT_IMPLEMENTED
REQ-141,PREDEV,HG-KSEOS_實作前開發文檔包_必須涵蓋的設計規劃_設計原意_用戶需求_預期解決痛點_預期目標_功能表現_目的_定位_v2026.08.06-r1.md#COV-18/COV-18-TARGET,DOC-09#DOC-09-H01,WP-08,RBWI-12,"CA-19,CA-20,CA-22,CA-24",SPEC-043,ACC-043,UNBOUND_PENDING_WAVE_03_PLUS,fixtures/requirements/req-141-p0-lexical-source-backed-persistent-.yaml,"evidence/requirements/req-141/{input,measurement,negative,checker,rollback}.json",COMPILED_NOT_IMPLEMENTED
REQ-142,PREDEV,HG-KSEOS_實作前開發文檔包_必須涵蓋的設計規劃_設計原意_用戶需求_預期解決痛點_預期目標_功能表現_目的_定位_v2026.08.06-r1.md#COV-18/COV-18-FUNCTION,DOC-09#DOC-09-H01,WP-08,RBWI-12,"CA-19,CA-20,CA-22,CA-24",SPEC-042,ACC-042,UNBOUND_PENDING_WAVE_03_PLUS,fixtures/requirements/req-142-provenance-freshness-revocation-conf.yaml,"evidence/requirements/req-142/{input,measurement,negative,checker,rollback}.json",COMPILED_NOT_IMPLEMENTED
REQ-143,PREDEV,HG-KSEOS_實作前開發文檔包_必須涵蓋的設計規劃_設計原意_用戶需求_預期解決痛點_預期目標_功能表現_目的_定位_v2026.08.06-r1.md#COV-18/COV-18-PURPOSE,DOC-09#DOC-09-H01,WP-08,RBWI-12,"CA-19,CA-20,CA-22,CA-24",SPEC-042,ACC-042,UNBOUND_PENDING_WAVE_03_PLUS,fixtures/requirements/req-143-coding.yaml,"evidence/requirements/req-143/{input,measurement,negative,checker,rollback}.json",COMPILED_NOT_IMPLEMENTED
REQ-144,PREDEV,HG-KSEOS_實作前開發文檔包_必須涵蓋的設計規劃_設計原意_用戶需求_預期解決痛點_預期目標_功能表現_目的_定位_v2026.08.06-r1.md#COV-18/COV-18-POSITION,DOC-09#DOC-09-H01,WP-08,RBWI-12,"CA-19,CA-20,CA-22,CA-24",SPEC-042,ACC-042,UNBOUND_PENDING_WAVE_03_PLUS,fixtures/requirements/req-144-git-markdown-source-ledger-canonical.yaml,"evidence/requirements/req-144/{input,measurement,negative,checker,rollback}.json",COMPILED_NOT_IMPLEMENTED
REQ-145,PREDEV,HG-KSEOS_實作前開發文檔包_必須涵蓋的設計規劃_設計原意_用戶需求_預期解決痛點_預期目標_功能表現_目的_定位_v2026.08.06-r1.md#COV-19/COV-19-PLAN,DOC-16#DOC-16-H01,WP-13,RBWI-07,"CA-15,CA-16,CA-23,CA-27",SPEC-056,ACC-056,UNBOUND_PENDING_WAVE_03_PLUS,fixtures/requirements/req-145-capability-slot-provider-contract-ad.yaml,"evidence/requirements/req-145/{input,measurement,negative,checker,rollback}.json",COMPILED_NOT_IMPLEMENTED
REQ-146,PREDEV,HG-KSEOS_實作前開發文檔包_必須涵蓋的設計規劃_設計原意_用戶需求_預期解決痛點_預期目標_功能表現_目的_定位_v2026.08.06-r1.md#COV-19/COV-19-INTENT,DOC-16#DOC-16-H01,WP-13,RBWI-07,"CA-15,CA-16,CA-23,CA-27",SPEC-096,ACC-096,UNBOUND_PENDING_WAVE_03_PLUS,fixtures/requirements/req-146-contract.yaml,"evidence/requirements/req-146/{input,measurement,negative,checker,rollback}.json",COMPILED_NOT_IMPLEMENTED
REQ-147,PREDEV,HG-KSEOS_實作前開發文檔包_必須涵蓋的設計規劃_設計原意_用戶需求_預期解決痛點_預期目標_功能表現_目的_定位_v2026.08.06-r1.md#COV-19/COV-19-NEED,DOC-16#DOC-16-H01,WP-13,RBWI-07,"CA-15,CA-16,CA-23,CA-27",SPEC-055,ACC-055,UNBOUND_PENDING_WAVE_03_PLUS,fixtures/requirements/req-147-artifact.yaml,"evidence/requirements/req-147/{input,measurement,negative,checker,rollback}.json",COMPILED_NOT_IMPLEMENTED
REQ-148,PREDEV,HG-KSEOS_實作前開發文檔包_必須涵蓋的設計規劃_設計原意_用戶需求_預期解決痛點_預期目標_功能表現_目的_定位_v2026.08.06-r1.md#COV-19/COV-19-PAIN,DOC-16#DOC-16-H02,WP-13,RBWI-07,"CA-15,CA-16,CA-23,CA-27",SPEC-056,ACC-056,UNBOUND_PENDING_WAVE_03_PLUS,fixtures/requirements/req-148-provider-stars.yaml,"evidence/requirements/req-148/{input,measurement,negative,checker,rollback}.json",COMPILED_NOT_IMPLEMENTED
REQ-149,PREDEV,HG-KSEOS_實作前開發文檔包_必須涵蓋的設計規劃_設計原意_用戶需求_預期解決痛點_預期目標_功能表現_目的_定位_v2026.08.06-r1.md#COV-19/COV-19-TARGET,DOC-16#DOC-16-H01,WP-13,RBWI-07,"CA-15,CA-16,CA-23,CA-27",SPEC-096,ACC-096,UNBOUND_PENDING_WAVE_03_PLUS,fixtures/requirements/req-149-tool-scout-rejected-reasons-reversal.yaml,"evidence/requirements/req-149/{input,measurement,negative,checker,rollback}.json",COMPILED_NOT_IMPLEMENTED
REQ-150,PREDEV,HG-KSEOS_實作前開發文檔包_必須涵蓋的設計規劃_設計原意_用戶需求_預期解決痛點_預期目標_功能表現_目的_定位_v2026.08.06-r1.md#COV-19/COV-19-FUNCTION,DOC-16#DOC-16-H01,WP-13,RBWI-07,"CA-15,CA-16,CA-23,CA-27",SPEC-055,ACC-055,UNBOUND_PENDING_WAVE_03_PLUS,fixtures/requirements/req-150-registry-state-machine-scorecard-pil.yaml,"evidence/requirements/req-150/{input,measurement,negative,checker,rollback}.json",COMPILED_NOT_IMPLEMENTED
REQ-151,PREDEV,HG-KSEOS_實作前開發文檔包_必須涵蓋的設計規劃_設計原意_用戶需求_預期解決痛點_預期目標_功能表現_目的_定位_v2026.08.06-r1.md#COV-19/COV-19-PURPOSE,DOC-16#DOC-16-H01,WP-13,RBWI-07,"CA-15,CA-16,CA-23,CA-27",SPEC-055,ACC-055,UNBOUND_PENDING_WAVE_03_PLUS,fixtures/requirements/req-151-artifact.yaml,"evidence/requirements/req-151/{input,measurement,negative,checker,rollback}.json",COMPILED_NOT_IMPLEMENTED
REQ-152,PREDEV,HG-KSEOS_實作前開發文檔包_必須涵蓋的設計規劃_設計原意_用戶需求_預期解決痛點_預期目標_功能表現_目的_定位_v2026.08.06-r1.md#COV-19/COV-19-POSITION,DOC-16#DOC-16-H01,WP-13,RBWI-07,"CA-15,CA-16,CA-23,CA-27",SPEC-055,ACC-055,UNBOUND_PENDING_WAVE_03_PLUS,fixtures/requirements/req-152-tool-provider-capability-implementat.yaml,"evidence/requirements/req-152/{input,measurement,negative,checker,rollback}.json",COMPILED_NOT_IMPLEMENTED
REQ-153,PREDEV,HG-KSEOS_實作前開發文檔包_必須涵蓋的設計規劃_設計原意_用戶需求_預期解決痛點_預期目標_功能表現_目的_定位_v2026.08.06-r1.md#COV-20/COV-20-PLAN,DOC-15#DOC-15-H03,WP-12,RBWI-06,"CA-11,CA-12,CA-13,CA-14",SPEC-052,ACC-052,UNBOUND_PENDING_WAVE_03_PLUS,fixtures/requirements/req-153-capabilitypackageid-trigger-negative.yaml,"evidence/requirements/req-153/{input,measurement,negative,checker,rollback}.json",COMPILED_NOT_IMPLEMENTED
REQ-154,PREDEV,HG-KSEOS_實作前開發文檔包_必須涵蓋的設計規劃_設計原意_用戶需求_預期解決痛點_預期目標_功能表現_目的_定位_v2026.08.06-r1.md#COV-20/COV-20-INTENT,DOC-15#DOC-15-H05,WP-12,RBWI-06,"CA-11,CA-12,CA-13,CA-14",SPEC-054,ACC-054,UNBOUND_PENDING_WAVE_03_PLUS,fixtures/requirements/req-154-prompt-hg-kseos-native-artifacts-rol.yaml,"evidence/requirements/req-154/{input,measurement,negative,checker,rollback}.json",COMPILED_NOT_IMPLEMENTED
REQ-155,PREDEV,HG-KSEOS_實作前開發文檔包_必須涵蓋的設計規劃_設計原意_用戶需求_預期解決痛點_預期目標_功能表現_目的_定位_v2026.08.06-r1.md#COV-20/COV-20-NEED,DOC-15#DOC-15-H03,WP-12,RBWI-06,"CA-11,CA-12,CA-13,CA-14",SPEC-053,ACC-053,UNBOUND_PENDING_WAVE_03_PLUS,fixtures/requirements/req-155-ai-package-prompt-skill-agent-compon.yaml,"evidence/requirements/req-155/{input,measurement,negative,checker,rollback}.json",COMPILED_NOT_IMPLEMENTED
REQ-156,PREDEV,HG-KSEOS_實作前開發文檔包_必須涵蓋的設計規劃_設計原意_用戶需求_預期解決痛點_預期目標_功能表現_目的_定位_v2026.08.06-r1.md#COV-20/COV-20-PAIN,DOC-15#DOC-15-H04,WP-12,RBWI-06,"CA-11,CA-12,CA-13,CA-14",SPEC-054,ACC-054,UNBOUND_PENDING_WAVE_03_PLUS,fixtures/requirements/req-156-prompt-skills-agents-md-mcp-workflow.yaml,"evidence/requirements/req-156/{input,measurement,negative,checker,rollback}.json",COMPILED_NOT_IMPLEMENTED
REQ-157,PREDEV,HG-KSEOS_實作前開發文檔包_必須涵蓋的設計規劃_設計原意_用戶需求_預期解決痛點_預期目標_功能表現_目的_定位_v2026.08.06-r1.md#COV-20/COV-20-TARGET,DOC-15#DOC-15-H01,WP-12,RBWI-06,"CA-11,CA-12,CA-13,CA-14",SPEC-052,ACC-052,UNBOUND_PENDING_WAVE_03_PLUS,fixtures/requirements/req-157-agent-engineering-stack.yaml,"evidence/requirements/req-157/{input,measurement,negative,checker,rollback}.json",COMPILED_NOT_IMPLEMENTED
REQ-158,PREDEV,HG-KSEOS_實作前開發文檔包_必須涵蓋的設計規劃_設計原意_用戶需求_預期解決痛點_預期目標_功能表現_目的_定位_v2026.08.06-r1.md#COV-20/COV-20-FUNCTION,DOC-15#DOC-15-H03,WP-12,RBWI-06,"CA-11,CA-12,CA-13,CA-14",SPEC-054,ACC-054,UNBOUND_PENDING_WAVE_03_PLUS,fixtures/requirements/req-158-core-expanded-instructions-split-ski.yaml,"evidence/requirements/req-158/{input,measurement,negative,checker,rollback}.json",COMPILED_NOT_IMPLEMENTED
REQ-159,PREDEV,HG-KSEOS_實作前開發文檔包_必須涵蓋的設計規劃_設計原意_用戶需求_預期解決痛點_預期目標_功能表現_目的_定位_v2026.08.06-r1.md#COV-20/COV-20-PURPOSE,DOC-15#DOC-15-H01,WP-12,RBWI-06,"CA-11,CA-12,CA-13,CA-14",SPEC-052,ACC-052,UNBOUND_PENDING_WAVE_03_PLUS,fixtures/requirements/req-159-first-party.yaml,"evidence/requirements/req-159/{input,measurement,negative,checker,rollback}.json",COMPILED_NOT_IMPLEMENTED
REQ-160,PREDEV,HG-KSEOS_實作前開發文檔包_必須涵蓋的設計規劃_設計原意_用戶需求_預期解決痛點_預期目標_功能表現_目的_定位_v2026.08.06-r1.md#COV-20/COV-20-POSITION,DOC-15#DOC-15-H01,WP-12,RBWI-06,"CA-11,CA-12,CA-13,CA-14",SPEC-052,ACC-052,UNBOUND_PENDING_WAVE_03_PLUS,fixtures/requirements/req-160-prompt-skill-agents-md-projection-ca.yaml,"evidence/requirements/req-160/{input,measurement,negative,checker,rollback}.json",COMPILED_NOT_IMPLEMENTED
REQ-161,PREDEV,HG-KSEOS_實作前開發文檔包_必須涵蓋的設計規劃_設計原意_用戶需求_預期解決痛點_預期目標_功能表現_目的_定位_v2026.08.06-r1.md#COV-21/COV-21-PLAN,DOC-03#DOC-03-H01,WP-02,RBWI-02,"CA-04,CA-05,CA-06",SPEC-009,ACC-009,UNBOUND_PENDING_WAVE_03_PLUS,fixtures/requirements/req-161-p0-quick-orchestrator-codex-worker-v.yaml,"evidence/requirements/req-161/{input,measurement,negative,checker,rollback}.json",COMPILED_NOT_IMPLEMENTED
REQ-162,PREDEV,HG-KSEOS_實作前開發文檔包_必須涵蓋的設計規劃_設計原意_用戶需求_預期解決痛點_預期目標_功能表現_目的_定位_v2026.08.06-r1.md#COV-21/COV-21-INTENT,DOC-03#DOC-03-H01,WP-02,RBWI-02,"CA-04,CA-05,CA-06",SPEC-009,ACC-009,UNBOUND_PENDING_WAVE_03_PLUS,fixtures/requirements/req-162-artifact.yaml,"evidence/requirements/req-162/{input,measurement,negative,checker,rollback}.json",COMPILED_NOT_IMPLEMENTED
REQ-163,PREDEV,HG-KSEOS_實作前開發文檔包_必須涵蓋的設計規劃_設計原意_用戶需求_預期解決痛點_預期目標_功能表現_目的_定位_v2026.08.06-r1.md#COV-21/COV-21-NEED,DOC-03#DOC-03-H01,WP-02,RBWI-02,"CA-04,CA-05,CA-06",SPEC-009,ACC-009,UNBOUND_PENDING_WAVE_03_PLUS,fixtures/requirements/req-163-artifact.yaml,"evidence/requirements/req-163/{input,measurement,negative,checker,rollback}.json",COMPILED_NOT_IMPLEMENTED
REQ-164,PREDEV,HG-KSEOS_實作前開發文檔包_必須涵蓋的設計規劃_設計原意_用戶需求_預期解決痛點_預期目標_功能表現_目的_定位_v2026.08.06-r1.md#COV-21/COV-21-PAIN,DOC-03#DOC-03-H01,WP-02,RBWI-02,"CA-04,CA-05,CA-06",SPEC-009,ACC-009,UNBOUND_PENDING_WAVE_03_PLUS,fixtures/requirements/req-164-auth-workspace-version-permission-re.yaml,"evidence/requirements/req-164/{input,measurement,negative,checker,rollback}.json",COMPILED_NOT_IMPLEMENTED
REQ-165,PREDEV,HG-KSEOS_實作前開發文檔包_必須涵蓋的設計規劃_設計原意_用戶需求_預期解決痛點_預期目標_功能表現_目的_定位_v2026.08.06-r1.md#COV-21/COV-21-TARGET,DOC-03#DOC-03-H01,WP-02,RBWI-02,"CA-04,CA-05,CA-06",SPEC-009,ACC-009,UNBOUND_PENDING_WAVE_03_PLUS,fixtures/requirements/req-165-source-packet-change-evidence-human-.yaml,"evidence/requirements/req-165/{input,measurement,negative,checker,rollback}.json",COMPILED_NOT_IMPLEMENTED
REQ-166,PREDEV,HG-KSEOS_實作前開發文檔包_必須涵蓋的設計規劃_設計原意_用戶需求_預期解決痛點_預期目標_功能表現_目的_定位_v2026.08.06-r1.md#COV-21/COV-21-FUNCTION,DOC-03#DOC-03-H01,WP-02,RBWI-02,"CA-04,CA-05,CA-06",SPEC-009,ACC-009,UNBOUND_PENDING_WAVE_03_PLUS,fixtures/requirements/req-166-setup-doctor-readback-versions-lock-.yaml,"evidence/requirements/req-166/{input,measurement,negative,checker,rollback}.json",COMPILED_NOT_IMPLEMENTED
REQ-167,PREDEV,HG-KSEOS_實作前開發文檔包_必須涵蓋的設計規劃_設計原意_用戶需求_預期解決痛點_預期目標_功能表現_目的_定位_v2026.08.06-r1.md#COV-21/COV-21-PURPOSE,DOC-03#DOC-03-H01,WP-02,RBWI-02,"CA-04,CA-05,CA-06",SPEC-009,ACC-009,UNBOUND_PENDING_WAVE_03_PLUS,fixtures/requirements/req-167-agent-os.yaml,"evidence/requirements/req-167/{input,measurement,negative,checker,rollback}.json",COMPILED_NOT_IMPLEMENTED
REQ-168,PREDEV,HG-KSEOS_實作前開發文檔包_必須涵蓋的設計規劃_設計原意_用戶需求_預期解決痛點_預期目標_功能表現_目的_定位_v2026.08.06-r1.md#COV-21/COV-21-POSITION,DOC-03#DOC-03-H02,WP-02,RBWI-02,"CA-04,CA-05,CA-06",SPEC-009,ACC-009,UNBOUND_PENDING_WAVE_03_PLUS,fixtures/requirements/req-168-windows-native-p0-deployment-profile.yaml,"evidence/requirements/req-168/{input,measurement,negative,checker,rollback}.json",COMPILED_NOT_IMPLEMENTED
REQ-169,PREDEV,HG-KSEOS_實作前開發文檔包_必須涵蓋的設計規劃_設計原意_用戶需求_預期解決痛點_預期目標_功能表現_目的_定位_v2026.08.06-r1.md#COV-22/COV-22-PLAN,DOC-03#DOC-03-H04,WP-02,RBWI-02,"CA-04,CA-05,CA-06",SPEC-009,ACC-009,UNBOUND_PENDING_WAVE_03_PLUS,fixtures/requirements/req-169-threat-model-data-classification-ide.yaml,"evidence/requirements/req-169/{input,measurement,negative,checker,rollback}.json",COMPILED_NOT_IMPLEMENTED
REQ-170,PREDEV,HG-KSEOS_實作前開發文檔包_必須涵蓋的設計規劃_設計原意_用戶需求_預期解決痛點_預期目標_功能表現_目的_定位_v2026.08.06-r1.md#COV-22/COV-22-INTENT,DOC-03#DOC-03-H01,WP-02,RBWI-02,"CA-04,CA-05,CA-06",SPEC-009,ACC-009,UNBOUND_PENDING_WAVE_03_PLUS,fixtures/requirements/req-170-action-fail-closed.yaml,"evidence/requirements/req-170/{input,measurement,negative,checker,rollback}.json",COMPILED_NOT_IMPLEMENTED
REQ-171,PREDEV,HG-KSEOS_實作前開發文檔包_必須涵蓋的設計規劃_設計原意_用戶需求_預期解決痛點_預期目標_功能表現_目的_定位_v2026.08.06-r1.md#COV-22/COV-22-NEED,DOC-03#DOC-03-H01,WP-02,RBWI-02,"CA-04,CA-05,CA-06",SPEC-009,ACC-009,UNBOUND_PENDING_WAVE_03_PLUS,fixtures/requirements/req-171-agent.yaml,"evidence/requirements/req-171/{input,measurement,negative,checker,rollback}.json",COMPILED_NOT_IMPLEMENTED
REQ-172,PREDEV,HG-KSEOS_實作前開發文檔包_必須涵蓋的設計規劃_設計原意_用戶需求_預期解決痛點_預期目標_功能表現_目的_定位_v2026.08.06-r1.md#COV-22/COV-22-PAIN,DOC-03#DOC-03-H01,WP-02,RBWI-02,"CA-04,CA-05,CA-06",SPEC-009,ACC-009,UNBOUND_PENDING_WAVE_03_PLUS,fixtures/requirements/req-172-secret-rag-agent.yaml,"evidence/requirements/req-172/{input,measurement,negative,checker,rollback}.json",COMPILED_NOT_IMPLEMENTED
REQ-173,PREDEV,HG-KSEOS_實作前開發文檔包_必須涵蓋的設計規劃_設計原意_用戶需求_預期解決痛點_預期目標_功能表現_目的_定位_v2026.08.06-r1.md#COV-22/COV-22-TARGET,DOC-03#DOC-03-H01,WP-02,RBWI-02,"CA-04,CA-05,CA-06",SPEC-009,ACC-009,UNBOUND_PENDING_WAVE_03_PLUS,fixtures/requirements/req-173-end-to-end-security-gate-least-privi.yaml,"evidence/requirements/req-173/{input,measurement,negative,checker,rollback}.json",COMPILED_NOT_IMPLEMENTED
REQ-174,PREDEV,HG-KSEOS_實作前開發文檔包_必須涵蓋的設計規劃_設計原意_用戶需求_預期解決痛點_預期目標_功能表現_目的_定位_v2026.08.06-r1.md#COV-22/COV-22-FUNCTION,DOC-03#DOC-03-H01,WP-02,RBWI-02,"CA-04,CA-05,CA-06",SPEC-009,ACC-009,UNBOUND_PENDING_WAVE_03_PLUS,fixtures/requirements/req-174-securityreview-envelope-approvaltoke.yaml,"evidence/requirements/req-174/{input,measurement,negative,checker,rollback}.json",COMPILED_NOT_IMPLEMENTED
REQ-175,PREDEV,HG-KSEOS_實作前開發文檔包_必須涵蓋的設計規劃_設計原意_用戶需求_預期解決痛點_預期目標_功能表現_目的_定位_v2026.08.06-r1.md#COV-22/COV-22-PURPOSE,DOC-03#DOC-03-H01,WP-02,RBWI-02,"CA-04,CA-05,CA-06",SPEC-009,ACC-009,UNBOUND_PENDING_WAVE_03_PLUS,fixtures/requirements/req-175-artifact.yaml,"evidence/requirements/req-175/{input,measurement,negative,checker,rollback}.json",COMPILED_NOT_IMPLEMENTED
REQ-176,PREDEV,HG-KSEOS_實作前開發文檔包_必須涵蓋的設計規劃_設計原意_用戶需求_預期解決痛點_預期目標_功能表現_目的_定位_v2026.08.06-r1.md#COV-22/COV-22-POSITION,DOC-03#DOC-03-H05,WP-02,RBWI-02,"CA-04,CA-05,CA-06",SPEC-011,ACC-011,UNBOUND_PENDING_WAVE_03_PLUS,fixtures/requirements/req-176-security-owner-veto-agent-gate-artif.yaml,"evidence/requirements/req-176/{input,measurement,negative,checker,rollback}.json",COMPILED_NOT_IMPLEMENTED
REQ-177,PREDEV,HG-KSEOS_實作前開發文檔包_必須涵蓋的設計規劃_設計原意_用戶需求_預期解決痛點_預期目標_功能表現_目的_定位_v2026.08.06-r1.md#COV-23/COV-23-PLAN,DOC-21#DOC-21-H05,WP-18,RBWI-12,"CA-22,CA-23,CA-25,CA-27",SPEC-074,ACC-074,UNBOUND_PENDING_WAVE_03_PLUS,fixtures/requirements/req-177-golden-negative-edge-adversarial-leg.yaml,"evidence/requirements/req-177/{input,measurement,negative,checker,rollback}.json",COMPILED_NOT_IMPLEMENTED
REQ-178,PREDEV,HG-KSEOS_實作前開發文檔包_必須涵蓋的設計規劃_設計原意_用戶需求_預期解決痛點_預期目標_功能表現_目的_定位_v2026.08.06-r1.md#COV-23/COV-23-INTENT,DOC-21#DOC-21-H01,WP-18,RBWI-12,"CA-22,CA-23,CA-25,CA-27",SPEC-046,ACC-046,UNBOUND_PENDING_WAVE_03_PLUS,fixtures/requirements/req-178-false-pass.yaml,"evidence/requirements/req-178/{input,measurement,negative,checker,rollback}.json",COMPILED_NOT_IMPLEMENTED
REQ-179,PREDEV,HG-KSEOS_實作前開發文檔包_必須涵蓋的設計規劃_設計原意_用戶需求_預期解決痛點_預期目標_功能表現_目的_定位_v2026.08.06-r1.md#COV-23/COV-23-NEED,DOC-21#DOC-21-H01,WP-18,RBWI-12,"CA-22,CA-23,CA-25,CA-27",SPEC-046,ACC-046,UNBOUND_PENDING_WAVE_03_PLUS,fixtures/requirements/req-179-rag-agent-release.yaml,"evidence/requirements/req-179/{input,measurement,negative,checker,rollback}.json",COMPILED_NOT_IMPLEMENTED
REQ-180,PREDEV,HG-KSEOS_實作前開發文檔包_必須涵蓋的設計規劃_設計原意_用戶需求_預期解決痛點_預期目標_功能表現_目的_定位_v2026.08.06-r1.md#COV-23/COV-23-PAIN,DOC-21#DOC-21-H01,WP-18,RBWI-12,"CA-22,CA-23,CA-25,CA-27",SPEC-074,ACC-074,UNBOUND_PENDING_WAVE_03_PLUS,fixtures/requirements/req-180-pass-happy-path-llm-expected-anchor-.yaml,"evidence/requirements/req-180/{input,measurement,negative,checker,rollback}.json",COMPILED_NOT_IMPLEMENTED
REQ-181,PREDEV,HG-KSEOS_實作前開發文檔包_必須涵蓋的設計規劃_設計原意_用戶需求_預期解決痛點_預期目標_功能表現_目的_定位_v2026.08.06-r1.md#COV-23/COV-23-TARGET,DOC-21#DOC-21-H01,WP-18,RBWI-12,"CA-22,CA-23,CA-25,CA-27",SPEC-046,ACC-046,UNBOUND_PENDING_WAVE_03_PLUS,fixtures/requirements/req-181-gate.yaml,"evidence/requirements/req-181/{input,measurement,negative,checker,rollback}.json",COMPILED_NOT_IMPLEMENTED
REQ-182,PREDEV,HG-KSEOS_實作前開發文檔包_必須涵蓋的設計規劃_設計原意_用戶需求_預期解決痛點_預期目標_功能表現_目的_定位_v2026.08.06-r1.md#COV-23/COV-23-FUNCTION,DOC-21#DOC-21-H07,WP-18,RBWI-12,"CA-22,CA-23,CA-25,CA-27",SPEC-046,ACC-046,UNBOUND_PENDING_WAVE_03_PLUS,fixtures/requirements/req-182-testmatrix-checkrun-goldenset-mutati.yaml,"evidence/requirements/req-182/{input,measurement,negative,checker,rollback}.json",COMPILED_NOT_IMPLEMENTED
REQ-183,PREDEV,HG-KSEOS_實作前開發文檔包_必須涵蓋的設計規劃_設計原意_用戶需求_預期解決痛點_預期目標_功能表現_目的_定位_v2026.08.06-r1.md#COV-23/COV-23-PURPOSE,DOC-21#DOC-21-H01,WP-18,RBWI-12,"CA-22,CA-23,CA-25,CA-27",SPEC-046,ACC-046,UNBOUND_PENDING_WAVE_03_PLUS,fixtures/requirements/req-183-acceptance-release-replacement.yaml,"evidence/requirements/req-183/{input,measurement,negative,checker,rollback}.json",COMPILED_NOT_IMPLEMENTED
REQ-184,PREDEV,HG-KSEOS_實作前開發文檔包_必須涵蓋的設計規劃_設計原意_用戶需求_預期解決痛點_預期目標_功能表現_目的_定位_v2026.08.06-r1.md#COV-23/COV-23-POSITION,DOC-21#DOC-21-H09,WP-18,RBWI-12,"CA-22,CA-23,CA-25,CA-27",SPEC-046,ACC-046,UNBOUND_PENDING_WAVE_03_PLUS,fixtures/requirements/req-184-eval-independent-assurance-plane-pro.yaml,"evidence/requirements/req-184/{input,measurement,negative,checker,rollback}.json",COMPILED_NOT_IMPLEMENTED
REQ-185,PREDEV,HG-KSEOS_實作前開發文檔包_必須涵蓋的設計規劃_設計原意_用戶需求_預期解決痛點_預期目標_功能表現_目的_定位_v2026.08.06-r1.md#COV-24/COV-24-PLAN,DOC-23#DOC-23-H01,WP-20,RBWI-14,"CA-25,CA-26,CA-27,CA-30",SPEC-085,ACC-085,UNBOUND_PENDING_WAVE_03_PLUS,fixtures/requirements/req-185-evidence-schema-claim-evidence-mappi.yaml,"evidence/requirements/req-185/{input,measurement,negative,checker,rollback}.json",COMPILED_NOT_IMPLEMENTED
REQ-186,PREDEV,HG-KSEOS_實作前開發文檔包_必須涵蓋的設計規劃_設計原意_用戶需求_預期解決痛點_預期目標_功能表現_目的_定位_v2026.08.06-r1.md#COV-24/COV-24-INTENT,DOC-23#DOC-23-H01,WP-20,RBWI-14,"CA-25,CA-26,CA-27,CA-30",SPEC-081,ACC-081,UNBOUND_PENDING_WAVE_03_PLUS,fixtures/requirements/req-186-artifact.yaml,"evidence/requirements/req-186/{input,measurement,negative,checker,rollback}.json",COMPILED_NOT_IMPLEMENTED
REQ-187,PREDEV,HG-KSEOS_實作前開發文檔包_必須涵蓋的設計規劃_設計原意_用戶需求_預期解決痛點_預期目標_功能表現_目的_定位_v2026.08.06-r1.md#COV-24/COV-24-NEED,DOC-23#DOC-23-H01,WP-20,RBWI-14,"CA-25,CA-26,CA-27,CA-30",SPEC-080,ACC-080,UNBOUND_PENDING_WAVE_03_PLUS,fixtures/requirements/req-187-rollback.yaml,"evidence/requirements/req-187/{input,measurement,negative,checker,rollback}.json",COMPILED_NOT_IMPLEMENTED
REQ-188,PREDEV,HG-KSEOS_實作前開發文檔包_必須涵蓋的設計規劃_設計原意_用戶需求_預期解決痛點_預期目標_功能表現_目的_定位_v2026.08.06-r1.md#COV-24/COV-24-PAIN,DOC-23#DOC-23-H01,WP-20,RBWI-14,"CA-25,CA-26,CA-27,CA-30",SPEC-085,ACC-085,UNBOUND_PENDING_WAVE_03_PLUS,fixtures/requirements/req-188-local-file-ci-production-evidence-re.yaml,"evidence/requirements/req-188/{input,measurement,negative,checker,rollback}.json",COMPILED_NOT_IMPLEMENTED
REQ-189,PREDEV,HG-KSEOS_實作前開發文檔包_必須涵蓋的設計規劃_設計原意_用戶需求_預期解決痛點_預期目標_功能表現_目的_定位_v2026.08.06-r1.md#COV-24/COV-24-TARGET,DOC-23#DOC-23-H01,WP-20,RBWI-14,"CA-25,CA-26,CA-27,CA-30",SPEC-080,ACC-080,UNBOUND_PENDING_WAVE_03_PLUS,fixtures/requirements/req-189-artifact.yaml,"evidence/requirements/req-189/{input,measurement,negative,checker,rollback}.json",COMPILED_NOT_IMPLEMENTED
REQ-190,PREDEV,HG-KSEOS_實作前開發文檔包_必須涵蓋的設計規劃_設計原意_用戶需求_預期解決痛點_預期目標_功能表現_目的_定位_v2026.08.06-r1.md#COV-24/COV-24-FUNCTION,DOC-23#DOC-23-H01,WP-20,RBWI-14,"CA-25,CA-26,CA-27,CA-30",SPEC-079,ACC-079,UNBOUND_PENDING_WAVE_03_PLUS,fixtures/requirements/req-190-evidenceenvelope-releasechecklist-de.yaml,"evidence/requirements/req-190/{input,measurement,negative,checker,rollback}.json",COMPILED_NOT_IMPLEMENTED
REQ-191,PREDEV,HG-KSEOS_實作前開發文檔包_必須涵蓋的設計規劃_設計原意_用戶需求_預期解決痛點_預期目標_功能表現_目的_定位_v2026.08.06-r1.md#COV-24/COV-24-PURPOSE,DOC-23#DOC-23-H01,WP-20,RBWI-14,"CA-25,CA-26,CA-27,CA-30",SPEC-079,ACC-079,UNBOUND_PENDING_WAVE_03_PLUS,fixtures/requirements/req-191-operational-safety-false-pass.yaml,"evidence/requirements/req-191/{input,measurement,negative,checker,rollback}.json",COMPILED_NOT_IMPLEMENTED
REQ-192,PREDEV,HG-KSEOS_實作前開發文檔包_必須涵蓋的設計規劃_設計原意_用戶需求_預期解決痛點_預期目標_功能表現_目的_定位_v2026.08.06-r1.md#COV-24/COV-24-POSITION,DOC-23#DOC-23-H01,WP-20,RBWI-14,"CA-25,CA-26,CA-27,CA-30",SPEC-085,ACC-085,UNBOUND_PENDING_WAVE_03_PLUS,fixtures/requirements/req-192-releasereducer-human-authority-evide.yaml,"evidence/requirements/req-192/{input,measurement,negative,checker,rollback}.json",COMPILED_NOT_IMPLEMENTED
REQ-193,PREDEV,HG-KSEOS_實作前開發文檔包_必須涵蓋的設計規劃_設計原意_用戶需求_預期解決痛點_預期目標_功能表現_目的_定位_v2026.08.06-r1.md#COV-25/COV-25-PLAN,DOC-22#DOC-22-H03,WP-19,RBWI-14,"CA-24,CA-25,CA-27",SPEC-077,ACC-077,UNBOUND_PENDING_WAVE_03_PLUS,fixtures/requirements/req-193-trace-log-metric-event-schema-sli-sl.yaml,"evidence/requirements/req-193/{input,measurement,negative,checker,rollback}.json",COMPILED_NOT_IMPLEMENTED
REQ-194,PREDEV,HG-KSEOS_實作前開發文檔包_必須涵蓋的設計規劃_設計原意_用戶需求_預期解決痛點_預期目標_功能表現_目的_定位_v2026.08.06-r1.md#COV-25/COV-25-INTENT,DOC-22#DOC-22-H01,WP-19,RBWI-14,"CA-24,CA-25,CA-27",SPEC-077,ACC-077,UNBOUND_PENDING_WAVE_03_PLUS,fixtures/requirements/req-194-artifact.yaml,"evidence/requirements/req-194/{input,measurement,negative,checker,rollback}.json",COMPILED_NOT_IMPLEMENTED
REQ-195,PREDEV,HG-KSEOS_實作前開發文檔包_必須涵蓋的設計規劃_設計原意_用戶需求_預期解決痛點_預期目標_功能表現_目的_定位_v2026.08.06-r1.md#COV-25/COV-25-NEED,DOC-22#DOC-22-H01,WP-19,RBWI-14,"CA-24,CA-25,CA-27",SPEC-077,ACC-077,UNBOUND_PENDING_WAVE_03_PLUS,fixtures/requirements/req-195-artifact.yaml,"evidence/requirements/req-195/{input,measurement,negative,checker,rollback}.json",COMPILED_NOT_IMPLEMENTED
REQ-196,PREDEV,HG-KSEOS_實作前開發文檔包_必須涵蓋的設計規劃_設計原意_用戶需求_預期解決痛點_預期目標_功能表現_目的_定位_v2026.08.06-r1.md#COV-25/COV-25-PAIN,DOC-22#DOC-22-H07,WP-19,RBWI-14,"CA-24,CA-25,CA-27",SPEC-077,ACC-077,UNBOUND_PENDING_WAVE_03_PLUS,fixtures/requirements/req-196-agent-log-incident-owner-resource-ta.yaml,"evidence/requirements/req-196/{input,measurement,negative,checker,rollback}.json",COMPILED_NOT_IMPLEMENTED
REQ-197,PREDEV,HG-KSEOS_實作前開發文檔包_必須涵蓋的設計規劃_設計原意_用戶需求_預期解決痛點_預期目標_功能表現_目的_定位_v2026.08.06-r1.md#COV-25/COV-25-TARGET,DOC-22#DOC-22-H01,WP-19,RBWI-14,"CA-24,CA-25,CA-27",SPEC-077,ACC-077,UNBOUND_PENDING_WAVE_03_PLUS,fixtures/requirements/req-197-reliability-cost-capacity-baseline-p.yaml,"evidence/requirements/req-197/{input,measurement,negative,checker,rollback}.json",COMPILED_NOT_IMPLEMENTED
REQ-198,PREDEV,HG-KSEOS_實作前開發文檔包_必須涵蓋的設計規劃_設計原意_用戶需求_預期解決痛點_預期目標_功能表現_目的_定位_v2026.08.06-r1.md#COV-25/COV-25-FUNCTION,DOC-22#DOC-22-H08,WP-19,RBWI-14,"CA-24,CA-25,CA-27",SPEC-078,ACC-078,UNBOUND_PENDING_WAVE_03_PLUS,fixtures/requirements/req-198-opentelemetry-style-traces-structure.yaml,"evidence/requirements/req-198/{input,measurement,negative,checker,rollback}.json",COMPILED_NOT_IMPLEMENTED
REQ-199,PREDEV,HG-KSEOS_實作前開發文檔包_必須涵蓋的設計規劃_設計原意_用戶需求_預期解決痛點_預期目標_功能表現_目的_定位_v2026.08.06-r1.md#COV-25/COV-25-PURPOSE,DOC-22#DOC-22-H01,WP-19,RBWI-14,"CA-24,CA-25,CA-27",SPEC-077,ACC-077,UNBOUND_PENDING_WAVE_03_PLUS,fixtures/requirements/req-199-production-like-production.yaml,"evidence/requirements/req-199/{input,measurement,negative,checker,rollback}.json",COMPILED_NOT_IMPLEMENTED
REQ-200,PREDEV,HG-KSEOS_實作前開發文檔包_必須涵蓋的設計規劃_設計原意_用戶需求_預期解決痛點_預期目標_功能表現_目的_定位_v2026.08.06-r1.md#COV-25/COV-25-POSITION,DOC-22#DOC-22-H01,WP-19,RBWI-14,"CA-24,CA-25,CA-27",SPEC-077,ACC-077,UNBOUND_PENDING_WAVE_03_PLUS,fixtures/requirements/req-200-observability-evidence-advisory-reme.yaml,"evidence/requirements/req-200/{input,measurement,negative,checker,rollback}.json",COMPILED_NOT_IMPLEMENTED
REQ-201,PREDEV,HG-KSEOS_實作前開發文檔包_必須涵蓋的設計規劃_設計原意_用戶需求_預期解決痛點_預期目標_功能表現_目的_定位_v2026.08.06-r1.md#COV-26/COV-26-PLAN,DOC-25#DOC-25-H01,WP-21,RBWI-17,"CA-05,CA-22,CA-28,CA-30",SPEC-087,ACC-087,UNBOUND_PENDING_WAVE_03_PLUS,fixtures/requirements/req-201-preserve-rebase-translate-merge-spli.yaml,"evidence/requirements/req-201/{input,measurement,negative,checker,rollback}.json",COMPILED_NOT_IMPLEMENTED
REQ-202,PREDEV,HG-KSEOS_實作前開發文檔包_必須涵蓋的設計規劃_設計原意_用戶需求_預期解決痛點_預期目標_功能表現_目的_定位_v2026.08.06-r1.md#COV-26/COV-26-INTENT,DOC-25#DOC-25-H01,WP-21,RBWI-17,"CA-05,CA-22,CA-28,CA-30",SPEC-086,ACC-086,UNBOUND_PENDING_WAVE_03_PLUS,fixtures/requirements/req-202-ssot-runtime-conflation-clone.yaml,"evidence/requirements/req-202/{input,measurement,negative,checker,rollback}.json",COMPILED_NOT_IMPLEMENTED
REQ-203,PREDEV,HG-KSEOS_實作前開發文檔包_必須涵蓋的設計規劃_設計原意_用戶需求_預期解決痛點_預期目標_功能表現_目的_定位_v2026.08.06-r1.md#COV-26/COV-26-NEED,DOC-25#DOC-25-H01,WP-21,RBWI-17,"CA-05,CA-22,CA-28,CA-30",SPEC-086,ACC-086,UNBOUND_PENDING_WAVE_03_PLUS,fixtures/requirements/req-203-artifact.yaml,"evidence/requirements/req-203/{input,measurement,negative,checker,rollback}.json",COMPILED_NOT_IMPLEMENTED
REQ-204,PREDEV,HG-KSEOS_實作前開發文檔包_必須涵蓋的設計規劃_設計原意_用戶需求_預期解決痛點_預期目標_功能表現_目的_定位_v2026.08.06-r1.md#COV-26/COV-26-PAIN,DOC-25#DOC-25-H01,WP-21,RBWI-17,"CA-05,CA-22,CA-28,CA-30",SPEC-087,ACC-087,UNBOUND_PENDING_WAVE_03_PLUS,fixtures/requirements/req-204-contract-alias-migration.yaml,"evidence/requirements/req-204/{input,measurement,negative,checker,rollback}.json",COMPILED_NOT_IMPLEMENTED
REQ-205,PREDEV,HG-KSEOS_實作前開發文檔包_必須涵蓋的設計規劃_設計原意_用戶需求_預期解決痛點_預期目標_功能表現_目的_定位_v2026.08.06-r1.md#COV-26/COV-26-TARGET,DOC-25#DOC-25-H01,WP-21,RBWI-17,"CA-05,CA-22,CA-28,CA-30",SPEC-087,ACC-087,UNBOUND_PENDING_WAVE_03_PLUS,fixtures/requirements/req-205-replacement-evidence.yaml,"evidence/requirements/req-205/{input,measurement,negative,checker,rollback}.json",COMPILED_NOT_IMPLEMENTED
REQ-206,PREDEV,HG-KSEOS_實作前開發文檔包_必須涵蓋的設計規劃_設計原意_用戶需求_預期解決痛點_預期目標_功能表現_目的_定位_v2026.08.06-r1.md#COV-26/COV-26-FUNCTION,DOC-25#DOC-25-H01,WP-21,RBWI-17,"CA-05,CA-22,CA-28,CA-30",SPEC-087,ACC-087,UNBOUND_PENDING_WAVE_03_PLUS,fixtures/requirements/req-206-crosswalk-diff-coverage-compatibilit.yaml,"evidence/requirements/req-206/{input,measurement,negative,checker,rollback}.json",COMPILED_NOT_IMPLEMENTED
REQ-207,PREDEV,HG-KSEOS_實作前開發文檔包_必須涵蓋的設計規劃_設計原意_用戶需求_預期解決痛點_預期目標_功能表現_目的_定位_v2026.08.06-r1.md#COV-26/COV-26-PURPOSE,DOC-25#DOC-25-H01,WP-21,RBWI-17,"CA-05,CA-22,CA-28,CA-30",SPEC-086,ACC-086,UNBOUND_PENDING_WAVE_03_PLUS,fixtures/requirements/req-207-hg-kseos-native.yaml,"evidence/requirements/req-207/{input,measurement,negative,checker,rollback}.json",COMPILED_NOT_IMPLEMENTED
REQ-208,PREDEV,HG-KSEOS_實作前開發文檔包_必須涵蓋的設計規劃_設計原意_用戶需求_預期解決痛點_預期目標_功能表現_目的_定位_v2026.08.06-r1.md#COV-26/COV-26-POSITION,DOC-25#DOC-25-H01,WP-21,RBWI-17,"CA-05,CA-22,CA-28,CA-30",SPEC-086,ACC-086,UNBOUND_PENDING_WAVE_03_PLUS,fixtures/requirements/req-208-root-hg-kseos-carrier-p0-cip-project.yaml,"evidence/requirements/req-208/{input,measurement,negative,checker,rollback}.json",COMPILED_NOT_IMPLEMENTED
REQ-209,PREDEV,HG-KSEOS_實作前開發文檔包_必須涵蓋的設計規劃_設計原意_用戶需求_預期解決痛點_預期目標_功能表現_目的_定位_v2026.08.06-r1.md#COV-27/COV-27-PLAN,DOC-26#DOC-26-H02,WP-22,RBWI-16,"CA-10,CA-23,CA-29,CA-30",SPEC-090,ACC-090,UNBOUND_PENDING_WAVE_03_PLUS,fixtures/requirements/req-209-route-out-decision-tree-implementati.yaml,"evidence/requirements/req-209/{input,measurement,negative,checker,rollback}.json",COMPILED_NOT_IMPLEMENTED
REQ-210,PREDEV,HG-KSEOS_實作前開發文檔包_必須涵蓋的設計規劃_設計原意_用戶需求_預期解決痛點_預期目標_功能表現_目的_定位_v2026.08.06-r1.md#COV-27/COV-27-INTENT,DOC-26#DOC-26-H01,WP-22,RBWI-16,"CA-10,CA-23,CA-29,CA-30",SPEC-089,ACC-089,UNBOUND_PENDING_WAVE_03_PLUS,fixtures/requirements/req-210-gpt-a-repo-runtime.yaml,"evidence/requirements/req-210/{input,measurement,negative,checker,rollback}.json",COMPILED_NOT_IMPLEMENTED
REQ-211,PREDEV,HG-KSEOS_實作前開發文檔包_必須涵蓋的設計規劃_設計原意_用戶需求_預期解決痛點_預期目標_功能表現_目的_定位_v2026.08.06-r1.md#COV-27/COV-27-NEED,DOC-26#DOC-26-H01,WP-22,RBWI-16,"CA-10,CA-23,CA-29,CA-30",SPEC-089,ACC-089,UNBOUND_PENDING_WAVE_03_PLUS,fixtures/requirements/req-211-ai.yaml,"evidence/requirements/req-211/{input,measurement,negative,checker,rollback}.json",COMPILED_NOT_IMPLEMENTED
REQ-212,PREDEV,HG-KSEOS_實作前開發文檔包_必須涵蓋的設計規劃_設計原意_用戶需求_預期解決痛點_預期目標_功能表現_目的_定位_v2026.08.06-r1.md#COV-27/COV-27-PAIN,DOC-26#DOC-26-H06,WP-22,RBWI-16,"CA-10,CA-23,CA-29,CA-30",SPEC-090,ACC-090,UNBOUND_PENDING_WAVE_03_PLUS,fixtures/requirements/req-212-orochi-owner-gate-gpt-a-evidence.yaml,"evidence/requirements/req-212/{input,measurement,negative,checker,rollback}.json",COMPILED_NOT_IMPLEMENTED
REQ-213,PREDEV,HG-KSEOS_實作前開發文檔包_必須涵蓋的設計規劃_設計原意_用戶需求_預期解決痛點_預期目標_功能表現_目的_定位_v2026.08.06-r1.md#COV-27/COV-27-TARGET,DOC-26#DOC-26-H01,WP-22,RBWI-16,"CA-10,CA-23,CA-29,CA-30",SPEC-089,ACC-089,UNBOUND_PENDING_WAVE_03_PLUS,fixtures/requirements/req-213-agent-contract.yaml,"evidence/requirements/req-213/{input,measurement,negative,checker,rollback}.json",COMPILED_NOT_IMPLEMENTED
REQ-214,PREDEV,HG-KSEOS_實作前開發文檔包_必須涵蓋的設計規劃_設計原意_用戶需求_預期解決痛點_預期目標_功能表現_目的_定位_v2026.08.06-r1.md#COV-27/COV-27-FUNCTION,DOC-26#DOC-26-H05,WP-22,RBWI-16,"CA-10,CA-23,CA-29,CA-30",SPEC-089,ACC-089,UNBOUND_PENDING_WAVE_03_PLUS,fixtures/requirements/req-214-actor-boundary-matrix-handoff-schema.yaml,"evidence/requirements/req-214/{input,measurement,negative,checker,rollback}.json",COMPILED_NOT_IMPLEMENTED
REQ-215,PREDEV,HG-KSEOS_實作前開發文檔包_必須涵蓋的設計規劃_設計原意_用戶需求_預期解決痛點_預期目標_功能表現_目的_定位_v2026.08.06-r1.md#COV-27/COV-27-PURPOSE,DOC-26#DOC-26-H01,WP-22,RBWI-16,"CA-10,CA-23,CA-29,CA-30",SPEC-089,ACC-089,UNBOUND_PENDING_WAVE_03_PLUS,fixtures/requirements/req-215-gpts-only-runtime.yaml,"evidence/requirements/req-215/{input,measurement,negative,checker,rollback}.json",COMPILED_NOT_IMPLEMENTED
REQ-216,PREDEV,HG-KSEOS_實作前開發文檔包_必須涵蓋的設計規劃_設計原意_用戶需求_預期解決痛點_預期目標_功能表現_目的_定位_v2026.08.06-r1.md#COV-27/COV-27-POSITION,DOC-26#DOC-26-H03,WP-22,RBWI-16,"CA-10,CA-23,CA-29,CA-30",SPEC-089,ACC-089,UNBOUND_PENDING_WAVE_03_PLUS,fixtures/requirements/req-216-handoff-packet-execution-evidence-ex.yaml,"evidence/requirements/req-216/{input,measurement,negative,checker,rollback}.json",COMPILED_NOT_IMPLEMENTED
REQ-217,PREDEV,HG-KSEOS_實作前開發文檔包_必須涵蓋的設計規劃_設計原意_用戶需求_預期解決痛點_預期目標_功能表現_目的_定位_v2026.08.06-r1.md#COV-28/COV-28-PLAN,DOC-00#DOC-00-H05,"WP-00,WP-23","RBWI-00,RBWI-15,RBWI-16","CA-01,CA-02,CA-05,CA-25,CA-26,CA-27,CA-29,CA-30",SPEC-001,ACC-001,UNBOUND_PENDING_WAVE_03_PLUS,fixtures/requirements/req-217-reader-contract-authority-source-loc.yaml,"evidence/requirements/req-217/{input,measurement,negative,checker,rollback}.json",COMPILED_NOT_IMPLEMENTED
REQ-218,PREDEV,HG-KSEOS_實作前開發文檔包_必須涵蓋的設計規劃_設計原意_用戶需求_預期解決痛點_預期目標_功能表現_目的_定位_v2026.08.06-r1.md#COV-28/COV-28-INTENT,DOC-00#DOC-00-H01,"WP-00,WP-23","RBWI-00,RBWI-15,RBWI-16","CA-01,CA-02,CA-05,CA-25,CA-26,CA-27,CA-29,CA-30",SPEC-003,ACC-003,UNBOUND_PENDING_WAVE_03_PLUS,fixtures/requirements/req-218-ai-readable-engineering-interface.yaml,"evidence/requirements/req-218/{input,measurement,negative,checker,rollback}.json",COMPILED_NOT_IMPLEMENTED
REQ-219,PREDEV,HG-KSEOS_實作前開發文檔包_必須涵蓋的設計規劃_設計原意_用戶需求_預期解決痛點_預期目標_功能表現_目的_定位_v2026.08.06-r1.md#COV-28/COV-28-NEED,DOC-00#DOC-00-H01,"WP-00,WP-23","RBWI-00,RBWI-15,RBWI-16","CA-01,CA-02,CA-05,CA-25,CA-26,CA-27,CA-29,CA-30",SPEC-001,ACC-001,UNBOUND_PENDING_WAVE_03_PLUS,fixtures/requirements/req-219-raw-volumes-anchor.yaml,"evidence/requirements/req-219/{input,measurement,negative,checker,rollback}.json",COMPILED_NOT_IMPLEMENTED
REQ-220,PREDEV,HG-KSEOS_實作前開發文檔包_必須涵蓋的設計規劃_設計原意_用戶需求_預期解決痛點_預期目標_功能表現_目的_定位_v2026.08.06-r1.md#COV-28/COV-28-PAIN,DOC-00#DOC-00-H01,"WP-00,WP-23","RBWI-00,RBWI-15,RBWI-16","CA-01,CA-02,CA-05,CA-25,CA-26,CA-27,CA-29,CA-30",SPEC-003,ACC-003,UNBOUND_PENDING_WAVE_03_PLUS,fixtures/requirements/req-220-source-volumes.yaml,"evidence/requirements/req-220/{input,measurement,negative,checker,rollback}.json",COMPILED_NOT_IMPLEMENTED
REQ-221,PREDEV,HG-KSEOS_實作前開發文檔包_必須涵蓋的設計規劃_設計原意_用戶需求_預期解決痛點_預期目標_功能表現_目的_定位_v2026.08.06-r1.md#COV-28/COV-28-TARGET,DOC-00#DOC-00-H01,"WP-00,WP-23","RBWI-00,RBWI-15,RBWI-16","CA-01,CA-02,CA-05,CA-25,CA-26,CA-27,CA-29,CA-30",SPEC-001,ACC-001,UNBOUND_PENDING_WAVE_03_PLUS,fixtures/requirements/req-221-nrtv-replacement-candidate-abstentio.yaml,"evidence/requirements/req-221/{input,measurement,negative,checker,rollback}.json",COMPILED_NOT_IMPLEMENTED
REQ-222,PREDEV,HG-KSEOS_實作前開發文檔包_必須涵蓋的設計規劃_設計原意_用戶需求_預期解決痛點_預期目標_功能表現_目的_定位_v2026.08.06-r1.md#COV-28/COV-28-FUNCTION,DOC-00#DOC-00-H02,"WP-00,WP-23","RBWI-00,RBWI-15,RBWI-16","CA-01,CA-02,CA-05,CA-25,CA-26,CA-27,CA-29,CA-30",SPEC-092,ACC-092,UNBOUND_PENDING_WAVE_03_PLUS,fixtures/requirements/req-222-anchor-first-router-glossary-stable-.yaml,"evidence/requirements/req-222/{input,measurement,negative,checker,rollback}.json",COMPILED_NOT_IMPLEMENTED
REQ-223,PREDEV,HG-KSEOS_實作前開發文檔包_必須涵蓋的設計規劃_設計原意_用戶需求_預期解決痛點_預期目標_功能表現_目的_定位_v2026.08.06-r1.md#COV-28/COV-28-PURPOSE,DOC-00#DOC-00-H01,"WP-00,WP-23","RBWI-00,RBWI-15,RBWI-16","CA-01,CA-02,CA-05,CA-25,CA-26,CA-27,CA-29,CA-30",SPEC-003,ACC-003,UNBOUND_PENDING_WAVE_03_PLUS,fixtures/requirements/req-223-60.yaml,"evidence/requirements/req-223/{input,measurement,negative,checker,rollback}.json",COMPILED_NOT_IMPLEMENTED
REQ-224,PREDEV,HG-KSEOS_實作前開發文檔包_必須涵蓋的設計規劃_設計原意_用戶需求_預期解決痛點_預期目標_功能表現_目的_定位_v2026.08.06-r1.md#COV-28/COV-28-POSITION,DOC-00#DOC-00-H04,"WP-00,WP-23","RBWI-00,RBWI-15,RBWI-16","CA-01,CA-02,CA-05,CA-25,CA-26,CA-27,CA-29,CA-30",SPEC-003,ACC-003,UNBOUND_PENDING_WAVE_03_PLUS,fixtures/requirements/req-224-canonical-pre-implementation-project.yaml,"evidence/requirements/req-224/{input,measurement,negative,checker,rollback}.json",COMPILED_NOT_IMPLEMENTED
REQ-225,PREDEV,HG-KSEOS_實作前開發文檔包_必須涵蓋的設計規劃_設計原意_用戶需求_預期解決痛點_預期目標_功能表現_目的_定位_v2026.08.06-r1.md#COV-29/COV-29-PLAN,DOC-16#DOC-16-H01,WP-13,RBWI-07,"CA-15,CA-16,CA-23,CA-27",SPEC-055,ACC-055,UNBOUND_PENDING_WAVE_03_PLUS,fixtures/requirements/req-225-capability-reuse-scout-fit-gap-adopt.yaml,"evidence/requirements/req-225/{input,measurement,negative,checker,rollback}.json",COMPILED_NOT_IMPLEMENTED
REQ-226,PREDEV,HG-KSEOS_實作前開發文檔包_必須涵蓋的設計規劃_設計原意_用戶需求_預期解決痛點_預期目標_功能表現_目的_定位_v2026.08.06-r1.md#COV-29/COV-29-INTENT,DOC-16#DOC-16-H01,WP-13,RBWI-07,"CA-15,CA-16,CA-23,CA-27",SPEC-096,ACC-096,UNBOUND_PENDING_WAVE_03_PLUS,fixtures/requirements/req-226-artifact.yaml,"evidence/requirements/req-226/{input,measurement,negative,checker,rollback}.json",COMPILED_NOT_IMPLEMENTED
REQ-227,PREDEV,HG-KSEOS_實作前開發文檔包_必須涵蓋的設計規劃_設計原意_用戶需求_預期解決痛點_預期目標_功能表現_目的_定位_v2026.08.06-r1.md#COV-29/COV-29-NEED,DOC-16#DOC-16-H02,WP-13,RBWI-07,"CA-15,CA-16,CA-23,CA-27",SPEC-056,ACC-056,UNBOUND_PENDING_WAVE_03_PLUS,fixtures/requirements/req-227-provider.yaml,"evidence/requirements/req-227/{input,measurement,negative,checker,rollback}.json",COMPILED_NOT_IMPLEMENTED
REQ-228,PREDEV,HG-KSEOS_實作前開發文檔包_必須涵蓋的設計規劃_設計原意_用戶需求_預期解決痛點_預期目標_功能表現_目的_定位_v2026.08.06-r1.md#COV-29/COV-29-PAIN,DOC-16#DOC-16-H01,WP-13,RBWI-07,"CA-15,CA-16,CA-23,CA-27",SPEC-055,ACC-055,UNBOUND_PENDING_WAVE_03_PLUS,fixtures/requirements/req-228-vector-kg-browser-memory-swarm-lock-.yaml,"evidence/requirements/req-228/{input,measurement,negative,checker,rollback}.json",COMPILED_NOT_IMPLEMENTED
REQ-229,PREDEV,HG-KSEOS_實作前開發文檔包_必須涵蓋的設計規劃_設計原意_用戶需求_預期解決痛點_預期目標_功能表現_目的_定位_v2026.08.06-r1.md#COV-29/COV-29-TARGET,DOC-16#DOC-16-H01,WP-13,RBWI-07,"CA-15,CA-16,CA-23,CA-27",SPEC-055,ACC-055,UNBOUND_PENDING_WAVE_03_PLUS,fixtures/requirements/req-229-p0-pain-metric-pilot-reversal.yaml,"evidence/requirements/req-229/{input,measurement,negative,checker,rollback}.json",COMPILED_NOT_IMPLEMENTED
REQ-230,PREDEV,HG-KSEOS_實作前開發文檔包_必須涵蓋的設計規劃_設計原意_用戶需求_預期解決痛點_預期目標_功能表現_目的_定位_v2026.08.06-r1.md#COV-29/COV-29-FUNCTION,DOC-16#DOC-16-H01,WP-13,RBWI-07,"CA-15,CA-16,CA-23,CA-27",SPEC-096,ACC-096,UNBOUND_PENDING_WAVE_03_PLUS,fixtures/requirements/req-230-minimal-profile-native-fallback-tool.yaml,"evidence/requirements/req-230/{input,measurement,negative,checker,rollback}.json",COMPILED_NOT_IMPLEMENTED
REQ-231,PREDEV,HG-KSEOS_實作前開發文檔包_必須涵蓋的設計規劃_設計原意_用戶需求_預期解決痛點_預期目標_功能表現_目的_定位_v2026.08.06-r1.md#COV-29/COV-29-PURPOSE,DOC-16#DOC-16-H01,WP-13,RBWI-07,"CA-15,CA-16,CA-23,CA-27",SPEC-096,ACC-096,UNBOUND_PENDING_WAVE_03_PLUS,fixtures/requirements/req-231-artifact.yaml,"evidence/requirements/req-231/{input,measurement,negative,checker,rollback}.json",COMPILED_NOT_IMPLEMENTED
REQ-232,PREDEV,HG-KSEOS_實作前開發文檔包_必須涵蓋的設計規劃_設計原意_用戶需求_預期解決痛點_預期目標_功能表現_目的_定位_v2026.08.06-r1.md#COV-29/COV-29-POSITION,DOC-16#DOC-16-H01,WP-13,RBWI-07,"CA-15,CA-16,CA-23,CA-27",SPEC-055,ACC-055,UNBOUND_PENDING_WAVE_03_PLUS,fixtures/requirements/req-232-contract-outcome.yaml,"evidence/requirements/req-232/{input,measurement,negative,checker,rollback}.json",COMPILED_NOT_IMPLEMENTED
REQ-233,PREDEV,HG-KSEOS_實作前開發文檔包_必須涵蓋的設計規劃_設計原意_用戶需求_預期解決痛點_預期目標_功能表現_目的_定位_v2026.08.06-r1.md#COV-30/COV-30-PLAN,DOC-21#DOC-21-H01,WP-18,RBWI-12,"CA-22,CA-23,CA-25,CA-27",SPEC-075,ACC-075,UNBOUND_PENDING_WAVE_03_PLUS,fixtures/requirements/req-233-statusreducer-allowed-transitions-cl.yaml,"evidence/requirements/req-233/{input,measurement,negative,checker,rollback}.json",COMPILED_NOT_IMPLEMENTED
REQ-234,PREDEV,HG-KSEOS_實作前開發文檔包_必須涵蓋的設計規劃_設計原意_用戶需求_預期解決痛點_預期目標_功能表現_目的_定位_v2026.08.06-r1.md#COV-30/COV-30-INTENT,DOC-21#DOC-21-H01,WP-18,RBWI-12,"CA-22,CA-23,CA-25,CA-27",SPEC-097,ACC-097,UNBOUND_PENDING_WAVE_03_PLUS,fixtures/requirements/req-234-pass.yaml,"evidence/requirements/req-234/{input,measurement,negative,checker,rollback}.json",COMPILED_NOT_IMPLEMENTED
REQ-235,PREDEV,HG-KSEOS_實作前開發文檔包_必須涵蓋的設計規劃_設計原意_用戶需求_預期解決痛點_預期目標_功能表現_目的_定位_v2026.08.06-r1.md#COV-30/COV-30-NEED,DOC-21#DOC-21-H01,WP-18,RBWI-12,"CA-22,CA-23,CA-25,CA-27",SPEC-046,ACC-046,UNBOUND_PENDING_WAVE_03_PLUS,fixtures/requirements/req-235-artifact.yaml,"evidence/requirements/req-235/{input,measurement,negative,checker,rollback}.json",COMPILED_NOT_IMPLEMENTED
REQ-236,PREDEV,HG-KSEOS_實作前開發文檔包_必須涵蓋的設計規劃_設計原意_用戶需求_預期解決痛點_預期目標_功能表現_目的_定位_v2026.08.06-r1.md#COV-30/COV-30-PAIN,DOC-21#DOC-21-H01,WP-18,RBWI-12,"CA-22,CA-23,CA-25,CA-27",SPEC-075,ACC-075,UNBOUND_PENDING_WAVE_03_PLUS,fixtures/requirements/req-236-readback-llm-runtime-tt-owner-close-.yaml,"evidence/requirements/req-236/{input,measurement,negative,checker,rollback}.json",COMPILED_NOT_IMPLEMENTED
REQ-237,PREDEV,HG-KSEOS_實作前開發文檔包_必須涵蓋的設計規劃_設計原意_用戶需求_預期解決痛點_預期目標_功能表現_目的_定位_v2026.08.06-r1.md#COV-30/COV-30-TARGET,DOC-21#DOC-21-H01,WP-18,RBWI-12,"CA-22,CA-23,CA-25,CA-27",SPEC-046,ACC-046,UNBOUND_PENDING_WAVE_03_PLUS,fixtures/requirements/req-237-false-production-replacement.yaml,"evidence/requirements/req-237/{input,measurement,negative,checker,rollback}.json",COMPILED_NOT_IMPLEMENTED
REQ-238,PREDEV,HG-KSEOS_實作前開發文檔包_必須涵蓋的設計規劃_設計原意_用戶需求_預期解決痛點_預期目標_功能表現_目的_定位_v2026.08.06-r1.md#COV-30/COV-30-FUNCTION,DOC-21#DOC-21-H01,WP-18,RBWI-12,"CA-22,CA-23,CA-25,CA-27",SPEC-097,ACC-097,UNBOUND_PENDING_WAVE_03_PLUS,fixtures/requirements/req-238-state-lattice-gate-rows-tt-cr-ledger.yaml,"evidence/requirements/req-238/{input,measurement,negative,checker,rollback}.json",COMPILED_NOT_IMPLEMENTED
REQ-239,PREDEV,HG-KSEOS_實作前開發文檔包_必須涵蓋的設計規劃_設計原意_用戶需求_預期解決痛點_預期目標_功能表現_目的_定位_v2026.08.06-r1.md#COV-30/COV-30-PURPOSE,DOC-21#DOC-21-H01,WP-18,RBWI-12,"CA-22,CA-23,CA-25,CA-27",SPEC-046,ACC-046,UNBOUND_PENDING_WAVE_03_PLUS,fixtures/requirements/req-239-hg-kseos.yaml,"evidence/requirements/req-239/{input,measurement,negative,checker,rollback}.json",COMPILED_NOT_IMPLEMENTED
REQ-240,PREDEV,HG-KSEOS_實作前開發文檔包_必須涵蓋的設計規劃_設計原意_用戶需求_預期解決痛點_預期目標_功能表現_目的_定位_v2026.08.06-r1.md#COV-30/COV-30-POSITION,DOC-21#DOC-21-H01,WP-18,RBWI-12,"CA-22,CA-23,CA-25,CA-27",SPEC-097,ACC-097,UNBOUND_PENDING_WAVE_03_PLUS,fixtures/requirements/req-240-tt-cr.yaml,"evidence/requirements/req-240/{input,measurement,negative,checker,rollback}.json",COMPILED_NOT_IMPLEMENTED
COV-01-01,P0,`SRC-00009～00012#5.1 Product Identity`,DOC-08#DOC-08-H01,WP-07,RBWI-08,"CA-03,CA-19,CA-20,CA-22",SPEC-038,ACC-038,UNBOUND_PENDING_WAVE_03_PLUS,`TST-012` / `GATE-07`,EvidenceEnvelope + source-bound positive/negative/boundary/adversarial receipts,COMPILED_NOT_IMPLEMENTED
COV-01-02,P0,`SRC-00009～00012#5.1；SRC-00025#3.1`,DOC-21#DOC-21-H01,WP-18,RBWI-12,"CA-22,CA-23,CA-25,CA-27",SPEC-046,ACC-046,UNBOUND_PENDING_WAVE_03_PLUS,"`TST-009, TST-041` / `GATE-16`",EvidenceEnvelope + source-bound positive/negative/boundary/adversarial receipts,COMPILED_NOT_IMPLEMENTED
COV-01-03,P0,`SRC-00009～00012#5.1/5.6`,DOC-04#DOC-04-H01,WP-03,RBWI-03,"CA-02,CA-07,CA-22",SPEC-014,ACC-014,UNBOUND_PENDING_WAVE_03_PLUS,"`TST-009, TST-012` / `GATE-01`",EvidenceEnvelope + source-bound positive/negative/boundary/adversarial receipts,COMPILED_NOT_IMPLEMENTED
COV-01-04,P0,`SRC-00034#3.1；SRC-00036#1.2；主軸稿#1.2`,DOC-03#DOC-03-H01,WP-02,RBWI-02,"CA-04,CA-05,CA-06",SPEC-009,ACC-009,UNBOUND_PENDING_WAVE_03_PLUS,"`TST-004, TST-010` / `GATE-02`",EvidenceEnvelope + source-bound positive/negative/boundary/adversarial receipts,COMPILED_NOT_IMPLEMENTED
COV-01-05,P0,`SRC-00040#2.1；SRC-00005～00008#4`,DOC-04#DOC-04-H01,WP-03,RBWI-03,"CA-02,CA-07,CA-22",SPEC-014,ACC-014,UNBOUND_PENDING_WAVE_03_PLUS,`TST-009` / `GATE-01`,EvidenceEnvelope + source-bound positive/negative/boundary/adversarial receipts,COMPILED_NOT_IMPLEMENTED
COV-01-06,P0,`SRC-00001～00004#2.1/2.3；SRC-00009～00012#5.1`,DOC-04#DOC-04-H01,WP-03,RBWI-03,"CA-02,CA-07,CA-22",SPEC-014,ACC-014,UNBOUND_PENDING_WAVE_03_PLUS,"`TST-009, TST-039` / `GATE-01`",EvidenceEnvelope + source-bound positive/negative/boundary/adversarial receipts,COMPILED_NOT_IMPLEMENTED
COV-01-07,P0,`使用者本輪明示需求；GPTA-KP03-R01～R08`,DOC-04#DOC-04-H01,WP-03,RBWI-03,"CA-02,CA-07,CA-22",SPEC-014,ACC-014,UNBOUND_PENDING_WAVE_03_PLUS,`TST-009` / `GATE-01`,EvidenceEnvelope + source-bound positive/negative/boundary/adversarial receipts,COMPILED_NOT_IMPLEMENTED
COV-02-01,P0,`SRC-00009～00012#5.3；SRC-00005～00008#4.4`,DOC-04#DOC-04-H01,WP-03,RBWI-03,"CA-02,CA-07,CA-22",SPEC-018,ACC-018,UNBOUND_PENDING_WAVE_03_PLUS,"`TST-009, TST-001, TST-048` / `GATE-01`",EvidenceEnvelope + source-bound positive/negative/boundary/adversarial receipts,COMPILED_NOT_IMPLEMENTED
COV-02-02,P0,`SRC-00009～00012#5.2；SRC-00033#1.2`,DOC-27#DOC-27-H05,WP-23,RBWI-16,"CA-25,CA-26,CA-29,CA-30",SPEC-095,ACC-095,UNBOUND_PENDING_WAVE_03_PLUS,"`TST-048, TST-013, TST-041` / `GATE-19`",EvidenceEnvelope + source-bound positive/negative/boundary/adversarial receipts,COMPILED_NOT_IMPLEMENTED
COV-02-03,P0,`SRC-00033#裁決A；SRC-00034#S1-01；SRC-00009～00012#5.3`,DOC-00#DOC-00-H01,"WP-00,WP-23","RBWI-00,RBWI-15,RBWI-16","CA-01,CA-02,CA-05,CA-25,CA-26,CA-27,CA-29,CA-30",SPEC-003,ACC-003,UNBOUND_PENDING_WAVE_03_PLUS,"`TST-001, TST-013, TST-017` / `GATE-00`",EvidenceEnvelope + source-bound positive/negative/boundary/adversarial receipts,COMPILED_NOT_IMPLEMENTED
COV-02-04,P0,`SRC-00009～00012#5.1/5.4；SRC-00023～00025`,DOC-18#DOC-18-H09,WP-15,RBWI-09,"CA-10,CA-17,CA-21,CA-22",SPEC-031,ACC-031,UNBOUND_PENDING_WAVE_03_PLUS,"`TST-027, TST-001, TST-009` / `GATE-09`",EvidenceEnvelope + source-bound positive/negative/boundary/adversarial receipts,COMPILED_NOT_IMPLEMENTED
COV-02-05,P0,`SRC-00001～00004#3.4；SRC-00005～00008#4.4`,DOC-27#DOC-27-H07,WP-23,RBWI-16,"CA-25,CA-26,CA-29,CA-30",SPEC-095,ACC-095,UNBOUND_PENDING_WAVE_03_PLUS,`TST-048` / `GATE-19`,EvidenceEnvelope + source-bound positive/negative/boundary/adversarial receipts,COMPILED_NOT_IMPLEMENTED
COV-02-06,P0,`SRC-00009～00012#5.2 Permission/Release invariants；DOC-07/08/14`,DOC-00#DOC-00-H06,"WP-00,WP-23","RBWI-00,RBWI-15,RBWI-16","CA-01,CA-02,CA-05,CA-25,CA-26,CA-27,CA-29,CA-30",SPEC-001,ACC-001,UNBOUND_PENDING_WAVE_03_PLUS,`TST-015` / `GATE-03`,EvidenceEnvelope + source-bound positive/negative/boundary/adversarial receipts,COMPILED_NOT_IMPLEMENTED
COV-02-07,P0,`KP01；主軸稿#1.1；SRC-00033～00036`,DOC-00#DOC-00-H10,"WP-00,WP-23","RBWI-00,RBWI-15,RBWI-16","CA-01,CA-02,CA-05,CA-25,CA-26,CA-27,CA-29,CA-30",SPEC-003,ACC-003,UNBOUND_PENDING_WAVE_03_PLUS,"`TST-001, TST-050, TST-002` / `GATE-00`",EvidenceEnvelope + source-bound positive/negative/boundary/adversarial receipts,COMPILED_NOT_IMPLEMENTED
COV-03-01,P0,`SRC-00005～00008#4.4；角色總表F01`,DOC-04#DOC-04-H01,WP-03,RBWI-03,"CA-02,CA-07,CA-22",SPEC-016,ACC-016,UNBOUND_PENDING_WAVE_03_PLUS,"`TST-009, TST-010, TST-048` / `GATE-01`",EvidenceEnvelope + source-bound positive/negative/boundary/adversarial receipts,COMPILED_NOT_IMPLEMENTED
COV-03-02,P0,`SRC-00037～00041`,DOC-27#DOC-27-H04,WP-23,RBWI-16,"CA-25,CA-26,CA-29,CA-30",SPEC-094,ACC-094,UNBOUND_PENDING_WAVE_03_PLUS,"`TST-010, TST-022, TST-049` / `GATE-19`",EvidenceEnvelope + source-bound positive/negative/boundary/adversarial receipts,COMPILED_NOT_IMPLEMENTED
COV-03-03,P0,`SRC-00001～00004#3/4；SRC-00017～00021`,DOC-04#DOC-04-H01,WP-03,RBWI-03,"CA-02,CA-07,CA-22",SPEC-014,ACC-014,UNBOUND_PENDING_WAVE_03_PLUS,"`TST-002, TST-003, TST-012` / `GATE-01`",EvidenceEnvelope + source-bound positive/negative/boundary/adversarial receipts,COMPILED_NOT_IMPLEMENTED
COV-03-04,P0,`SRC-00013～00016；SRC-00023～00025`,DOC-05#DOC-05-H03,WP-04,RBWI-04,"CA-06,CA-08,CA-09,CA-10,CA-29",SPEC-021,ACC-021,UNBOUND_PENDING_WAVE_03_PLUS,"`TST-024, TST-044, TST-047` / `GATE-08`",EvidenceEnvelope + source-bound positive/negative/boundary/adversarial receipts,COMPILED_NOT_IMPLEMENTED
COV-03-05,P0,`SRC-00005～00008；SRC-00041`,DOC-04#DOC-04-H01,WP-03,RBWI-03,"CA-02,CA-07,CA-22",SPEC-015,ACC-015,UNBOUND_PENDING_WAVE_03_PLUS,"`TST-010, TST-026, TST-040` / `GATE-01`",EvidenceEnvelope + source-bound positive/negative/boundary/adversarial receipts,COMPILED_NOT_IMPLEMENTED
COV-03-06,P0,`SRC-00001～00012；DOC-07/09/10/14`,DOC-00#DOC-00-H01,"WP-00,WP-23","RBWI-00,RBWI-15,RBWI-16","CA-01,CA-02,CA-05,CA-25,CA-26,CA-27,CA-29,CA-30",SPEC-095,ACC-095,UNBOUND_PENDING_WAVE_03_PLUS,"`TST-015, TST-034, TST-041` / `GATE-03`",EvidenceEnvelope + source-bound positive/negative/boundary/adversarial receipts,COMPILED_NOT_IMPLEMENTED
COV-03-07,P0,`SRC-00033～00036；SRU_OROCHI G0～G7；DOC-11～13`,DOC-26#DOC-26-H01,WP-22,RBWI-16,"CA-10,CA-23,CA-29,CA-30",SPEC-089,ACC-089,UNBOUND_PENDING_WAVE_03_PLUS,"`TST-016, TST-025, TST-041` / `GATE-17`",EvidenceEnvelope + source-bound positive/negative/boundary/adversarial receipts,COMPILED_NOT_IMPLEMENTED
COV-04-01,P0,`SRC-00014#Source Inventory/Coverage；SRC-00018#Stage1-5`,DOC-00#DOC-00-H01,"WP-00,WP-23","RBWI-00,RBWI-15,RBWI-16","CA-01,CA-02,CA-05,CA-25,CA-26,CA-27,CA-29,CA-30",SPEC-003,ACC-003,UNBOUND_PENDING_WAVE_03_PLUS,"`TST-002, TST-003` / `GATE-00`",EvidenceEnvelope + source-bound positive/negative/boundary/adversarial receipts,COMPILED_NOT_IMPLEMENTED
COV-04-02,P0,`SRC-00033～00036；KP02`,DOC-04#DOC-04-H01,WP-03,RBWI-03,"CA-02,CA-07,CA-22",SPEC-018,ACC-018,UNBOUND_PENDING_WAVE_03_PLUS,"`TST-006, TST-024, TST-047` / `GATE-01`",EvidenceEnvelope + source-bound positive/negative/boundary/adversarial receipts,COMPILED_NOT_IMPLEMENTED
COV-04-03,P0,`SRC-00026～00036；KP13`,DOC-04#DOC-04-H01,WP-03,RBWI-03,"CA-02,CA-07,CA-22",SPEC-014,ACC-014,UNBOUND_PENDING_WAVE_03_PLUS,"`TST-006, TST-007, TST-008` / `GATE-01`",EvidenceEnvelope + source-bound positive/negative/boundary/adversarial receipts,COMPILED_NOT_IMPLEMENTED
COV-04-04,P0,`SRC-00033#2.2；SRC-00034#S1-02；SRC-00038#2.2`,DOC-07#DOC-07-H02,WP-06,RBWI-07,"CA-15,CA-16,CA-17,CA-25",SPEC-034,ACC-034,UNBOUND_PENDING_WAVE_03_PLUS,"`TST-017, TST-027, TST-029` / `GATE-05`",EvidenceEnvelope + source-bound positive/negative/boundary/adversarial receipts,COMPILED_NOT_IMPLEMENTED
COV-04-05,P0,`SRC-00014#2-10；SRC-00001～00004#4`,DOC-00#DOC-00-H09,"WP-00,WP-23","RBWI-00,RBWI-15,RBWI-16","CA-01,CA-02,CA-05,CA-25,CA-26,CA-27,CA-29,CA-30",SPEC-094,ACC-094,UNBOUND_PENDING_WAVE_03_PLUS,`TST-002` / `GATE-00`,EvidenceEnvelope + source-bound positive/negative/boundary/adversarial receipts,COMPILED_NOT_IMPLEMENTED
COV-04-06,P0,`SRC-00015～00025；SRC-00038#2.2`,DOC-16#DOC-16-H02,WP-13,RBWI-07,"CA-15,CA-16,CA-23,CA-27",SPEC-056,ACC-056,UNBOUND_PENDING_WAVE_03_PLUS,`TST-037` / `GATE-12`,EvidenceEnvelope + source-bound positive/negative/boundary/adversarial receipts,COMPILED_NOT_IMPLEMENTED
COV-04-07,P0,`SRC-00005～00008；SRC-00041`,DOC-00#DOC-00-H01,"WP-00,WP-23","RBWI-00,RBWI-15,RBWI-16","CA-01,CA-02,CA-05,CA-25,CA-26,CA-27,CA-29,CA-30",SPEC-001,ACC-001,UNBOUND_PENDING_WAVE_03_PLUS,`TST-028` / `GATE-03`,EvidenceEnvelope + source-bound positive/negative/boundary/adversarial receipts,COMPILED_NOT_IMPLEMENTED
COV-04-08,P0,`SRC-00037～00041`,DOC-00#DOC-00-H01,"WP-00,WP-23","RBWI-00,RBWI-15,RBWI-16","CA-01,CA-02,CA-05,CA-25,CA-26,CA-27,CA-29,CA-30",SPEC-094,ACC-094,UNBOUND_PENDING_WAVE_03_PLUS,`TST-005` / `GATE-00`,EvidenceEnvelope + source-bound positive/negative/boundary/adversarial receipts,COMPILED_NOT_IMPLEMENTED
COV-04-09,P0,`SRC-00009～00012；DOC-09/10/14；KP10/KP14`,DOC-27#DOC-27-H01,WP-23,RBWI-16,"CA-25,CA-26,CA-29,CA-30",SPEC-092,ACC-092,UNBOUND_PENDING_WAVE_03_PLUS,"`TST-009, TST-049` / `GATE-19`",EvidenceEnvelope + source-bound positive/negative/boundary/adversarial receipts,COMPILED_NOT_IMPLEMENTED
COV-04-10,P0,`SRC-00033～00036；DOC-11～13`,DOC-26#DOC-26-H01,WP-22,RBWI-16,"CA-10,CA-23,CA-29,CA-30",SPEC-089,ACC-089,UNBOUND_PENDING_WAVE_03_PLUS,`TST-041` / `GATE-17`,EvidenceEnvelope + source-bound positive/negative/boundary/adversarial receipts,COMPILED_NOT_IMPLEMENTED
COV-05-01,P0,`SRC-00014#5-10；SRC-00009～00012#5.2`,DOC-21#DOC-21-H01,WP-18,RBWI-12,"CA-22,CA-23,CA-25,CA-27",SPEC-046,ACC-046,UNBOUND_PENDING_WAVE_03_PLUS,"`TST-002, TST-008, TST-042` / `GATE-16`",EvidenceEnvelope + source-bound positive/negative/boundary/adversarial receipts,COMPILED_NOT_IMPLEMENTED
COV-05-02,P0,`SRC-00009～00012#5.2 Artifact/Evidence invariant`,DOC-03#DOC-03-H05,WP-02,RBWI-02,"CA-04,CA-05,CA-06",SPEC-011,ACC-011,UNBOUND_PENDING_WAVE_03_PLUS,"`TST-011, TST-028, TST-041` / `GATE-02`",EvidenceEnvelope + source-bound positive/negative/boundary/adversarial receipts,COMPILED_NOT_IMPLEMENTED
COV-05-03,P0,`SRC-00038～00041；SRC-00005～00008#4.1`,DOC-16#DOC-16-H02,WP-13,RBWI-07,"CA-15,CA-16,CA-23,CA-27",SPEC-056,ACC-056,UNBOUND_PENDING_WAVE_03_PLUS,`TST-037` / `GATE-12`,EvidenceEnvelope + source-bound positive/negative/boundary/adversarial receipts,COMPILED_NOT_IMPLEMENTED
COV-05-04,P0,`SRC-00001～00004#2.1`,DOC-08#DOC-08-H09,WP-07,RBWI-08,"CA-03,CA-19,CA-20,CA-22",SPEC-038,ACC-038,UNBOUND_PENDING_WAVE_03_PLUS,"`TST-012, TST-008, TST-029` / `GATE-07`",EvidenceEnvelope + source-bound positive/negative/boundary/adversarial receipts,COMPILED_NOT_IMPLEMENTED
COV-05-05,P0,`SRC-00013～00016；SRC-00023`,DOC-21#DOC-21-H01,WP-18,RBWI-12,"CA-22,CA-23,CA-25,CA-27",SPEC-046,ACC-046,UNBOUND_PENDING_WAVE_03_PLUS,"`TST-041, TST-042` / `GATE-16`",EvidenceEnvelope + source-bound positive/negative/boundary/adversarial receipts,COMPILED_NOT_IMPLEMENTED
COV-05-06,P0,`SRC-00009～00012#5.6；SRC-00041`,DOC-21#DOC-21-H09,WP-18,RBWI-12,"CA-22,CA-23,CA-25,CA-27",SPEC-075,ACC-075,UNBOUND_PENDING_WAVE_03_PLUS,"`TST-041, TST-048, TST-049` / `GATE-16`",EvidenceEnvelope + source-bound positive/negative/boundary/adversarial receipts,COMPILED_NOT_IMPLEMENTED
COV-05-07,P0,`SRC-00009～00012#5.2 Replaceability invariant`,DOC-16#DOC-16-H02,WP-13,RBWI-07,"CA-15,CA-16,CA-23,CA-27",SPEC-056,ACC-056,UNBOUND_PENDING_WAVE_03_PLUS,"`TST-009, TST-037, TST-048` / `GATE-12`",EvidenceEnvelope + source-bound positive/negative/boundary/adversarial receipts,COMPILED_NOT_IMPLEMENTED
COV-05-08,P0,`SRC-00001～00004#2.2；SRC-00005～00008`,DOC-00#DOC-00-H01,"WP-00,WP-23","RBWI-00,RBWI-15,RBWI-16","CA-01,CA-02,CA-05,CA-25,CA-26,CA-27,CA-29,CA-30",SPEC-003,ACC-003,UNBOUND_PENDING_WAVE_03_PLUS,"`TST-002, TST-012, TST-037` / `GATE-00`",EvidenceEnvelope + source-bound positive/negative/boundary/adversarial receipts,COMPILED_NOT_IMPLEMENTED
COV-06-01,P0,`SRC-00009～00012#5.2-1`,DOC-03#DOC-03-H03,WP-02,RBWI-02,"CA-04,CA-05,CA-06",SPEC-010,ACC-010,UNBOUND_PENDING_WAVE_03_PLUS,"`TST-009, TST-037, TST-041` / `GATE-02`",EvidenceEnvelope + source-bound positive/negative/boundary/adversarial receipts,COMPILED_NOT_IMPLEMENTED
COV-06-02,P0,`SRC-00009～00012#5.2-2`,DOC-00#DOC-00-H01,"WP-00,WP-23","RBWI-00,RBWI-15,RBWI-16","CA-01,CA-02,CA-05,CA-25,CA-26,CA-27,CA-29,CA-30",SPEC-003,ACC-003,UNBOUND_PENDING_WAVE_03_PLUS,"`TST-002, TST-004, TST-008` / `GATE-00`",EvidenceEnvelope + source-bound positive/negative/boundary/adversarial receipts,COMPILED_NOT_IMPLEMENTED
COV-06-03,P0,`SRC-00009～00012#5.2-3`,DOC-03#DOC-03-H02,WP-02,RBWI-02,"CA-04,CA-05,CA-06",SPEC-010,ACC-010,UNBOUND_PENDING_WAVE_03_PLUS,"`TST-013, TST-025` / `GATE-02`",EvidenceEnvelope + source-bound positive/negative/boundary/adversarial receipts,COMPILED_NOT_IMPLEMENTED
COV-06-04,P0,`SRC-00009～00012#5.2-4`,DOC-16#DOC-16-H01,WP-13,RBWI-07,"CA-15,CA-16,CA-23,CA-27",SPEC-056,ACC-056,UNBOUND_PENDING_WAVE_03_PLUS,`TST-037` / `GATE-12`,EvidenceEnvelope + source-bound positive/negative/boundary/adversarial receipts,COMPILED_NOT_IMPLEMENTED
COV-06-05,P0,`SRC-00009～00012#5.2-5`,DOC-03#DOC-03-H05,WP-02,RBWI-02,"CA-04,CA-05,CA-06",SPEC-011,ACC-011,UNBOUND_PENDING_WAVE_03_PLUS,`TST-011` / `GATE-02`,EvidenceEnvelope + source-bound positive/negative/boundary/adversarial receipts,COMPILED_NOT_IMPLEMENTED
COV-06-06,P0,`SRC-00009～00012#5.2-6`,DOC-05#DOC-05-H03,WP-04,RBWI-04,"CA-06,CA-08,CA-09,CA-10,CA-29",SPEC-019,ACC-019,UNBOUND_PENDING_WAVE_03_PLUS,"`TST-041, TST-011` / `GATE-08`",EvidenceEnvelope + source-bound positive/negative/boundary/adversarial receipts,COMPILED_NOT_IMPLEMENTED
COV-06-07,P0,`SRC-00009～00012#5.2-7`,DOC-00#DOC-00-H01,"WP-00,WP-23","RBWI-00,RBWI-15,RBWI-16","CA-01,CA-02,CA-05,CA-25,CA-26,CA-27,CA-29,CA-30",SPEC-001,ACC-001,UNBOUND_PENDING_WAVE_03_PLUS,"`TST-010, TST-015, TST-040` / `GATE-03`",EvidenceEnvelope + source-bound positive/negative/boundary/adversarial receipts,COMPILED_NOT_IMPLEMENTED
COV-06-08,P0,`SRC-00009～00012#5.2-8`,DOC-27#DOC-27-H06,WP-23,RBWI-16,"CA-25,CA-26,CA-29,CA-30",SPEC-095,ACC-095,UNBOUND_PENDING_WAVE_03_PLUS,"`TST-015, TST-048, TST-049` / `GATE-19`",EvidenceEnvelope + source-bound positive/negative/boundary/adversarial receipts,COMPILED_NOT_IMPLEMENTED
COV-06-09,P0,`SRC-00009～00012#5.2-9`,DOC-03#DOC-03-H05,WP-02,RBWI-02,"CA-04,CA-05,CA-06",SPEC-011,ACC-011,UNBOUND_PENDING_WAVE_03_PLUS,"`TST-025, TST-048` / `GATE-02`",EvidenceEnvelope + source-bound positive/negative/boundary/adversarial receipts,COMPILED_NOT_IMPLEMENTED
COV-06-10,P0,`SRC-00009～00012#5.2-10；主軸稿#1.5`,DOC-04#DOC-04-H01,WP-03,RBWI-03,"CA-02,CA-07,CA-22",SPEC-017,ACC-017,UNBOUND_PENDING_WAVE_03_PLUS,"`TST-006, TST-014, TST-026` / `GATE-01`",EvidenceEnvelope + source-bound positive/negative/boundary/adversarial receipts,COMPILED_NOT_IMPLEMENTED
COV-07-01,P0,`SRC-00026～00032#5.2`,DOC-27#DOC-27-H01,WP-23,RBWI-16,"CA-25,CA-26,CA-29,CA-30",SPEC-092,ACC-092,UNBOUND_PENDING_WAVE_03_PLUS,"`TST-048, TST-009, TST-013` / `GATE-19`",EvidenceEnvelope + source-bound positive/negative/boundary/adversarial receipts,COMPILED_NOT_IMPLEMENTED
COV-07-02,P0,`SRC-00026～00032#5.2`,DOC-03#DOC-03-H05,WP-02,RBWI-02,"CA-04,CA-05,CA-06",SPEC-011,ACC-011,UNBOUND_PENDING_WAVE_03_PLUS,"`TST-012, TST-037` / `GATE-02`",EvidenceEnvelope + source-bound positive/negative/boundary/adversarial receipts,COMPILED_NOT_IMPLEMENTED
COV-07-03,P0,`SRC-00026～00032#5.2`,DOC-04#DOC-04-H01,WP-03,RBWI-03,"CA-02,CA-07,CA-22",SPEC-017,ACC-017,UNBOUND_PENDING_WAVE_03_PLUS,"`TST-029, TST-048, TST-002` / `GATE-01`",EvidenceEnvelope + source-bound positive/negative/boundary/adversarial receipts,COMPILED_NOT_IMPLEMENTED
COV-07-04,P0,`SRC-00026～00032#5.2`,DOC-00#DOC-00-H01,"WP-00,WP-23","RBWI-00,RBWI-15,RBWI-16","CA-01,CA-02,CA-05,CA-25,CA-26,CA-27,CA-29,CA-30",SPEC-092,ACC-092,UNBOUND_PENDING_WAVE_03_PLUS,`TST-012` / `GATE-00`,EvidenceEnvelope + source-bound positive/negative/boundary/adversarial receipts,COMPILED_NOT_IMPLEMENTED
COV-07-05,P0,`SRC-00009～00012#5.5`,DOC-00#DOC-00-H04,"WP-00,WP-23","RBWI-00,RBWI-15,RBWI-16","CA-01,CA-02,CA-05,CA-25,CA-26,CA-27,CA-29,CA-30",SPEC-092,ACC-092,UNBOUND_PENDING_WAVE_03_PLUS,"`TST-011, TST-002, TST-004` / `GATE-00`",EvidenceEnvelope + source-bound positive/negative/boundary/adversarial receipts,COMPILED_NOT_IMPLEMENTED
COV-07-06,P0,`SRC-00009～00012#5.2/5.3`,DOC-27#DOC-27-H01,WP-23,RBWI-16,"CA-25,CA-26,CA-29,CA-30",SPEC-092,ACC-092,UNBOUND_PENDING_WAVE_03_PLUS,"`TST-013, TST-025` / `GATE-18`",EvidenceEnvelope + source-bound positive/negative/boundary/adversarial receipts,COMPILED_NOT_IMPLEMENTED
COV-07-07,P0,`SRC-00001～00004#4；SRC-00038～00039`,DOC-03#DOC-03-H03,WP-02,RBWI-02,"CA-04,CA-05,CA-06",SPEC-013,ACC-013,UNBOUND_PENDING_WAVE_03_PLUS,"`TST-012, TST-020, TST-047` / `GATE-02`",EvidenceEnvelope + source-bound positive/negative/boundary/adversarial receipts,COMPILED_NOT_IMPLEMENTED
COV-07-08,P0,`SRC-00001～00004；DOC-08/10`,DOC-00#DOC-00-H04,"WP-00,WP-23","RBWI-00,RBWI-15,RBWI-16","CA-01,CA-02,CA-05,CA-25,CA-26,CA-27,CA-29,CA-30",SPEC-093,ACC-093,UNBOUND_PENDING_WAVE_03_PLUS,"`TST-011, TST-002, TST-005` / `GATE-00`",EvidenceEnvelope + source-bound positive/negative/boundary/adversarial receipts,COMPILED_NOT_IMPLEMENTED
COV-07-09,P0,`SRC-00033～00036；主軸稿#1.2`,DOC-03#DOC-03-H01,WP-02,RBWI-02,"CA-04,CA-05,CA-06",SPEC-013,ACC-013,UNBOUND_PENDING_WAVE_03_PLUS,"`TST-037, TST-041` / `GATE-02`",EvidenceEnvelope + source-bound positive/negative/boundary/adversarial receipts,COMPILED_NOT_IMPLEMENTED
COV-07-10,P0,`SRC-00024#3.1；SRC-00034#S1-02/S2-02`,DOC-03#DOC-03-H01,WP-02,RBWI-02,"CA-04,CA-05,CA-06",SPEC-009,ACC-009,UNBOUND_PENDING_WAVE_03_PLUS,`TST-026` / `GATE-02`,EvidenceEnvelope + source-bound positive/negative/boundary/adversarial receipts,COMPILED_NOT_IMPLEMENTED
COV-08-01,P0,`SRC-00001～00004#2.2/4；SRC-00014#Source Inventory`,DOC-00#DOC-00-H01,"WP-00,WP-23","RBWI-00,RBWI-15,RBWI-16","CA-01,CA-02,CA-05,CA-25,CA-26,CA-27,CA-29,CA-30",SPEC-003,ACC-003,UNBOUND_PENDING_WAVE_03_PLUS,"`TST-001, TST-002, TST-003` / `GATE-00`",EvidenceEnvelope + source-bound positive/negative/boundary/adversarial receipts,COMPILED_NOT_IMPLEMENTED
COV-08-02,P0,`SRC-00001～00004#2.2`,DOC-00#DOC-00-H01,"WP-00,WP-23","RBWI-00,RBWI-15,RBWI-16","CA-01,CA-02,CA-05,CA-25,CA-26,CA-27,CA-29,CA-30",SPEC-092,ACC-092,UNBOUND_PENDING_WAVE_03_PLUS,`TST-002` / `GATE-00`,EvidenceEnvelope + source-bound positive/negative/boundary/adversarial receipts,COMPILED_NOT_IMPLEMENTED
COV-08-03,P0,`SRC-00018#Stage1-2；SRC-00020#8`,DOC-05#DOC-05-H03,WP-04,RBWI-04,"CA-06,CA-08,CA-09,CA-10,CA-29",SPEC-019,ACC-019,UNBOUND_PENDING_WAVE_03_PLUS,"`TST-004, TST-011, TST-041` / `GATE-08`",EvidenceEnvelope + source-bound positive/negative/boundary/adversarial receipts,COMPILED_NOT_IMPLEMENTED
COV-08-04,P0,`SRC-00001～00004#2.1；SRC-00020#8-10`,DOC-00#DOC-00-H01,"WP-00,WP-23","RBWI-00,RBWI-15,RBWI-16","CA-01,CA-02,CA-05,CA-25,CA-26,CA-27,CA-29,CA-30",SPEC-003,ACC-003,UNBOUND_PENDING_WAVE_03_PLUS,"`TST-001, TST-004, TST-010` / `GATE-00`",EvidenceEnvelope + source-bound positive/negative/boundary/adversarial receipts,COMPILED_NOT_IMPLEMENTED
COV-08-05,P0,`SRC-00017～00021`,DOC-00#DOC-00-H07,"WP-00,WP-23","RBWI-00,RBWI-15,RBWI-16","CA-01,CA-02,CA-05,CA-25,CA-26,CA-27,CA-29,CA-30",SPEC-004,ACC-004,UNBOUND_PENDING_WAVE_03_PLUS,"`TST-002, TST-023` / `GATE-00`",EvidenceEnvelope + source-bound positive/negative/boundary/adversarial receipts,COMPILED_NOT_IMPLEMENTED
COV-08-06,P0,`SRC-00014；SRC-00022`,DOC-08#DOC-08-H01,WP-07,RBWI-08,"CA-03,CA-19,CA-20,CA-22",SPEC-038,ACC-038,UNBOUND_PENDING_WAVE_03_PLUS,"`TST-019, TST-020, TST-021` / `GATE-07`",EvidenceEnvelope + source-bound positive/negative/boundary/adversarial receipts,COMPILED_NOT_IMPLEMENTED
COV-08-07,P0,`SRC-00001～00004#2.1；SRC-00017#八Skills`,DOC-25#DOC-25-H02,WP-21,RBWI-17,"CA-05,CA-22,CA-28,CA-30",SPEC-087,ACC-087,UNBOUND_PENDING_WAVE_03_PLUS,"`TST-012, TST-029, TST-030` / `GATE-10`",EvidenceEnvelope + source-bound positive/negative/boundary/adversarial receipts,COMPILED_NOT_IMPLEMENTED
COV-08-08,P0,`SRC-00001～00004#2.1；SRC-00039#2.9`,DOC-03#DOC-03-H02,WP-02,RBWI-02,"CA-04,CA-05,CA-06",SPEC-011,ACC-011,UNBOUND_PENDING_WAVE_03_PLUS,`TST-012` / `GATE-02`,EvidenceEnvelope + source-bound positive/negative/boundary/adversarial receipts,COMPILED_NOT_IMPLEMENTED
COV-08-09,P0,`SRC-00001～00004#2.1/2.2`,DOC-00#DOC-00-H01,"WP-00,WP-23","RBWI-00,RBWI-15,RBWI-16","CA-01,CA-02,CA-05,CA-25,CA-26,CA-27,CA-29,CA-30",SPEC-003,ACC-003,UNBOUND_PENDING_WAVE_03_PLUS,"`TST-001, TST-002, TST-012` / `GATE-00`",EvidenceEnvelope + source-bound positive/negative/boundary/adversarial receipts,COMPILED_NOT_IMPLEMENTED
COV-08-10,P0,`SRC-00014#10`,DOC-04#DOC-04-H01,WP-03,RBWI-03,"CA-02,CA-07,CA-22",SPEC-014,ACC-014,UNBOUND_PENDING_WAVE_03_PLUS,"`TST-002, TST-008, TST-042` / `GATE-01`",EvidenceEnvelope + source-bound positive/negative/boundary/adversarial receipts,COMPILED_NOT_IMPLEMENTED
COV-08-11,P0,`SRC-00014#11-12；SRC-00017/18`,DOC-00#DOC-00-H01,"WP-00,WP-23","RBWI-00,RBWI-15,RBWI-16","CA-01,CA-02,CA-05,CA-25,CA-26,CA-27,CA-29,CA-30",SPEC-003,ACC-003,UNBOUND_PENDING_WAVE_03_PLUS,`TST-002` / `GATE-00`,EvidenceEnvelope + source-bound positive/negative/boundary/adversarial receipts,COMPILED_NOT_IMPLEMENTED
COV-08-12,P0,`SRC-00001～00004#2.2`,DOC-08#DOC-08-H09,WP-07,RBWI-08,"CA-03,CA-19,CA-20,CA-22",SPEC-038,ACC-038,UNBOUND_PENDING_WAVE_03_PLUS,"`TST-012, TST-047` / `GATE-07`",EvidenceEnvelope + source-bound positive/negative/boundary/adversarial receipts,COMPILED_NOT_IMPLEMENTED
COV-09-01,P0,`SRC-00013#00_REQUEST/01_CLARIFICATION；KP02`,DOC-00#DOC-00-H01,"WP-00,WP-23","RBWI-00,RBWI-15,RBWI-16","CA-01,CA-02,CA-05,CA-25,CA-26,CA-27,CA-29,CA-30",SPEC-002,ACC-002,UNBOUND_PENDING_WAVE_03_PLUS,"`TST-010, TST-045` / `GATE-00`",EvidenceEnvelope + source-bound positive/negative/boundary/adversarial receipts,COMPILED_NOT_IMPLEMENTED
COV-09-02,P0,`SRC-00033～00036；DOC-01`,DOC-04#DOC-04-H01,WP-03,RBWI-03,"CA-02,CA-07,CA-22",SPEC-014,ACC-014,UNBOUND_PENDING_WAVE_03_PLUS,`TST-006` / `GATE-01`,EvidenceEnvelope + source-bound positive/negative/boundary/adversarial receipts,COMPILED_NOT_IMPLEMENTED
COV-09-03,P0,`SRC-00026～00036；KP02/KP13`,DOC-04#DOC-04-H02,WP-03,RBWI-03,"CA-02,CA-07,CA-22",SPEC-014,ACC-014,UNBOUND_PENDING_WAVE_03_PLUS,"`TST-006, TST-007, TST-008` / `GATE-01`",EvidenceEnvelope + source-bound positive/negative/boundary/adversarial receipts,COMPILED_NOT_IMPLEMENTED
COV-09-04,P0,`SRC-00013#02_CONTEXT_PACK`,DOC-00#DOC-00-H01,"WP-00,WP-23","RBWI-00,RBWI-15,RBWI-16","CA-01,CA-02,CA-05,CA-25,CA-26,CA-27,CA-29,CA-30",SPEC-093,ACC-093,UNBOUND_PENDING_WAVE_03_PLUS,`TST-002` / `GATE-00`,EvidenceEnvelope + source-bound positive/negative/boundary/adversarial receipts,COMPILED_NOT_IMPLEMENTED
COV-09-05,P0,`DOC-02；KP03`,DOC-04#DOC-04-H01,WP-03,RBWI-03,"CA-02,CA-07,CA-22",SPEC-015,ACC-015,UNBOUND_PENDING_WAVE_03_PLUS,"`TST-009, TST-050` / `GATE-01`",EvidenceEnvelope + source-bound positive/negative/boundary/adversarial receipts,COMPILED_NOT_IMPLEMENTED
COV-09-06,P0,`SRC-00013#03_ARCHITECTURE/05_SPEC；DOC-04`,DOC-05#DOC-05-H09,WP-04,RBWI-04,"CA-06,CA-08,CA-09,CA-10,CA-29",SPEC-021,ACC-021,UNBOUND_PENDING_WAVE_03_PLUS,"`TST-013, TST-024, TST-025` / `GATE-08`",EvidenceEnvelope + source-bound positive/negative/boundary/adversarial receipts,COMPILED_NOT_IMPLEMENTED
COV-09-07,P0,`SRC-00013#04_ADR；DOC-04`,DOC-00#DOC-00-H03,"WP-00,WP-23","RBWI-00,RBWI-15,RBWI-16","CA-01,CA-02,CA-05,CA-25,CA-26,CA-27,CA-29,CA-30",SPEC-095,ACC-095,UNBOUND_PENDING_WAVE_03_PLUS,"`TST-024, TST-049` / `GATE-00`",EvidenceEnvelope + source-bound positive/negative/boundary/adversarial receipts,COMPILED_NOT_IMPLEMENTED
COV-09-08,P0,`SRC-00013#06_EXEC_PLAN/07_WORK_ORDERS`,DOC-05#DOC-05-H03,WP-04,RBWI-04,"CA-06,CA-08,CA-09,CA-10,CA-29",SPEC-020,ACC-020,UNBOUND_PENDING_WAVE_03_PLUS,"`TST-010, TST-024, TST-033` / `GATE-08`",EvidenceEnvelope + source-bound positive/negative/boundary/adversarial receipts,COMPILED_NOT_IMPLEMENTED
COV-09-09,P0,`SRC-00013#08_TEST_AND_ACCEPTANCE；DOC-09`,DOC-21#DOC-21-H01,WP-18,RBWI-12,"CA-22,CA-23,CA-25,CA-27",SPEC-046,ACC-046,UNBOUND_PENDING_WAVE_03_PLUS,"`TST-012, TST-045` / `GATE-16`",EvidenceEnvelope + source-bound positive/negative/boundary/adversarial receipts,COMPILED_NOT_IMPLEMENTED
COV-09-10,P0,`SRC-00013#09_RISK_AND_PERMISSION；DOC-07`,DOC-20#DOC-20-H01,WP-17,RBWI-13,"CA-17,CA-23,CA-25,CA-27",SPEC-068,ACC-068,UNBOUND_PENDING_WAVE_03_PLUS,"`TST-010, TST-040, TST-050` / `GATE-15`",EvidenceEnvelope + source-bound positive/negative/boundary/adversarial receipts,COMPILED_NOT_IMPLEMENTED
COV-09-11,P0,`SRC-00013#10_HANDOFF_TO_CODEX；DOC-11/12`,DOC-00#DOC-00-H06,"WP-00,WP-23","RBWI-00,RBWI-15,RBWI-16","CA-01,CA-02,CA-05,CA-25,CA-26,CA-27,CA-29,CA-30",SPEC-092,ACC-092,UNBOUND_PENDING_WAVE_03_PLUS,"`TST-015, TST-050, TST-002` / `GATE-03`",EvidenceEnvelope + source-bound positive/negative/boundary/adversarial receipts,COMPILED_NOT_IMPLEMENTED
COV-09-12,P0,`SRC-00026～00036#5.1 P5 禁止事項`,DOC-04#DOC-04-H01,WP-03,RBWI-03,"CA-02,CA-07,CA-22",SPEC-014,ACC-014,UNBOUND_PENDING_WAVE_03_PLUS,`TST-050` / `GATE-01`,EvidenceEnvelope + source-bound positive/negative/boundary/adversarial receipts,COMPILED_NOT_IMPLEMENTED
COV-10-01,P0,`SRC-00005～00008；SRC-00041`,DOC-05#DOC-05-H03,WP-04,RBWI-04,"CA-06,CA-08,CA-09,CA-10,CA-29",SPEC-019,ACC-019,UNBOUND_PENDING_WAVE_03_PLUS,"`TST-013, TST-024, TST-026` / `GATE-08`",EvidenceEnvelope + source-bound positive/negative/boundary/adversarial receipts,COMPILED_NOT_IMPLEMENTED
COV-10-02,P0,`SRC-00040#2.2；SRC-00041`,DOC-18#DOC-18-H01,WP-15,RBWI-09,"CA-10,CA-17,CA-21,CA-22",SPEC-031,ACC-031,UNBOUND_PENDING_WAVE_03_PLUS,"`TST-027, TST-010, TST-015` / `GATE-09`",EvidenceEnvelope + source-bound positive/negative/boundary/adversarial receipts,COMPILED_NOT_IMPLEMENTED
COV-10-03,P0,`SRC-00023#3.4；SRC-00041`,DOC-21#DOC-21-H01,WP-18,RBWI-12,"CA-22,CA-23,CA-25,CA-27",SPEC-075,ACC-075,UNBOUND_PENDING_WAVE_03_PLUS,"`TST-028, TST-041, TST-049` / `GATE-16`",EvidenceEnvelope + source-bound positive/negative/boundary/adversarial receipts,COMPILED_NOT_IMPLEMENTED
COV-10-04,P0,`SRC-00009～00012#5.1；SRC-00041`,DOC-18#DOC-18-H09,WP-15,RBWI-09,"CA-10,CA-17,CA-21,CA-22",SPEC-030,ACC-030,UNBOUND_PENDING_WAVE_03_PLUS,"`TST-026, TST-036, TST-048` / `GATE-09`",EvidenceEnvelope + source-bound positive/negative/boundary/adversarial receipts,COMPILED_NOT_IMPLEMENTED
COV-10-05,P0,`SRC-00005～00008#4.4；DOC-09`,DOC-00#DOC-00-H10,"WP-00,WP-23","RBWI-00,RBWI-15,RBWI-16","CA-01,CA-02,CA-05,CA-25,CA-26,CA-27,CA-29,CA-30",SPEC-004,ACC-004,UNBOUND_PENDING_WAVE_03_PLUS,"`TST-001, TST-004` / `GATE-00`",EvidenceEnvelope + source-bound positive/negative/boundary/adversarial receipts,COMPILED_NOT_IMPLEMENTED
COV-10-06,P0,`SRC-00009～00012#5.5；DOC-10/11`,DOC-21#DOC-21-H01,WP-18,RBWI-12,"CA-22,CA-23,CA-25,CA-27",SPEC-075,ACC-075,UNBOUND_PENDING_WAVE_03_PLUS,"`TST-005, TST-008, TST-011` / `GATE-16`",EvidenceEnvelope + source-bound positive/negative/boundary/adversarial receipts,COMPILED_NOT_IMPLEMENTED
COV-10-07,P0,`SRC-00001～00004#2.2；DOC-09/10`,DOC-18#DOC-18-H01,WP-15,RBWI-09,"CA-10,CA-17,CA-21,CA-22",SPEC-032,ACC-032,UNBOUND_PENDING_WAVE_03_PLUS,`TST-028` / `GATE-09`,EvidenceEnvelope + source-bound positive/negative/boundary/adversarial receipts,COMPILED_NOT_IMPLEMENTED
COV-10-08,P0,`SRC-00005～00008；DOC-08/10`,DOC-00#DOC-00-H01,"WP-00,WP-23","RBWI-00,RBWI-15,RBWI-16","CA-01,CA-02,CA-05,CA-25,CA-26,CA-27,CA-29,CA-30",SPEC-095,ACC-095,UNBOUND_PENDING_WAVE_03_PLUS,"`TST-013, TST-015, TST-026` / `GATE-03`",EvidenceEnvelope + source-bound positive/negative/boundary/adversarial receipts,COMPILED_NOT_IMPLEMENTED
COV-10-09,P0,`SRC-00021#CodeGraph；SRC-00039#2.10`,DOC-03#DOC-03-H03,WP-02,RBWI-02,"CA-04,CA-05,CA-06",SPEC-009,ACC-009,UNBOUND_PENDING_WAVE_03_PLUS,"`TST-008, TST-009, TST-012` / `GATE-02`",EvidenceEnvelope + source-bound positive/negative/boundary/adversarial receipts,COMPILED_NOT_IMPLEMENTED
COV-10-10,P0,`SRC-00009～00012#5.2 Release invariant；KP08/KP14`,DOC-27#DOC-27-H07,WP-23,RBWI-16,"CA-25,CA-26,CA-29,CA-30",SPEC-095,ACC-095,UNBOUND_PENDING_WAVE_03_PLUS,"`TST-048, TST-015` / `GATE-19`",EvidenceEnvelope + source-bound positive/negative/boundary/adversarial receipts,COMPILED_NOT_IMPLEMENTED
COV-11-01,P0,`SRC-00025#3.1/Memory plane；KP18`,DOC-25#DOC-25-H02,WP-21,RBWI-17,"CA-05,CA-22,CA-28,CA-30",SPEC-087,ACC-087,UNBOUND_PENDING_WAVE_03_PLUS,"`TST-014, TST-018, TST-029` / `GATE-10`",EvidenceEnvelope + source-bound positive/negative/boundary/adversarial receipts,COMPILED_NOT_IMPLEMENTED
COV-11-02,P0,`SRC-00021#GSD；SRC-00025`,DOC-05#DOC-05-H01,WP-04,RBWI-04,"CA-06,CA-08,CA-09,CA-10,CA-29",SPEC-019,ACC-019,UNBOUND_PENDING_WAVE_03_PLUS,"`TST-016, TST-018` / `GATE-04`",EvidenceEnvelope + source-bound positive/negative/boundary/adversarial receipts,COMPILED_NOT_IMPLEMENTED
COV-11-03,P0,`SRC-00001～00004#2.2；SRC-00018`,DOC-21#DOC-21-H02,WP-18,RBWI-12,"CA-22,CA-23,CA-25,CA-27",SPEC-075,ACC-075,UNBOUND_PENDING_WAVE_03_PLUS,"`TST-041, TST-042` / `GATE-16`",EvidenceEnvelope + source-bound positive/negative/boundary/adversarial receipts,COMPILED_NOT_IMPLEMENTED
COV-11-04,P0,`SRC-00009～00012#5.1 非使命`,DOC-25#DOC-25-H02,WP-21,RBWI-17,"CA-05,CA-22,CA-28,CA-30",SPEC-087,ACC-087,UNBOUND_PENDING_WAVE_03_PLUS,"`TST-029, TST-009, TST-039` / `GATE-10`",EvidenceEnvelope + source-bound positive/negative/boundary/adversarial receipts,COMPILED_NOT_IMPLEMENTED
COV-11-05,P0,`SRC-00009～00012#5.6 evolution_lab`,DOC-25#DOC-25-H04,WP-21,RBWI-17,"CA-05,CA-22,CA-28,CA-30",SPEC-086,ACC-086,UNBOUND_PENDING_WAVE_03_PLUS,"`TST-049, TST-050` / `GATE-10`",EvidenceEnvelope + source-bound positive/negative/boundary/adversarial receipts,COMPILED_NOT_IMPLEMENTED
COV-11-06,P0,`SRC-00005～00008#4.4`,DOC-00#DOC-00-H06,"WP-00,WP-23","RBWI-00,RBWI-15,RBWI-16","CA-01,CA-02,CA-05,CA-25,CA-26,CA-27,CA-29,CA-30",SPEC-095,ACC-095,UNBOUND_PENDING_WAVE_03_PLUS,`TST-030` / `GATE-03`,EvidenceEnvelope + source-bound positive/negative/boundary/adversarial receipts,COMPILED_NOT_IMPLEMENTED
COV-11-07,P0,`SRC-00038～00039；KP18`,DOC-00#DOC-00-H01,"WP-00,WP-23","RBWI-00,RBWI-15,RBWI-16","CA-01,CA-02,CA-05,CA-25,CA-26,CA-27,CA-29,CA-30",SPEC-095,ACC-095,UNBOUND_PENDING_WAVE_03_PLUS,"`TST-015, TST-029, TST-050` / `GATE-00`",EvidenceEnvelope + source-bound positive/negative/boundary/adversarial receipts,COMPILED_NOT_IMPLEMENTED
COV-11-08,P0,`SRC-00033#衝突4；SRC-00039#2.3`,DOC-25#DOC-25-H01,WP-21,RBWI-17,"CA-05,CA-22,CA-28,CA-30",SPEC-086,ACC-086,UNBOUND_PENDING_WAVE_03_PLUS,"`TST-013, TST-029, TST-037` / `GATE-10`",EvidenceEnvelope + source-bound positive/negative/boundary/adversarial receipts,COMPILED_NOT_IMPLEMENTED
COV-11-09,P0,`SRC-00025；DOC-08/09/10`,DOC-25#DOC-25-H04,WP-21,RBWI-17,"CA-05,CA-22,CA-28,CA-30",SPEC-087,ACC-087,UNBOUND_PENDING_WAVE_03_PLUS,"`TST-012, TST-045, TST-047` / `GATE-10`",EvidenceEnvelope + source-bound positive/negative/boundary/adversarial receipts,COMPILED_NOT_IMPLEMENTED
COV-12-01,P0,`SRC-00024#3.1/3.2`,DOC-03#DOC-03-H02,WP-02,RBWI-02,"CA-04,CA-05,CA-06",SPEC-010,ACC-010,UNBOUND_PENDING_WAVE_03_PLUS,"`TST-010, TST-013, TST-040` / `GATE-02`",EvidenceEnvelope + source-bound positive/negative/boundary/adversarial receipts,COMPILED_NOT_IMPLEMENTED
COV-12-02,P0,`SRC-00009～00012#5.6`,DOC-16#DOC-16-H01,WP-13,RBWI-07,"CA-15,CA-16,CA-23,CA-27",SPEC-057,ACC-057,UNBOUND_PENDING_WAVE_03_PLUS,"`TST-010, TST-013, TST-026` / `GATE-12`",EvidenceEnvelope + source-bound positive/negative/boundary/adversarial receipts,COMPILED_NOT_IMPLEMENTED
COV-12-03,P0,`SRC-00024#Branch Profile Schema`,DOC-00#DOC-00-H04,"WP-00,WP-23","RBWI-00,RBWI-15,RBWI-16","CA-01,CA-02,CA-05,CA-25,CA-26,CA-27,CA-29,CA-30",SPEC-092,ACC-092,UNBOUND_PENDING_WAVE_03_PLUS,"`TST-002, TST-047, TST-050` / `GATE-00`",EvidenceEnvelope + source-bound positive/negative/boundary/adversarial receipts,COMPILED_NOT_IMPLEMENTED
COV-12-04,P0,`SRC-00024#2.4`,DOC-03#DOC-03-H03,WP-02,RBWI-02,"CA-04,CA-05,CA-06",SPEC-009,ACC-009,UNBOUND_PENDING_WAVE_03_PLUS,`TST-025` / `GATE-02`,EvidenceEnvelope + source-bound positive/negative/boundary/adversarial receipts,COMPILED_NOT_IMPLEMENTED
COV-12-05,P0,`SRC-00034#S1-02；主軸稿#1.2`,DOC-03#DOC-03-H01,WP-02,RBWI-02,"CA-04,CA-05,CA-06",SPEC-011,ACC-011,UNBOUND_PENDING_WAVE_03_PLUS,"`TST-048, TST-050` / `GATE-02`",EvidenceEnvelope + source-bound positive/negative/boundary/adversarial receipts,COMPILED_NOT_IMPLEMENTED
COV-12-06,P0,`SRC-00024；SRC-00025`,DOC-08#DOC-08-H01,WP-07,RBWI-08,"CA-03,CA-19,CA-20,CA-22",SPEC-038,ACC-038,UNBOUND_PENDING_WAVE_03_PLUS,`TST-012` / `GATE-07`,EvidenceEnvelope + source-bound positive/negative/boundary/adversarial receipts,COMPILED_NOT_IMPLEMENTED
COV-12-07,P0,`SRC-00026～00036；DOC-06`,DOC-16#DOC-16-H02,WP-13,RBWI-07,"CA-15,CA-16,CA-23,CA-27",SPEC-056,ACC-056,UNBOUND_PENDING_WAVE_03_PLUS,"`TST-037, TST-019, TST-034` / `GATE-12`",EvidenceEnvelope + source-bound positive/negative/boundary/adversarial receipts,COMPILED_NOT_IMPLEMENTED
COV-12-08,P0,`SRC-00025#Evolution；DOC-08/09`,DOC-03#DOC-03-H02,WP-02,RBWI-02,"CA-04,CA-05,CA-06",SPEC-010,ACC-010,UNBOUND_PENDING_WAVE_03_PLUS,"`TST-026, TST-049` / `GATE-02`",EvidenceEnvelope + source-bound positive/negative/boundary/adversarial receipts,COMPILED_NOT_IMPLEMENTED
COV-13-01,P0,`SRC-00033#3.3；SRC-00025#Agent Topology`,DOC-04#DOC-04-H01,WP-03,RBWI-03,"CA-02,CA-07,CA-22",SPEC-017,ACC-017,UNBOUND_PENDING_WAVE_03_PLUS,"`TST-007, TST-041` / `GATE-01`",EvidenceEnvelope + source-bound positive/negative/boundary/adversarial receipts,COMPILED_NOT_IMPLEMENTED
COV-13-02,P0,`SRC-00025#Agent Topology`,DOC-00#DOC-00-H01,"WP-00,WP-23","RBWI-00,RBWI-15,RBWI-16","CA-01,CA-02,CA-05,CA-25,CA-26,CA-27,CA-29,CA-30",SPEC-004,ACC-004,UNBOUND_PENDING_WAVE_03_PLUS,`TST-028` / `GATE-03`,EvidenceEnvelope + source-bound positive/negative/boundary/adversarial receipts,COMPILED_NOT_IMPLEMENTED
COV-13-03,P0,`SRC-00033#3.3`,DOC-18#DOC-18-H01,WP-15,RBWI-09,"CA-10,CA-17,CA-21,CA-22",SPEC-030,ACC-030,UNBOUND_PENDING_WAVE_03_PLUS,`TST-003` / `GATE-09`,EvidenceEnvelope + source-bound positive/negative/boundary/adversarial receipts,COMPILED_NOT_IMPLEMENTED
COV-13-04,P0,`SRC-00025#Read-only Council`,DOC-00#DOC-00-H01,"WP-00,WP-23","RBWI-00,RBWI-15,RBWI-16","CA-01,CA-02,CA-05,CA-25,CA-26,CA-27,CA-29,CA-30",SPEC-001,ACC-001,UNBOUND_PENDING_WAVE_03_PLUS,"`TST-013, TST-015, TST-028` / `GATE-03`",EvidenceEnvelope + source-bound positive/negative/boundary/adversarial receipts,COMPILED_NOT_IMPLEMENTED
COV-13-05,P0,`SRC-00009～00012#5.1 非使命；SRC-00034`,DOC-00#DOC-00-H01,"WP-00,WP-23","RBWI-00,RBWI-15,RBWI-16","CA-01,CA-02,CA-05,CA-25,CA-26,CA-27,CA-29,CA-30",SPEC-001,ACC-001,UNBOUND_PENDING_WAVE_03_PLUS,"`TST-001, TST-004` / `GATE-00`",EvidenceEnvelope + source-bound positive/negative/boundary/adversarial receipts,COMPILED_NOT_IMPLEMENTED
COV-13-06,P0,`SRC-00005～00008；SRC-00041`,DOC-05#DOC-05-H01,WP-04,RBWI-04,"CA-06,CA-08,CA-09,CA-10,CA-29",SPEC-021,ACC-021,UNBOUND_PENDING_WAVE_03_PLUS,"`TST-013, TST-015, TST-017` / `GATE-04`",EvidenceEnvelope + source-bound positive/negative/boundary/adversarial receipts,COMPILED_NOT_IMPLEMENTED
COV-13-07,P0,`SRC-00005～00008；SRC-00041`,DOC-18#DOC-18-H02,WP-15,RBWI-09,"CA-10,CA-17,CA-21,CA-22",SPEC-030,ACC-030,UNBOUND_PENDING_WAVE_03_PLUS,`TST-026` / `GATE-09`,EvidenceEnvelope + source-bound positive/negative/boundary/adversarial receipts,COMPILED_NOT_IMPLEMENTED
COV-13-08,P0,`SRC-00009～00012#5.2 Permission invariant`,DOC-04#DOC-04-H01,WP-03,RBWI-03,"CA-02,CA-07,CA-22",SPEC-014,ACC-014,UNBOUND_PENDING_WAVE_03_PLUS,"`TST-010, TST-015, TST-040` / `GATE-01`",EvidenceEnvelope + source-bound positive/negative/boundary/adversarial receipts,COMPILED_NOT_IMPLEMENTED
COV-13-09,P0,`SRC-00005～00008；SRC-00038/41`,DOC-04#DOC-04-H01,WP-03,RBWI-03,"CA-02,CA-07,CA-22",SPEC-014,ACC-014,UNBOUND_PENDING_WAVE_03_PLUS,"`TST-010, TST-013, TST-016` / `GATE-01`",EvidenceEnvelope + source-bound positive/negative/boundary/adversarial receipts,COMPILED_NOT_IMPLEMENTED
COV-13-10,P0,`SRC-00025；SRC-00033`,DOC-14#DOC-14-H03,WP-11,RBWI-11,"CA-18,CA-24,CA-25,CA-27",SPEC-051,ACC-051,UNBOUND_PENDING_WAVE_03_PLUS,`TST-018` / `GATE-06`,EvidenceEnvelope + source-bound positive/negative/boundary/adversarial receipts,COMPILED_NOT_IMPLEMENTED
COV-14-01,P0,`SRC-00036#1.2`,DOC-03#DOC-03-H03,WP-02,RBWI-02,"CA-04,CA-05,CA-06",SPEC-009,ACC-009,UNBOUND_PENDING_WAVE_03_PLUS,"`TST-001, TST-009, TST-025` / `GATE-02`",EvidenceEnvelope + source-bound positive/negative/boundary/adversarial receipts,COMPILED_NOT_IMPLEMENTED
COV-14-02,P0,`SRC-00036#1.2/2.2/2.3`,DOC-04#DOC-04-H01,WP-03,RBWI-03,"CA-02,CA-07,CA-22",SPEC-014,ACC-014,UNBOUND_PENDING_WAVE_03_PLUS,"`TST-047, TST-002, TST-006` / `GATE-01`",EvidenceEnvelope + source-bound positive/negative/boundary/adversarial receipts,COMPILED_NOT_IMPLEMENTED
COV-14-03,P0,`SRC-00036#1.2；主軸稿#1.2`,DOC-03#DOC-03-H01,WP-02,RBWI-02,"CA-04,CA-05,CA-06",SPEC-009,ACC-009,UNBOUND_PENDING_WAVE_03_PLUS,`TST-009` / `GATE-02`,EvidenceEnvelope + source-bound positive/negative/boundary/adversarial receipts,COMPILED_NOT_IMPLEMENTED
COV-14-04,P0,`SRC-00026～00036#6；DOC set`,DOC-05#DOC-05-H08,WP-04,RBWI-04,"CA-06,CA-08,CA-09,CA-10,CA-29",SPEC-019,ACC-019,UNBOUND_PENDING_WAVE_03_PLUS,"`TST-006, TST-048` / `GATE-04`",EvidenceEnvelope + source-bound positive/negative/boundary/adversarial receipts,COMPILED_NOT_IMPLEMENTED
COV-14-05,P0,`SRC-00283～SRC-00296`,DOC-04#DOC-04-H01,WP-03,RBWI-03,"CA-02,CA-07,CA-22",SPEC-014,ACC-014,UNBOUND_PENDING_WAVE_03_PLUS,"`TST-002, TST-006, TST-044` / `GATE-01`",EvidenceEnvelope + source-bound positive/negative/boundary/adversarial receipts,COMPILED_NOT_IMPLEMENTED
COV-14-06,P0,`DOC-00～14；主軸稿#3.4`,DOC-05#DOC-05-H01,WP-04,RBWI-04,"CA-06,CA-08,CA-09,CA-10,CA-29",SPEC-021,ACC-021,UNBOUND_PENDING_WAVE_03_PLUS,"`TST-016, TST-008` / `GATE-04`",EvidenceEnvelope + source-bound positive/negative/boundary/adversarial receipts,COMPILED_NOT_IMPLEMENTED
COV-14-07,P0,`SRC-00026～00032#6`,DOC-05#DOC-05-H09,WP-04,RBWI-04,"CA-06,CA-08,CA-09,CA-10,CA-29",SPEC-021,ACC-021,UNBOUND_PENDING_WAVE_03_PLUS,"`TST-016, TST-028, TST-041` / `GATE-04`",EvidenceEnvelope + source-bound positive/negative/boundary/adversarial receipts,COMPILED_NOT_IMPLEMENTED
COV-14-08,P0,`SRC-00026～00036；DOC-11/12`,DOC-27#DOC-27-H05,WP-23,RBWI-16,"CA-25,CA-26,CA-29,CA-30",SPEC-093,ACC-093,UNBOUND_PENDING_WAVE_03_PLUS,"`TST-050, TST-002, TST-004` / `GATE-19`",EvidenceEnvelope + source-bound positive/negative/boundary/adversarial receipts,COMPILED_NOT_IMPLEMENTED
COV-14-09,P0,`SRC-00034#3.1；SRC-00036#1.4；KP14`,DOC-27#DOC-27-H01,WP-23,RBWI-16,"CA-25,CA-26,CA-29,CA-30",SPEC-092,ACC-092,UNBOUND_PENDING_WAVE_03_PLUS,"`TST-009, TST-048` / `GATE-19`",EvidenceEnvelope + source-bound positive/negative/boundary/adversarial receipts,COMPILED_NOT_IMPLEMENTED
COV-15-01,P0,`SRC-00005～00008#4.1`,DOC-18#DOC-18-H01,WP-15,RBWI-09,"CA-10,CA-17,CA-21,CA-22",SPEC-030,ACC-030,UNBOUND_PENDING_WAVE_03_PLUS,`TST-027` / `GATE-09`,EvidenceEnvelope + source-bound positive/negative/boundary/adversarial receipts,COMPILED_NOT_IMPLEMENTED
COV-15-02,P0,`SRC-00005～00008#4.2`,DOC-08#DOC-08-H03,WP-07,RBWI-08,"CA-03,CA-19,CA-20,CA-22",SPEC-039,ACC-039,UNBOUND_PENDING_WAVE_03_PLUS,"`TST-002, TST-012, TST-022` / `GATE-07`",EvidenceEnvelope + source-bound positive/negative/boundary/adversarial receipts,COMPILED_NOT_IMPLEMENTED
COV-15-03,P0,`SRC-00005～00008#4.3`,DOC-00#DOC-00-H06,"WP-00,WP-23","RBWI-00,RBWI-15,RBWI-16","CA-01,CA-02,CA-05,CA-25,CA-26,CA-27,CA-29,CA-30",SPEC-001,ACC-001,UNBOUND_PENDING_WAVE_03_PLUS,"`TST-015, TST-048` / `GATE-03`",EvidenceEnvelope + source-bound positive/negative/boundary/adversarial receipts,COMPILED_NOT_IMPLEMENTED
COV-15-04,P0,`SRC-00040#2.2；SRC-00041`,DOC-00#DOC-00-H01,"WP-00,WP-23","RBWI-00,RBWI-15,RBWI-16","CA-01,CA-02,CA-05,CA-25,CA-26,CA-27,CA-29,CA-30",SPEC-003,ACC-003,UNBOUND_PENDING_WAVE_03_PLUS,"`TST-001, TST-036, TST-050` / `GATE-00`",EvidenceEnvelope + source-bound positive/negative/boundary/adversarial receipts,COMPILED_NOT_IMPLEMENTED
COV-15-05,P0,`SRC-00037；SRC-00040`,DOC-07#DOC-07-H01,WP-06,RBWI-07,"CA-15,CA-16,CA-17,CA-25",SPEC-034,ACC-034,UNBOUND_PENDING_WAVE_03_PLUS,"`TST-017, TST-027` / `GATE-05`",EvidenceEnvelope + source-bound positive/negative/boundary/adversarial receipts,COMPILED_NOT_IMPLEMENTED
COV-15-06,P0,`SRC-00041#1.3；SRC-00005～00008#4.1`,DOC-27#DOC-27-H01,WP-23,RBWI-16,"CA-25,CA-26,CA-29,CA-30",SPEC-093,ACC-093,UNBOUND_PENDING_WAVE_03_PLUS,`TST-050` / `GATE-19`,EvidenceEnvelope + source-bound positive/negative/boundary/adversarial receipts,COMPILED_NOT_IMPLEMENTED
COV-15-07,P0,`SRC-00040#2.1/3.1`,DOC-15#DOC-15-H01,WP-12,RBWI-06,"CA-11,CA-12,CA-13,CA-14",SPEC-052,ACC-052,UNBOUND_PENDING_WAVE_03_PLUS,`TST-039` / `GATE-13`,EvidenceEnvelope + source-bound positive/negative/boundary/adversarial receipts,COMPILED_NOT_IMPLEMENTED
COV-15-08,P0,`SRC-00038/39；SRC-00005～00008`,DOC-03#DOC-03-H03,WP-02,RBWI-02,"CA-04,CA-05,CA-06",SPEC-009,ACC-009,UNBOUND_PENDING_WAVE_03_PLUS,"`TST-012, TST-013, TST-047` / `GATE-02`",EvidenceEnvelope + source-bound positive/negative/boundary/adversarial receipts,COMPILED_NOT_IMPLEMENTED
COV-15-09,P0,`SRC-00038#2.2；SRC-00039`,DOC-03#DOC-03-H01,WP-02,RBWI-02,"CA-04,CA-05,CA-06",SPEC-011,ACC-011,UNBOUND_PENDING_WAVE_03_PLUS,"`TST-012, TST-037` / `GATE-02`",EvidenceEnvelope + source-bound positive/negative/boundary/adversarial receipts,COMPILED_NOT_IMPLEMENTED
COV-15-10,P0,`SRC-00041#3.2 onwards；SRC-00005～00008`,DOC-18#DOC-18-H01,WP-15,RBWI-09,"CA-10,CA-17,CA-21,CA-22",SPEC-030,ACC-030,UNBOUND_PENDING_WAVE_03_PLUS,"`TST-043, TST-026, TST-041` / `GATE-09`",EvidenceEnvelope + source-bound positive/negative/boundary/adversarial receipts,COMPILED_NOT_IMPLEMENTED
COV-15-11,P0,`SRC-00037；SRC-00005～00008#5`,DOC-00#DOC-00-H01,"WP-00,WP-23","RBWI-00,RBWI-15,RBWI-16","CA-01,CA-02,CA-05,CA-25,CA-26,CA-27,CA-29,CA-30",SPEC-095,ACC-095,UNBOUND_PENDING_WAVE_03_PLUS,"`TST-005, TST-011, TST-041` / `GATE-00`",EvidenceEnvelope + source-bound positive/negative/boundary/adversarial receipts,COMPILED_NOT_IMPLEMENTED
COV-15-12,P0,`SRC-00005～00008#4.5`,DOC-15#DOC-15-H01,WP-12,RBWI-06,"CA-11,CA-12,CA-13,CA-14",SPEC-052,ACC-052,UNBOUND_PENDING_WAVE_03_PLUS,"`TST-039, TST-040` / `GATE-13`",EvidenceEnvelope + source-bound positive/negative/boundary/adversarial receipts,COMPILED_NOT_IMPLEMENTED
COV-16-01,P0,`SRC-00024#2.4/2.5；SRC-00009～00012#5.4`,DOC-16#DOC-16-H01,WP-13,RBWI-07,"CA-15,CA-16,CA-23,CA-27",SPEC-056,ACC-056,UNBOUND_PENDING_WAVE_03_PLUS,"`TST-010, TST-037, TST-038` / `GATE-12`",EvidenceEnvelope + source-bound positive/negative/boundary/adversarial receipts,COMPILED_NOT_IMPLEMENTED
COV-16-02,P0,`KP09`,DOC-00#DOC-00-H01,"WP-00,WP-23","RBWI-00,RBWI-15,RBWI-16","CA-01,CA-02,CA-05,CA-25,CA-26,CA-27,CA-29,CA-30",SPEC-001,ACC-001,UNBOUND_PENDING_WAVE_03_PLUS,"`TST-001, TST-004` / `GATE-00`",EvidenceEnvelope + source-bound positive/negative/boundary/adversarial receipts,COMPILED_NOT_IMPLEMENTED
COV-16-03,P0,`SRC-00015～00025；A03`,DOC-16#DOC-16-H01,WP-13,RBWI-07,"CA-15,CA-16,CA-23,CA-27",SPEC-096,ACC-096,UNBOUND_PENDING_WAVE_03_PLUS,"`TST-029, TST-037, TST-039` / `GATE-12`",EvidenceEnvelope + source-bound positive/negative/boundary/adversarial receipts,COMPILED_NOT_IMPLEMENTED
COV-16-04,P0,`A03；DOC-06`,DOC-00#DOC-00-H01,"WP-00,WP-23","RBWI-00,RBWI-15,RBWI-16","CA-01,CA-02,CA-05,CA-25,CA-26,CA-27,CA-29,CA-30",SPEC-094,ACC-094,UNBOUND_PENDING_WAVE_03_PLUS,"`TST-005, TST-019, TST-034` / `GATE-00`",EvidenceEnvelope + source-bound positive/negative/boundary/adversarial receipts,COMPILED_NOT_IMPLEMENTED
COV-16-05,P0,`SRC-00009～00012#5.4`,DOC-16#DOC-16-H01,WP-13,RBWI-07,"CA-15,CA-16,CA-23,CA-27",SPEC-056,ACC-056,UNBOUND_PENDING_WAVE_03_PLUS,"`TST-009, TST-037` / `GATE-12`",EvidenceEnvelope + source-bound positive/negative/boundary/adversarial receipts,COMPILED_NOT_IMPLEMENTED
COV-16-06,P0,`SRC-00009～00012#5.2/5.6；DOC-06`,DOC-16#DOC-16-H02,WP-13,RBWI-07,"CA-15,CA-16,CA-23,CA-27",SPEC-056,ACC-056,UNBOUND_PENDING_WAVE_03_PLUS,"`TST-037, TST-038, TST-048` / `GATE-12`",EvidenceEnvelope + source-bound positive/negative/boundary/adversarial receipts,COMPILED_NOT_IMPLEMENTED
COV-16-07,P0,`DOC-06/09`,DOC-16#DOC-16-H01,WP-13,RBWI-07,"CA-15,CA-16,CA-23,CA-27",SPEC-057,ACC-057,UNBOUND_PENDING_WAVE_03_PLUS,"`TST-034, TST-037, TST-041` / `GATE-12`",EvidenceEnvelope + source-bound positive/negative/boundary/adversarial receipts,COMPILED_NOT_IMPLEMENTED
COV-16-08,P0,`SRC-00016/17/21`,DOC-25#DOC-25-H01,WP-21,RBWI-17,"CA-05,CA-22,CA-28,CA-30",SPEC-088,ACC-088,UNBOUND_PENDING_WAVE_03_PLUS,"`TST-040, TST-005, TST-010` / `GATE-10`",EvidenceEnvelope + source-bound positive/negative/boundary/adversarial receipts,COMPILED_NOT_IMPLEMENTED
COV-16-09,P0,`DOC-03/07；KP11`,DOC-00#DOC-00-H01,"WP-00,WP-23","RBWI-00,RBWI-15,RBWI-16","CA-01,CA-02,CA-05,CA-25,CA-26,CA-27,CA-29,CA-30",SPEC-094,ACC-094,UNBOUND_PENDING_WAVE_03_PLUS,"`TST-001, TST-005, TST-009` / `GATE-00`",EvidenceEnvelope + source-bound positive/negative/boundary/adversarial receipts,COMPILED_NOT_IMPLEMENTED
COV-16-10,P0,`SRC-00021/25；SRC-00034`,DOC-05#DOC-05-H01,WP-04,RBWI-04,"CA-06,CA-08,CA-09,CA-10,CA-29",SPEC-019,ACC-019,UNBOUND_PENDING_WAVE_03_PLUS,"`TST-027, TST-017, TST-022` / `GATE-08`",EvidenceEnvelope + source-bound positive/negative/boundary/adversarial receipts,COMPILED_NOT_IMPLEMENTED
COV-16-11,P0,`SRC-00038#2.2；SRC-00039`,DOC-03#DOC-03-H01,WP-02,RBWI-02,"CA-04,CA-05,CA-06",SPEC-013,ACC-013,UNBOUND_PENDING_WAVE_03_PLUS,"`TST-012, TST-029, TST-037` / `GATE-02`",EvidenceEnvelope + source-bound positive/negative/boundary/adversarial receipts,COMPILED_NOT_IMPLEMENTED
COV-16-12,P0,`DOC-06/08/14；KP08`,DOC-00#DOC-00-H01,"WP-00,WP-23","RBWI-00,RBWI-15,RBWI-16","CA-01,CA-02,CA-05,CA-25,CA-26,CA-27,CA-29,CA-30",SPEC-095,ACC-095,UNBOUND_PENDING_WAVE_03_PLUS,"`TST-014, TST-015` / `GATE-03`",EvidenceEnvelope + source-bound positive/negative/boundary/adversarial receipts,COMPILED_NOT_IMPLEMENTED
COV-17-01,P0,`KP11；KP01`,DOC-00#DOC-00-H01,"WP-00,WP-23","RBWI-00,RBWI-15,RBWI-16","CA-01,CA-02,CA-05,CA-25,CA-26,CA-27,CA-29,CA-30",SPEC-003,ACC-003,UNBOUND_PENDING_WAVE_03_PLUS,"`TST-001, TST-002` / `GATE-00`",EvidenceEnvelope + source-bound positive/negative/boundary/adversarial receipts,COMPILED_NOT_IMPLEMENTED
COV-17-02,P0,`KP11；SRC-00040/41`,DOC-15#DOC-15-H05,WP-12,RBWI-06,"CA-11,CA-12,CA-13,CA-14",SPEC-054,ACC-054,UNBOUND_PENDING_WAVE_03_PLUS,"`TST-036, TST-015, TST-039` / `GATE-13`",EvidenceEnvelope + source-bound positive/negative/boundary/adversarial receipts,COMPILED_NOT_IMPLEMENTED
COV-17-03,P0,`SRC-00040#2.2/2.4；DOC-07`,DOC-27#DOC-27-H01,WP-23,RBWI-16,"CA-25,CA-26,CA-29,CA-30",SPEC-092,ACC-092,UNBOUND_PENDING_WAVE_03_PLUS,"`TST-050, TST-015, TST-035` / `GATE-19`",EvidenceEnvelope + source-bound positive/negative/boundary/adversarial receipts,COMPILED_NOT_IMPLEMENTED
COV-17-04,P0,`DOC-07；KP11`,DOC-00#DOC-00-H01,"WP-00,WP-23","RBWI-00,RBWI-15,RBWI-16","CA-01,CA-02,CA-05,CA-25,CA-26,CA-27,CA-29,CA-30",SPEC-003,ACC-003,UNBOUND_PENDING_WAVE_03_PLUS,"`TST-002, TST-034, TST-039` / `GATE-00`",EvidenceEnvelope + source-bound positive/negative/boundary/adversarial receipts,COMPILED_NOT_IMPLEMENTED
COV-17-05,P0,`DOC-07/10；KP11`,DOC-27#DOC-27-H01,WP-23,RBWI-16,"CA-25,CA-26,CA-29,CA-30",SPEC-095,ACC-095,UNBOUND_PENDING_WAVE_03_PLUS,"`TST-005, TST-011, TST-035` / `GATE-19`",EvidenceEnvelope + source-bound positive/negative/boundary/adversarial receipts,COMPILED_NOT_IMPLEMENTED
COV-17-06,P0,`KP11；DOC-07`,DOC-00#DOC-00-H06,"WP-00,WP-23","RBWI-00,RBWI-15,RBWI-16","CA-01,CA-02,CA-05,CA-25,CA-26,CA-27,CA-29,CA-30",SPEC-095,ACC-095,UNBOUND_PENDING_WAVE_03_PLUS,"`TST-015, TST-001, TST-037` / `GATE-03`",EvidenceEnvelope + source-bound positive/negative/boundary/adversarial receipts,COMPILED_NOT_IMPLEMENTED
COV-17-07,P0,`SRC-00009～00012#5.2-7`,DOC-00#DOC-00-H01,"WP-00,WP-23","RBWI-00,RBWI-15,RBWI-16","CA-01,CA-02,CA-05,CA-25,CA-26,CA-27,CA-29,CA-30",SPEC-095,ACC-095,UNBOUND_PENDING_WAVE_03_PLUS,"`TST-041, TST-015` / `GATE-03`",EvidenceEnvelope + source-bound positive/negative/boundary/adversarial receipts,COMPILED_NOT_IMPLEMENTED
COV-17-08,P0,`SRC-00040#2.4；SRC-00005～00008`,DOC-00#DOC-00-H01,"WP-00,WP-23","RBWI-00,RBWI-15,RBWI-16","CA-01,CA-02,CA-05,CA-25,CA-26,CA-27,CA-29,CA-30",SPEC-001,ACC-001,UNBOUND_PENDING_WAVE_03_PLUS,`TST-035` / `GATE-03`,EvidenceEnvelope + source-bound positive/negative/boundary/adversarial receipts,COMPILED_NOT_IMPLEMENTED
COV-17-09,P0,`SRC-00001～00008；DOC-07`,DOC-00#DOC-00-H06,"WP-00,WP-23","RBWI-00,RBWI-15,RBWI-16","CA-01,CA-02,CA-05,CA-25,CA-26,CA-27,CA-29,CA-30",SPEC-001,ACC-001,UNBOUND_PENDING_WAVE_03_PLUS,"`TST-014, TST-028, TST-034` / `GATE-03`",EvidenceEnvelope + source-bound positive/negative/boundary/adversarial receipts,COMPILED_NOT_IMPLEMENTED
COV-17-10,P0,`SRC-00009～00012；DOC-08/14`,DOC-00#DOC-00-H09,"WP-00,WP-23","RBWI-00,RBWI-15,RBWI-16","CA-01,CA-02,CA-05,CA-25,CA-26,CA-27,CA-29,CA-30",SPEC-001,ACC-001,UNBOUND_PENDING_WAVE_03_PLUS,"`TST-015, TST-034, TST-048` / `GATE-03`",EvidenceEnvelope + source-bound positive/negative/boundary/adversarial receipts,COMPILED_NOT_IMPLEMENTED
COV-17-11,P0,`KP11；DOC-07`,DOC-20#DOC-20-H04,WP-17,RBWI-13,"CA-17,CA-23,CA-25,CA-27",SPEC-071,ACC-071,UNBOUND_PENDING_WAVE_03_PLUS,"`TST-013, TST-034, TST-035` / `GATE-15`",EvidenceEnvelope + source-bound positive/negative/boundary/adversarial receipts,COMPILED_NOT_IMPLEMENTED
COV-17-12,P0,`DOC-07/10/13`,DOC-03#DOC-03-H01,WP-02,RBWI-02,"CA-04,CA-05,CA-06",SPEC-011,ACC-011,UNBOUND_PENDING_WAVE_03_PLUS,"`TST-015, TST-043` / `GATE-02`",EvidenceEnvelope + source-bound positive/negative/boundary/adversarial receipts,COMPILED_NOT_IMPLEMENTED
COV-17-13,P0,`DOC-06/07/10`,DOC-00#DOC-00-H04,"WP-00,WP-23","RBWI-00,RBWI-15,RBWI-16","CA-01,CA-02,CA-05,CA-25,CA-26,CA-27,CA-29,CA-30",SPEC-093,ACC-093,UNBOUND_PENDING_WAVE_03_PLUS,"`TST-002, TST-005, TST-019` / `GATE-00`",EvidenceEnvelope + source-bound positive/negative/boundary/adversarial receipts,COMPILED_NOT_IMPLEMENTED
COV-18-01,P0,`DOC-09；KP10`,DOC-04#DOC-04-H01,WP-03,RBWI-03,"CA-02,CA-07,CA-22",SPEC-017,ACC-017,UNBOUND_PENDING_WAVE_03_PLUS,`TST-012` / `GATE-01`,EvidenceEnvelope + source-bound positive/negative/boundary/adversarial receipts,COMPILED_NOT_IMPLEMENTED
COV-18-02,P0,`DOC-09；KP10`,DOC-21#DOC-21-H07,WP-18,RBWI-12,"CA-22,CA-23,CA-25,CA-27",SPEC-073,ACC-073,UNBOUND_PENDING_WAVE_03_PLUS,`TST-005` / `GATE-16`,EvidenceEnvelope + source-bound positive/negative/boundary/adversarial receipts,COMPILED_NOT_IMPLEMENTED
COV-18-03,P0,`KP10；DOC-09`,DOC-21#DOC-21-H05,WP-18,RBWI-12,"CA-22,CA-23,CA-25,CA-27",SPEC-074,ACC-074,UNBOUND_PENDING_WAVE_03_PLUS,`TST-041` / `GATE-16`,EvidenceEnvelope + source-bound positive/negative/boundary/adversarial receipts,COMPILED_NOT_IMPLEMENTED
COV-18-04,P0,`SRC-00026～00036；DOC-09`,DOC-00#DOC-00-H09,"WP-00,WP-23","RBWI-00,RBWI-15,RBWI-16","CA-01,CA-02,CA-05,CA-25,CA-26,CA-27,CA-29,CA-30",SPEC-003,ACC-003,UNBOUND_PENDING_WAVE_03_PLUS,"`TST-002, TST-026, TST-048` / `GATE-00`",EvidenceEnvelope + source-bound positive/negative/boundary/adversarial receipts,COMPILED_NOT_IMPLEMENTED
COV-18-05,P0,`SRC-00009～00012#5.2-6；DOC-10`,DOC-03#DOC-03-H01,WP-02,RBWI-02,"CA-04,CA-05,CA-06",SPEC-011,ACC-011,UNBOUND_PENDING_WAVE_03_PLUS,`TST-041` / `GATE-02`,EvidenceEnvelope + source-bound positive/negative/boundary/adversarial receipts,COMPILED_NOT_IMPLEMENTED
COV-18-06,P0,`DOC-09/10`,DOC-21#DOC-21-H01,WP-18,RBWI-12,"CA-22,CA-23,CA-25,CA-27",SPEC-075,ACC-075,UNBOUND_PENDING_WAVE_03_PLUS,"`TST-016, TST-041, TST-048` / `GATE-16`",EvidenceEnvelope + source-bound positive/negative/boundary/adversarial receipts,COMPILED_NOT_IMPLEMENTED
COV-18-07,P0,`DOC-00～14；KP10/KP14`,DOC-27#DOC-27-H01,WP-23,RBWI-16,"CA-25,CA-26,CA-29,CA-30",SPEC-093,ACC-093,UNBOUND_PENDING_WAVE_03_PLUS,"`TST-009, TST-049` / `GATE-19`",EvidenceEnvelope + source-bound positive/negative/boundary/adversarial receipts,COMPILED_NOT_IMPLEMENTED
COV-18-08,P0,`DOC-10/14；KP14`,DOC-00#DOC-00-H07,"WP-00,WP-23","RBWI-00,RBWI-15,RBWI-16","CA-01,CA-02,CA-05,CA-25,CA-26,CA-27,CA-29,CA-30",SPEC-092,ACC-092,UNBOUND_PENDING_WAVE_03_PLUS,"`TST-002, TST-050, TST-012` / `GATE-00`",EvidenceEnvelope + source-bound positive/negative/boundary/adversarial receipts,COMPILED_NOT_IMPLEMENTED
COV-18-09,P0,`DOC-00～14；KP14`,DOC-27#DOC-27-H01,WP-23,RBWI-16,"CA-25,CA-26,CA-29,CA-30",SPEC-092,ACC-092,UNBOUND_PENDING_WAVE_03_PLUS,"`TST-009, TST-048, TST-050` / `GATE-19`",EvidenceEnvelope + source-bound positive/negative/boundary/adversarial receipts,COMPILED_NOT_IMPLEMENTED
COV-18-10,P0,`DOC-09/10/14`,DOC-27#DOC-27-H01,WP-23,RBWI-16,"CA-25,CA-26,CA-29,CA-30",SPEC-092,ACC-092,UNBOUND_PENDING_WAVE_03_PLUS,"`TST-009, TST-015, TST-028` / `GATE-19`",EvidenceEnvelope + source-bound positive/negative/boundary/adversarial receipts,COMPILED_NOT_IMPLEMENTED
COV-18-11,P0,`DOC-10/14`,DOC-27#DOC-27-H06,WP-23,RBWI-16,"CA-25,CA-26,CA-29,CA-30",SPEC-095,ACC-095,UNBOUND_PENDING_WAVE_03_PLUS,"`TST-049, TST-050, TST-034` / `GATE-19`",EvidenceEnvelope + source-bound positive/negative/boundary/adversarial receipts,COMPILED_NOT_IMPLEMENTED
COV-18-12,P0,`KP13；DOC-09/14`,DOC-27#DOC-27-H06,WP-23,RBWI-16,"CA-25,CA-26,CA-29,CA-30",SPEC-093,ACC-093,UNBOUND_PENDING_WAVE_03_PLUS,`TST-050` / `GATE-19`,EvidenceEnvelope + source-bound positive/negative/boundary/adversarial receipts,COMPILED_NOT_IMPLEMENTED
COV-19-01,P0,`KP08；主軸稿 metadata`,DOC-27#DOC-27-H01,WP-23,RBWI-16,"CA-25,CA-26,CA-29,CA-30",SPEC-095,ACC-095,UNBOUND_PENDING_WAVE_03_PLUS,"`TST-009, TST-049` / `GATE-19`",EvidenceEnvelope + source-bound positive/negative/boundary/adversarial receipts,COMPILED_NOT_IMPLEMENTED
COV-19-02,P0,`DOC-11/12`,DOC-05#DOC-05-H08,WP-04,RBWI-04,"CA-06,CA-08,CA-09,CA-10,CA-29",SPEC-019,ACC-019,UNBOUND_PENDING_WAVE_03_PLUS,"`TST-024, TST-010, TST-040` / `GATE-08`",EvidenceEnvelope + source-bound positive/negative/boundary/adversarial receipts,COMPILED_NOT_IMPLEMENTED
COV-19-03,P0,`DOC-11/12`,DOC-27#DOC-27-H05,WP-23,RBWI-16,"CA-25,CA-26,CA-29,CA-30",SPEC-095,ACC-095,UNBOUND_PENDING_WAVE_03_PLUS,"`TST-015, TST-048, TST-050` / `GATE-19`",EvidenceEnvelope + source-bound positive/negative/boundary/adversarial receipts,COMPILED_NOT_IMPLEMENTED
COV-19-04,P0,`DOC-11/13`,DOC-00#DOC-00-H09,"WP-00,WP-23","RBWI-00,RBWI-15,RBWI-16","CA-01,CA-02,CA-05,CA-25,CA-26,CA-27,CA-29,CA-30",SPEC-003,ACC-003,UNBOUND_PENDING_WAVE_03_PLUS,"`TST-011, TST-002, TST-004` / `GATE-00`",EvidenceEnvelope + source-bound positive/negative/boundary/adversarial receipts,COMPILED_NOT_IMPLEMENTED
COV-19-05,P0,`DOC-05/12`,DOC-18#DOC-18-H01,WP-15,RBWI-09,"CA-10,CA-17,CA-21,CA-22",SPEC-031,ACC-031,UNBOUND_PENDING_WAVE_03_PLUS,"`TST-026, TST-018, TST-036` / `GATE-09`",EvidenceEnvelope + source-bound positive/negative/boundary/adversarial receipts,COMPILED_NOT_IMPLEMENTED
COV-19-06,P0,`DOC-11/12`,DOC-21#DOC-21-H01,WP-18,RBWI-12,"CA-22,CA-23,CA-25,CA-27",SPEC-072,ACC-072,UNBOUND_PENDING_WAVE_03_PLUS,"`TST-041, TST-028, TST-034` / `GATE-16`",EvidenceEnvelope + source-bound positive/negative/boundary/adversarial receipts,COMPILED_NOT_IMPLEMENTED
COV-19-07,P0,`DOC-09/10/11`,DOC-21#DOC-21-H01,WP-18,RBWI-12,"CA-22,CA-23,CA-25,CA-27",SPEC-046,ACC-046,UNBOUND_PENDING_WAVE_03_PLUS,"`TST-028, TST-041, TST-049` / `GATE-16`",EvidenceEnvelope + source-bound positive/negative/boundary/adversarial receipts,COMPILED_NOT_IMPLEMENTED
COV-19-08,P0,`DOC-07/11/13`,DOC-04#DOC-04-H01,WP-03,RBWI-03,"CA-02,CA-07,CA-22",SPEC-017,ACC-017,UNBOUND_PENDING_WAVE_03_PLUS,"`TST-010, TST-040, TST-041` / `GATE-01`",EvidenceEnvelope + source-bound positive/negative/boundary/adversarial receipts,COMPILED_NOT_IMPLEMENTED
COV-19-09,P0,`SRC-00033#裁決C；KP17`,DOC-03#DOC-03-H03,WP-02,RBWI-02,"CA-04,CA-05,CA-06",SPEC-012,ACC-012,UNBOUND_PENDING_WAVE_03_PLUS,`TST-041` / `GATE-02`,EvidenceEnvelope + source-bound positive/negative/boundary/adversarial receipts,COMPILED_NOT_IMPLEMENTED
COV-19-10,P0,`SRC-00033～00036；DOC-13`,DOC-03#DOC-03-H02,WP-02,RBWI-02,"CA-04,CA-05,CA-06",SPEC-010,ACC-010,UNBOUND_PENDING_WAVE_03_PLUS,"`TST-013, TST-025, TST-041` / `GATE-02`",EvidenceEnvelope + source-bound positive/negative/boundary/adversarial receipts,COMPILED_NOT_IMPLEMENTED
COV-19-11,P0,`DOC-11～13`,DOC-14#DOC-14-H01,WP-11,RBWI-11,"CA-18,CA-24,CA-25,CA-27",SPEC-051,ACC-051,UNBOUND_PENDING_WAVE_03_PLUS,"`TST-018, TST-044, TST-045` / `GATE-06`",EvidenceEnvelope + source-bound positive/negative/boundary/adversarial receipts,COMPILED_NOT_IMPLEMENTED
COV-20-01,P0,`SRC-00283～SRC-00296；主軸稿#3.5`,DOC-05#DOC-05-H01,WP-04,RBWI-04,"CA-06,CA-08,CA-09,CA-10,CA-29",SPEC-019,ACC-019,UNBOUND_PENDING_WAVE_03_PLUS,`TST-009` / `GATE-04`,EvidenceEnvelope + source-bound positive/negative/boundary/adversarial receipts,COMPILED_NOT_IMPLEMENTED
COV-20-02,P0,`SRC-00042～SRC-00282；主軸稿#3.5`,DOC-03#DOC-03-H05,WP-02,RBWI-02,"CA-04,CA-05,CA-06",SPEC-011,ACC-011,UNBOUND_PENDING_WAVE_03_PLUS,"`TST-026, TST-037` / `GATE-02`",EvidenceEnvelope + source-bound positive/negative/boundary/adversarial receipts,COMPILED_NOT_IMPLEMENTED
COV-20-03,P0,`SRC-00034#S1-02；主軸稿#3.5`,DOC-00#DOC-00-H01,"WP-00,WP-23","RBWI-00,RBWI-15,RBWI-16","CA-01,CA-02,CA-05,CA-25,CA-26,CA-27,CA-29,CA-30",SPEC-003,ACC-003,UNBOUND_PENDING_WAVE_03_PLUS,"`TST-001, TST-013, TST-048` / `GATE-00`",EvidenceEnvelope + source-bound positive/negative/boundary/adversarial receipts,COMPILED_NOT_IMPLEMENTED
COV-20-04,P0,`SRC-00515～SRC-00522；KP17`,DOC-26#DOC-26-H02,WP-22,RBWI-16,"CA-10,CA-23,CA-29,CA-30",SPEC-089,ACC-089,UNBOUND_PENDING_WAVE_03_PLUS,"`TST-041, TST-044` / `GATE-17`",EvidenceEnvelope + source-bound positive/negative/boundary/adversarial receipts,COMPILED_NOT_IMPLEMENTED
COV-20-05,P0,`SRC-00033#裁決C`,DOC-03#DOC-03-H02,WP-02,RBWI-02,"CA-04,CA-05,CA-06",SPEC-010,ACC-010,UNBOUND_PENDING_WAVE_03_PLUS,`TST-001` / `GATE-02`,EvidenceEnvelope + source-bound positive/negative/boundary/adversarial receipts,COMPILED_NOT_IMPLEMENTED
COV-20-06,P0,`主軸稿#1.4`,DOC-16#DOC-16-H01,WP-13,RBWI-07,"CA-15,CA-16,CA-23,CA-27",SPEC-096,ACC-096,UNBOUND_PENDING_WAVE_03_PLUS,"`TST-037, TST-045` / `GATE-12`",EvidenceEnvelope + source-bound positive/negative/boundary/adversarial receipts,COMPILED_NOT_IMPLEMENTED
COV-20-07,P0,`SRC-00026～00036`,DOC-04#DOC-04-H01,WP-03,RBWI-03,"CA-02,CA-07,CA-22",SPEC-017,ACC-017,UNBOUND_PENDING_WAVE_03_PLUS,"`TST-009, TST-012, TST-014` / `GATE-01`",EvidenceEnvelope + source-bound positive/negative/boundary/adversarial receipts,COMPILED_NOT_IMPLEMENTED
COV-20-08,P0,`DOC-00/08/10；主軸稿 TT`,DOC-00#DOC-00-H09,"WP-00,WP-23","RBWI-00,RBWI-15,RBWI-16","CA-01,CA-02,CA-05,CA-25,CA-26,CA-27,CA-29,CA-30",SPEC-092,ACC-092,UNBOUND_PENDING_WAVE_03_PLUS,"`TST-005, TST-048` / `GATE-00`",EvidenceEnvelope + source-bound positive/negative/boundary/adversarial receipts,COMPILED_NOT_IMPLEMENTED
COV-20-09,P0,`SRC-00034#S2-05；DOC-06`,DOC-16#DOC-16-H01,WP-13,RBWI-07,"CA-15,CA-16,CA-23,CA-27",SPEC-055,ACC-055,UNBOUND_PENDING_WAVE_03_PLUS,`TST-037` / `GATE-12`,EvidenceEnvelope + source-bound positive/negative/boundary/adversarial receipts,COMPILED_NOT_IMPLEMENTED
COV-20-10,P0,`SRC-00035#2.1/3.3；KP13`,DOC-00#DOC-00-H01,"WP-00,WP-23","RBWI-00,RBWI-15,RBWI-16","CA-01,CA-02,CA-05,CA-25,CA-26,CA-27,CA-29,CA-30",SPEC-094,ACC-094,UNBOUND_PENDING_WAVE_03_PLUS,`TST-049` / `GATE-00`,EvidenceEnvelope + source-bound positive/negative/boundary/adversarial receipts,COMPILED_NOT_IMPLEMENTED
COV-20-11,P0,`SRC-00034；DOC-09/14`,DOC-21#DOC-21-H01,WP-18,RBWI-12,"CA-22,CA-23,CA-25,CA-27",SPEC-046,ACC-046,UNBOUND_PENDING_WAVE_03_PLUS,"`TST-041, TST-046` / `GATE-16`",EvidenceEnvelope + source-bound positive/negative/boundary/adversarial receipts,COMPILED_NOT_IMPLEMENTED
COV-21-01,P0,`SRC-00001～00004#2.1；SRC-00009～00012#5.1`,DOC-08#DOC-08-H01,WP-07,RBWI-08,"CA-03,CA-19,CA-20,CA-22",SPEC-038,ACC-038,UNBOUND_PENDING_WAVE_03_PLUS,"`TST-019, TST-020, TST-021` / `GATE-07`",EvidenceEnvelope + source-bound positive/negative/boundary/adversarial receipts,COMPILED_NOT_IMPLEMENTED
COV-21-02,P0,`SRC-00009～00012#5.1；SRC-00034`,DOC-00#DOC-00-H01,"WP-00,WP-23","RBWI-00,RBWI-15,RBWI-16","CA-01,CA-02,CA-05,CA-25,CA-26,CA-27,CA-29,CA-30",SPEC-001,ACC-001,UNBOUND_PENDING_WAVE_03_PLUS,"`TST-001, TST-004` / `GATE-00`",EvidenceEnvelope + source-bound positive/negative/boundary/adversarial receipts,COMPILED_NOT_IMPLEMENTED
COV-21-03,P0,`SRC-00040#2.2`,DOC-15#DOC-15-H01,WP-12,RBWI-06,"CA-11,CA-12,CA-13,CA-14",SPEC-052,ACC-052,UNBOUND_PENDING_WAVE_03_PLUS,"`TST-036, TST-050` / `GATE-13`",EvidenceEnvelope + source-bound positive/negative/boundary/adversarial receipts,COMPILED_NOT_IMPLEMENTED
COV-21-04,P0,`SRC-00037/40`,DOC-07#DOC-07-H02,WP-06,RBWI-07,"CA-15,CA-16,CA-17,CA-25",SPEC-033,ACC-033,UNBOUND_PENDING_WAVE_03_PLUS,"`TST-017, TST-027` / `GATE-05`",EvidenceEnvelope + source-bound positive/negative/boundary/adversarial receipts,COMPILED_NOT_IMPLEMENTED
COV-21-05,P0,`SRC-00001～00004#2.3；SRC-00038/39`,DOC-03#DOC-03-H01,WP-02,RBWI-02,"CA-04,CA-05,CA-06",SPEC-009,ACC-009,UNBOUND_PENDING_WAVE_03_PLUS,"`TST-012, TST-029` / `GATE-02`",EvidenceEnvelope + source-bound positive/negative/boundary/adversarial receipts,COMPILED_NOT_IMPLEMENTED
COV-21-06,P0,`SRC-00009～00012#5.1；SRC-00038`,DOC-03#DOC-03-H03,WP-02,RBWI-02,"CA-04,CA-05,CA-06",SPEC-009,ACC-009,UNBOUND_PENDING_WAVE_03_PLUS,"`TST-012, TST-029` / `GATE-02`",EvidenceEnvelope + source-bound positive/negative/boundary/adversarial receipts,COMPILED_NOT_IMPLEMENTED
COV-21-07,P0,`KP09/KP12`,DOC-00#DOC-00-H01,"WP-00,WP-23","RBWI-00,RBWI-15,RBWI-16","CA-01,CA-02,CA-05,CA-25,CA-26,CA-27,CA-29,CA-30",SPEC-003,ACC-003,UNBOUND_PENDING_WAVE_03_PLUS,"`TST-002, TST-050` / `GATE-00`",EvidenceEnvelope + source-bound positive/negative/boundary/adversarial receipts,COMPILED_NOT_IMPLEMENTED
COV-21-08,P0,`DOC-00～14；KP10/KP14`,DOC-27#DOC-27-H04,WP-23,RBWI-16,"CA-25,CA-26,CA-29,CA-30",SPEC-092,ACC-092,UNBOUND_PENDING_WAVE_03_PLUS,"`TST-009, TST-041, TST-049` / `GATE-19`",EvidenceEnvelope + source-bound positive/negative/boundary/adversarial receipts,COMPILED_NOT_IMPLEMENTED
COV-21-09,P0,`SRC-00001～00004#2.3；SRC-00018`,DOC-04#DOC-04-H01,WP-03,RBWI-03,"CA-02,CA-07,CA-22",SPEC-014,ACC-014,UNBOUND_PENDING_WAVE_03_PLUS,`TST-003` / `GATE-01`,EvidenceEnvelope + source-bound positive/negative/boundary/adversarial receipts,COMPILED_NOT_IMPLEMENTED
COV-21-10,P0,`SRC-00009～00012#5.1`,DOC-25#DOC-25-H04,WP-21,RBWI-17,"CA-05,CA-22,CA-28,CA-30",SPEC-086,ACC-086,UNBOUND_PENDING_WAVE_03_PLUS,"`TST-029, TST-009, TST-028` / `GATE-10`",EvidenceEnvelope + source-bound positive/negative/boundary/adversarial receipts,COMPILED_NOT_IMPLEMENTED
COV-21-11,P0,`KP01/KP13；主軸稿#4.4`,DOC-27#DOC-27-H01,WP-23,RBWI-16,"CA-25,CA-26,CA-29,CA-30",SPEC-094,ACC-094,UNBOUND_PENDING_WAVE_03_PLUS,"`TST-005, TST-050` / `GATE-19`",EvidenceEnvelope + source-bound positive/negative/boundary/adversarial receipts,COMPILED_NOT_IMPLEMENTED
COV-22-01,P0,`使用者本輪需求；DOC-00/02`,DOC-04#DOC-04-H01,WP-03,RBWI-03,"CA-02,CA-07,CA-22",SPEC-014,ACC-014,UNBOUND_PENDING_WAVE_03_PLUS,"`TST-010, TST-001, TST-009` / `GATE-01`",EvidenceEnvelope + source-bound positive/negative/boundary/adversarial receipts,COMPILED_NOT_IMPLEMENTED
COV-22-02,P0,`SRC-00014；DOC-01/02/09`,DOC-04#DOC-04-H01,WP-03,RBWI-03,"CA-02,CA-07,CA-22",SPEC-014,ACC-014,UNBOUND_PENDING_WAVE_03_PLUS,"`TST-002, TST-004, TST-048` / `GATE-01`",EvidenceEnvelope + source-bound positive/negative/boundary/adversarial receipts,COMPILED_NOT_IMPLEMENTED
COV-22-03,P0,`DOC-09/14；KP13`,DOC-03#DOC-03-H05,WP-02,RBWI-02,"CA-04,CA-05,CA-06",SPEC-011,ACC-011,UNBOUND_PENDING_WAVE_03_PLUS,"`TST-008, TST-026, TST-044` / `GATE-02`",EvidenceEnvelope + source-bound positive/negative/boundary/adversarial receipts,COMPILED_NOT_IMPLEMENTED
COV-22-04,P0,`SRC-00009～00012；SRC-00026～00041`,DOC-03#DOC-03-H02,WP-02,RBWI-02,"CA-04,CA-05,CA-06",SPEC-010,ACC-010,UNBOUND_PENDING_WAVE_03_PLUS,"`TST-009, TST-012, TST-026` / `GATE-02`",EvidenceEnvelope + source-bound positive/negative/boundary/adversarial receipts,COMPILED_NOT_IMPLEMENTED
COV-22-05,P0,`SRC-00009～00012#5.6`,DOC-25#DOC-25-H09,WP-21,RBWI-17,"CA-05,CA-22,CA-28,CA-30",SPEC-087,ACC-087,UNBOUND_PENDING_WAVE_03_PLUS,"`TST-007, TST-012, TST-013` / `GATE-10`",EvidenceEnvelope + source-bound positive/negative/boundary/adversarial receipts,COMPILED_NOT_IMPLEMENTED
COV-22-06,P0,`SRC-00026～00036；DOC set`,DOC-05#DOC-05-H01,WP-04,RBWI-04,"CA-06,CA-08,CA-09,CA-10,CA-29",SPEC-019,ACC-019,UNBOUND_PENDING_WAVE_03_PLUS,`TST-050` / `GATE-04`,EvidenceEnvelope + source-bound positive/negative/boundary/adversarial receipts,COMPILED_NOT_IMPLEMENTED
COV-22-07,P0,`DOC-03/06；A03`,DOC-15#DOC-15-H04,WP-12,RBWI-06,"CA-11,CA-12,CA-13,CA-14",SPEC-054,ACC-054,UNBOUND_PENDING_WAVE_03_PLUS,"`TST-014, TST-029, TST-039` / `GATE-13`",EvidenceEnvelope + source-bound positive/negative/boundary/adversarial receipts,COMPILED_NOT_IMPLEMENTED
COV-22-08,P0,`DOC-07/09`,DOC-20#DOC-20-H04,WP-17,RBWI-13,"CA-17,CA-23,CA-25,CA-27",SPEC-070,ACC-070,UNBOUND_PENDING_WAVE_03_PLUS,"`TST-034, TST-010, TST-035` / `GATE-15`",EvidenceEnvelope + source-bound positive/negative/boundary/adversarial receipts,COMPILED_NOT_IMPLEMENTED
COV-22-09,P0,`SRC-00005～00008；SRC-00037～00041`,DOC-06#DOC-06-H01,WP-05,RBWI-05,"CA-16,CA-17,CA-21,CA-25",SPEC-024,ACC-024,UNBOUND_PENDING_WAVE_03_PLUS,"`TST-043, TST-005, TST-011` / `GATE-11`",EvidenceEnvelope + source-bound positive/negative/boundary/adversarial receipts,COMPILED_NOT_IMPLEMENTED
COV-22-10,P0,`DOC-10/14`,DOC-27#DOC-27-H07,WP-23,RBWI-16,"CA-25,CA-26,CA-29,CA-30",SPEC-095,ACC-095,UNBOUND_PENDING_WAVE_03_PLUS,"`TST-041, TST-049, TST-002` / `GATE-19`",EvidenceEnvelope + source-bound positive/negative/boundary/adversarial receipts,COMPILED_NOT_IMPLEMENTED
COV-22-11,P0,`使用者本輪需求；DOC-11/12`,DOC-05#DOC-05-H08,WP-04,RBWI-04,"CA-06,CA-08,CA-09,CA-10,CA-29",SPEC-019,ACC-019,UNBOUND_PENDING_WAVE_03_PLUS,"`TST-024, TST-048, TST-006` / `GATE-08`",EvidenceEnvelope + source-bound positive/negative/boundary/adversarial receipts,COMPILED_NOT_IMPLEMENTED
COV-22-12,P0,`KP14；主軸稿 metadata`,DOC-04#DOC-04-H01,WP-03,RBWI-03,"CA-02,CA-07,CA-22",SPEC-014,ACC-014,UNBOUND_PENDING_WAVE_03_PLUS,"`TST-009, TST-050` / `GATE-01`",EvidenceEnvelope + source-bound positive/negative/boundary/adversarial receipts,COMPILED_NOT_IMPLEMENTED
SQS-REQ-001,P0,`USER_DEFINED＋本輪 exact-term scan=0`,DOC-00#DOC-00-H01,"WP-00,WP-23","RBWI-00,RBWI-15,RBWI-16","CA-01,CA-02,CA-05,CA-25,CA-26,CA-27,CA-29,CA-30",SPEC-003,ACC-003,UNBOUND_PENDING_WAVE_03_PLUS,"`TST-002, TST-031` / `GATE-00`",EvidenceEnvelope + source-bound positive/negative/boundary/adversarial receipts,COMPILED_NOT_IMPLEMENTED
SQS-REQ-002,P0,`HG-KSEOS Domain Factory embryo`,DOC-00#DOC-00-H06,"WP-00,WP-23","RBWI-00,RBWI-15,RBWI-16","CA-01,CA-02,CA-05,CA-25,CA-26,CA-27,CA-29,CA-30",SPEC-095,ACC-095,UNBOUND_PENDING_WAVE_03_PLUS,"`TST-002, TST-028, TST-048` / `GATE-00`",EvidenceEnvelope + source-bound positive/negative/boundary/adversarial receipts,COMPILED_NOT_IMPLEMENTED
SQS-REQ-003,P0,`HG-KSEOS Domain Factory embryo`,DOC-15#DOC-15-H01,WP-12,RBWI-06,"CA-11,CA-12,CA-13,CA-14",SPEC-052,ACC-052,UNBOUND_PENDING_WAVE_03_PLUS,"`TST-002, TST-029, TST-034` / `GATE-13`",EvidenceEnvelope + source-bound positive/negative/boundary/adversarial receipts,COMPILED_NOT_IMPLEMENTED
SQS-REQ-004,P0,`COV-05/06/12；主軸稿`,DOC-03#DOC-03-H02,WP-02,RBWI-02,"CA-04,CA-05,CA-06",SPEC-010,ACC-010,UNBOUND_PENDING_WAVE_03_PLUS,"`TST-031, TST-032, TST-050` / `GATE-02`",EvidenceEnvelope + source-bound positive/negative/boundary/adversarial receipts,COMPILED_NOT_IMPLEMENTED
SQS-REQ-005,P0,`SQS direct source example`,DOC-04#DOC-04-H01,WP-03,RBWI-03,"CA-02,CA-07,CA-22",SPEC-014,ACC-014,UNBOUND_PENDING_WAVE_03_PLUS,"`TST-019, TST-002, TST-009` / `GATE-14`",EvidenceEnvelope + source-bound positive/negative/boundary/adversarial receipts,COMPILED_NOT_IMPLEMENTED
SQS-REQ-006,P0,`SQS direct source example`,DOC-04#DOC-04-H01,WP-03,RBWI-03,"CA-02,CA-07,CA-22",SPEC-014,ACC-014,UNBOUND_PENDING_WAVE_03_PLUS,"`TST-031, TST-032` / `GATE-14`",EvidenceEnvelope + source-bound positive/negative/boundary/adversarial receipts,COMPILED_NOT_IMPLEMENTED
SQS-REQ-007,P0,`台股技術分析 source example`,DOC-04#DOC-04-H01,WP-03,RBWI-03,"CA-02,CA-07,CA-22",SPEC-014,ACC-014,UNBOUND_PENDING_WAVE_03_PLUS,`TST-020` / `GATE-14`,EvidenceEnvelope + source-bound positive/negative/boundary/adversarial receipts,COMPILED_NOT_IMPLEMENTED
SQS-REQ-008,P0,`台股技術分析 source example`,DOC-00#DOC-00-H09,"WP-00,WP-23","RBWI-00,RBWI-15,RBWI-16","CA-01,CA-02,CA-05,CA-25,CA-26,CA-27,CA-29,CA-30",SPEC-003,ACC-003,UNBOUND_PENDING_WAVE_03_PLUS,"`TST-002, TST-048` / `GATE-00`",EvidenceEnvelope + source-bound positive/negative/boundary/adversarial receipts,COMPILED_NOT_IMPLEMENTED
SQS-REQ-009,P0,`工程合成；STD-15/17`,DOC-04#DOC-04-H01,WP-03,RBWI-03,"CA-02,CA-07,CA-22",SPEC-014,ACC-014,UNBOUND_PENDING_WAVE_03_PLUS,`TST-049` / `GATE-14`,EvidenceEnvelope + source-bound positive/negative/boundary/adversarial receipts,COMPILED_NOT_IMPLEMENTED
SQS-REQ-010,P0,`Backtest Evidence＋Evidence contract`,DOC-04#DOC-04-H01,WP-03,RBWI-03,"CA-02,CA-07,CA-22",SPEC-014,ACC-014,UNBOUND_PENDING_WAVE_03_PLUS,`TST-005` / `GATE-14`,EvidenceEnvelope + source-bound positive/negative/boundary/adversarial receipts,COMPILED_NOT_IMPLEMENTED
SQS-REQ-011,P0,`SQS direct source example`,DOC-04#DOC-04-H01,WP-03,RBWI-03,"CA-02,CA-07,CA-22",SPEC-014,ACC-014,UNBOUND_PENDING_WAVE_03_PLUS,`TST-002` / `GATE-14`,EvidenceEnvelope + source-bound positive/negative/boundary/adversarial receipts,COMPILED_NOT_IMPLEMENTED
SQS-REQ-012,P0,`SQS direct source example`,DOC-04#DOC-04-H01,WP-03,RBWI-03,"CA-02,CA-07,CA-22",SPEC-017,ACC-017,UNBOUND_PENDING_WAVE_03_PLUS,"`TST-032, TST-041, TST-047` / `GATE-14`",EvidenceEnvelope + source-bound positive/negative/boundary/adversarial receipts,COMPILED_NOT_IMPLEMENTED
SQS-REQ-013,P0,`SQS direct source example`,DOC-00#DOC-00-H01,"WP-00,WP-23","RBWI-00,RBWI-15,RBWI-16","CA-01,CA-02,CA-05,CA-25,CA-26,CA-27,CA-29,CA-30",SPEC-001,ACC-001,UNBOUND_PENDING_WAVE_03_PLUS,"`TST-005, TST-011` / `GATE-00`",EvidenceEnvelope + source-bound positive/negative/boundary/adversarial receipts,COMPILED_NOT_IMPLEMENTED
SQS-REQ-014,P0,`KP03/KP15 experiment rules`,DOC-04#DOC-04-H01,WP-03,RBWI-03,"CA-02,CA-07,CA-22",SPEC-016,ACC-016,UNBOUND_PENDING_WAVE_03_PLUS,`TST-003` / `GATE-14`,EvidenceEnvelope + source-bound positive/negative/boundary/adversarial receipts,COMPILED_NOT_IMPLEMENTED
SQS-REQ-015,P0,`工程合成＋Artifact Contract`,DOC-04#DOC-04-H01,WP-03,RBWI-03,"CA-02,CA-07,CA-22",SPEC-014,ACC-014,UNBOUND_PENDING_WAVE_03_PLUS,"`TST-002, TST-005, TST-011` / `GATE-14`",EvidenceEnvelope + source-bound positive/negative/boundary/adversarial receipts,COMPILED_NOT_IMPLEMENTED
SQS-REQ-016,P0,`COV-03/07/17/18`,DOC-16#DOC-16-H05,WP-13,RBWI-07,"CA-15,CA-16,CA-23,CA-27",SPEC-055,ACC-055,UNBOUND_PENDING_WAVE_03_PLUS,"`TST-037, TST-038` / `GATE-12`",EvidenceEnvelope + source-bound positive/negative/boundary/adversarial receipts,COMPILED_NOT_IMPLEMENTED
SQS-REQ-017,P0,`COV-15/16/18`,DOC-00#DOC-00-H01,"WP-00,WP-23","RBWI-00,RBWI-15,RBWI-16","CA-01,CA-02,CA-05,CA-25,CA-26,CA-27,CA-29,CA-30",SPEC-093,ACC-093,UNBOUND_PENDING_WAVE_03_PLUS,"`TST-005, TST-029, TST-039` / `GATE-00`",EvidenceEnvelope + source-bound positive/negative/boundary/adversarial receipts,COMPILED_NOT_IMPLEMENTED
SQS-REQ-018,P0,`SQS direct source example`,DOC-04#DOC-04-H01,WP-03,RBWI-03,"CA-02,CA-07,CA-22",SPEC-017,ACC-017,UNBOUND_PENDING_WAVE_03_PLUS,`TST-028` / `GATE-14`,EvidenceEnvelope + source-bound positive/negative/boundary/adversarial receipts,COMPILED_NOT_IMPLEMENTED
SQS-REQ-019,P0,`工程合成；Gate Calibration risk`,DOC-04#DOC-04-H01,WP-03,RBWI-03,"CA-02,CA-07,CA-22",SPEC-017,ACC-017,UNBOUND_PENDING_WAVE_03_PLUS,`TST-020` / `GATE-14`,EvidenceEnvelope + source-bound positive/negative/boundary/adversarial receipts,COMPILED_NOT_IMPLEMENTED
SQS-REQ-020,P0,`Session/Liquidity＋risk/eval synthesis`,DOC-04#DOC-04-H01,WP-03,RBWI-03,"CA-02,CA-07,CA-22",SPEC-014,ACC-014,UNBOUND_PENDING_WAVE_03_PLUS,"`TST-001, TST-004` / `GATE-14`",EvidenceEnvelope + source-bound positive/negative/boundary/adversarial receipts,COMPILED_NOT_IMPLEMENTED
SQS-REQ-021,P0,`Risk Disclosure＋KP03-R05`,DOC-04#DOC-04-H01,WP-03,RBWI-03,"CA-02,CA-07,CA-22",SPEC-014,ACC-014,UNBOUND_PENDING_WAVE_03_PLUS,"`TST-006, TST-007, TST-008` / `GATE-01`",EvidenceEnvelope + source-bound positive/negative/boundary/adversarial receipts,COMPILED_NOT_IMPLEMENTED
SQS-REQ-022,P0,`SQS direct source example`,DOC-04#DOC-04-H01,WP-03,RBWI-03,"CA-02,CA-07,CA-22",SPEC-015,ACC-015,UNBOUND_PENDING_WAVE_03_PLUS,"`TST-031, TST-032` / `GATE-14`",EvidenceEnvelope + source-bound positive/negative/boundary/adversarial receipts,COMPILED_NOT_IMPLEMENTED
SQS-REQ-023,P0,`SQS direct source example`,DOC-00#DOC-00-H01,"WP-00,WP-23","RBWI-00,RBWI-15,RBWI-16","CA-01,CA-02,CA-05,CA-25,CA-26,CA-27,CA-29,CA-30",SPEC-001,ACC-001,UNBOUND_PENDING_WAVE_03_PLUS,"`TST-001, TST-004` / `GATE-00`",EvidenceEnvelope + source-bound positive/negative/boundary/adversarial receipts,COMPILED_NOT_IMPLEMENTED
SQS-REQ-024,P0,`COV-17/19/21 engineering synthesis`,DOC-04#DOC-04-H01,WP-03,RBWI-03,"CA-02,CA-07,CA-22",SPEC-014,ACC-014,UNBOUND_PENDING_WAVE_03_PLUS,"`TST-032, TST-048, TST-015` / `GATE-14`",EvidenceEnvelope + source-bound positive/negative/boundary/adversarial receipts,COMPILED_NOT_IMPLEMENTED
SQS-REQ-025,P0,`KP08/KP11＋SQS execution need`,DOC-00#DOC-00-H01,"WP-00,WP-23","RBWI-00,RBWI-15,RBWI-16","CA-01,CA-02,CA-05,CA-25,CA-26,CA-27,CA-29,CA-30",SPEC-001,ACC-001,UNBOUND_PENDING_WAVE_03_PLUS,"`TST-033, TST-011, TST-049` / `GATE-03`",EvidenceEnvelope + source-bound positive/negative/boundary/adversarial receipts,COMPILED_NOT_IMPLEMENTED
SQS-REQ-026,P0,`State machine engineering synthesis`,DOC-04#DOC-04-H01,WP-03,RBWI-03,"CA-02,CA-07,CA-22",SPEC-014,ACC-014,UNBOUND_PENDING_WAVE_03_PLUS,"`TST-006, TST-012, TST-045` / `GATE-01`",EvidenceEnvelope + source-bound positive/negative/boundary/adversarial receipts,COMPILED_NOT_IMPLEMENTED
SQS-REQ-027,P0,`KP11/KP13＋risk synthesis`,DOC-27#DOC-27-H01,WP-23,RBWI-16,"CA-25,CA-26,CA-29,CA-30",SPEC-095,ACC-095,UNBOUND_PENDING_WAVE_03_PLUS,"`TST-041, TST-015, TST-050` / `GATE-19`",EvidenceEnvelope + source-bound positive/negative/boundary/adversarial receipts,COMPILED_NOT_IMPLEMENTED
SQS-REQ-028,P0,`KP10-R04；COV-18`,DOC-04#DOC-04-H01,WP-03,RBWI-03,"CA-02,CA-07,CA-22",SPEC-017,ACC-017,UNBOUND_PENDING_WAVE_03_PLUS,"`TST-028, TST-048` / `GATE-14`",EvidenceEnvelope + source-bound positive/negative/boundary/adversarial receipts,COMPILED_NOT_IMPLEMENTED
SQS-REQ-029,P0,`COV-18；MOD-21`,DOC-04#DOC-04-H01,WP-03,RBWI-03,"CA-02,CA-07,CA-22",SPEC-015,ACC-015,UNBOUND_PENDING_WAVE_03_PLUS,"`TST-008, TST-032, TST-042` / `GATE-14`",EvidenceEnvelope + source-bound positive/negative/boundary/adversarial receipts,COMPILED_NOT_IMPLEMENTED
SQS-REQ-030,P0,`Backtest Evidence＋Evidence Standard`,DOC-00#DOC-00-H04,"WP-00,WP-23","RBWI-00,RBWI-15,RBWI-16","CA-01,CA-02,CA-05,CA-25,CA-26,CA-27,CA-29,CA-30",SPEC-095,ACC-095,UNBOUND_PENDING_WAVE_03_PLUS,"`TST-005, TST-011, TST-041` / `GATE-00`",EvidenceEnvelope + source-bound positive/negative/boundary/adversarial receipts,COMPILED_NOT_IMPLEMENTED
SQS-REQ-031,P0,`KP11；Harness/Recovery`,DOC-00#DOC-00-H01,"WP-00,WP-23","RBWI-00,RBWI-15,RBWI-16","CA-01,CA-02,CA-05,CA-25,CA-26,CA-27,CA-29,CA-30",SPEC-001,ACC-001,UNBOUND_PENDING_WAVE_03_PLUS,"`TST-037, TST-043` / `GATE-03`",EvidenceEnvelope + source-bound positive/negative/boundary/adversarial receipts,COMPILED_NOT_IMPLEMENTED
SQS-REQ-032,P0,`KP01/KP12/KP13`,DOC-04#DOC-04-H01,WP-03,RBWI-03,"CA-02,CA-07,CA-22",SPEC-014,ACC-014,UNBOUND_PENDING_WAVE_03_PLUS,`TST-050` / `GATE-14`,EvidenceEnvelope + source-bound positive/negative/boundary/adversarial receipts,COMPILED_NOT_IMPLEMENTED
SQS-REQ-033,P0,`HG-KSEOS Domain Factory source example`,DOC-18#DOC-18-H01,WP-15,RBWI-09,"CA-10,CA-17,CA-21,CA-22",SPEC-030,ACC-030,UNBOUND_PENDING_WAVE_03_PLUS,"`TST-027, TST-011, TST-017` / `GATE-09`",EvidenceEnvelope + source-bound positive/negative/boundary/adversarial receipts,COMPILED_NOT_IMPLEMENTED
SQS-REQ-034,P0,`HG-KSEOS Domain Factory source example＋KP09`,DOC-16#DOC-16-H01,WP-13,RBWI-07,"CA-15,CA-16,CA-23,CA-27",SPEC-057,ACC-057,UNBOUND_PENDING_WAVE_03_PLUS,"`TST-012, TST-037, TST-042` / `GATE-12`",EvidenceEnvelope + source-bound positive/negative/boundary/adversarial receipts,COMPILED_NOT_IMPLEMENTED
SQS-REQ-035,P0,`本輪 source scan`,DOC-04#DOC-04-H01,WP-03,RBWI-03,"CA-02,CA-07,CA-22",SPEC-014,ACC-014,UNBOUND_PENDING_WAVE_03_PLUS,"`TST-002, TST-031, TST-032` / `GATE-14`",EvidenceEnvelope + source-bound positive/negative/boundary/adversarial receipts,COMPILED_NOT_IMPLEMENTED
SQS-REQ-036,P0,`KP13/KP14`,DOC-04#DOC-04-H01,WP-03,RBWI-03,"CA-02,CA-07,CA-22",SPEC-017,ACC-017,UNBOUND_PENDING_WAVE_03_PLUS,"`TST-037, TST-009, TST-031` / `GATE-14`",EvidenceEnvelope + source-bound positive/negative/boundary/adversarial receipts,COMPILED_NOT_IMPLEMENTED
